tau,clarabel,ecos,gurobi,mosek,qoco,qoco_custom
1.0,0.0,0.0,0.0,0.0,0.0,1.0
1.0046204213468128,0.0,0.0,0.0,0.0,0.0,1.0
1.0092621909870476,0.0,0.0,0.0,0.0,0.0,1.0
1.013925407558815,0.0,0.0,0.0,0.0,0.0,1.0
1.0186101701559758,0.0,0.0,0.0,0.0,0.0,1.0
1.023316578330245,0.0,0.0,0.0,0.0,0.0,1.0
1.0280447320933093,0.0,0.0,0.0,0.0,0.0,1.0
1.0327947319189517,0.0,0.0,0.0,0.0,0.0,1.0
1.0375666787451858,0.0,0.0,0.0,0.0,0.0,1.0
1.0423606739764015,0.0,0.0,0.0,0.0,0.0,1.0
1.0471768194855202,0.0,0.0,0.0,0.0,0.0,1.0
1.0520152176161586,0.0,0.0,0.0,0.0,0.0,1.0
1.0568759711848041,0.0,0.0,0.0,0.0,0.0,1.0
1.0617591834829998,0.0,0.0,0.0,0.0,0.0,1.0
1.0666649582795393,0.0,0.0,0.0,0.0,0.0,1.0
1.0715933998226712,0.0,0.0,0.0,0.0,0.0,1.0
1.0765446128423155,0.0,0.0,0.0,0.0,0.0,1.0
1.0815187025522883,0.0,0.0,0.0,0.0,0.0,1.0
1.0865157746525382,0.0,0.0,0.0,0.0,0.0,1.0
1.0915359353313916,0.0,0.0,0.0,0.0,0.0,1.0
1.0965792912678098,0.0,0.0,0.0,0.0,0.0,1.0
1.1016459496336566,0.0,0.0,0.0,0.0,0.0,1.0
1.1067360180959736,0.0,0.0,0.0,0.0,0.0,1.0
1.1118496048192708,0.0,0.0,0.0,0.0,0.0,1.0
1.116986818467823,0.0,0.0,0.0,0.0,0.002,1.0
1.1221477682079803,0.0,0.0,0.0,0.0,0.004,1.0
1.1273325637104867,0.0,0.0,0.0,0.0,0.004,1.0
1.1325413151528119,0.0,0.0,0.0,0.0,0.004,1.0
1.1377741332214912,0.0,0.0,0.0,0.0,0.004,1.0
1.1430311291144792,0.0,0.0,0.0,0.0,0.004,1.0
1.148312414543511,0.0,0.0,0.0,0.0,0.004,1.0
1.1536181017364782,0.0,0.0,0.0,0.0,0.004,1.0
1.158948303439811,0.0,0.0,0.0,0.0,0.004,1.0
1.1643031329208766,0.0,0.0,0.0,0.0,0.004,1.0
1.1696827039703852,0.0,0.0,0.0,0.0,0.004,1.0
1.1750871309048077,0.0,0.0,0.0,0.0,0.004,1.0
1.180516528568805,0.0,0.0,0.0,0.0,0.004,1.0
1.1859710123376697,0.0,0.0,0.0,0.0,0.004,1.0
1.1914506981197759,0.0,0.0,0.0,0.0,0.004,1.0
1.1969557023590434,0.0,0.0,0.0,0.0,0.008,1.0
1.2024861420374122,0.0,0.0,0.0,0.0,0.008,1.0
1.2080421346773285,0.0,0.0,0.0,0.0,0.008,1.0
1.2136237983442408,0.0,0.0,0.0,0.0,0.008,1.0
1.2192312516491106,0.0,0.0,0.0,0.0,0.008,1.0
1.2248646137509314,0.0,0.0,0.0,0.0,0.008,1.0
1.2305240043592616,0.0,0.0,0.0,0.0,0.008,1.0
1.2362095437367686,0.0,0.0,0.0,0.0,0.008,1.0
1.2419213527017836,0.0,0.0,0.0,0.0,0.008,1.0
1.2476595526308696,0.0,0.0,0.0,0.0,0.008,1.0
1.2534242654614,0.0,0.0,0.0,0.0,0.008,1.0
1.259215613694151,0.0,0.0,0.0,0.0,0.008,1.0
1.2650337203959034,0.0,0.0,0.0,0.0,0.008,1.0
1.2708787092020586,0.0,0.0,0.0,0.0,0.01,1.0
1.2767507043192656,0.0,0.0,0.0,0.0,0.01,1.0
1.2826498305280605,0.0,0.0,0.0,0.0,0.01,1.0
1.288576213185518,0.0,0.0,0.0,0.0,0.01,1.0
1.2945299782279156,0.0,0.0,0.0,0.0,0.01,1.0
1.3005112521734088,0.0,0.002,0.0,0.0,0.01,1.0
1.306520162124721,0.0,0.002,0.0,0.0,0.01,1.0
1.3125568357718433,0.0,0.002,0.0,0.0,0.01,1.0
1.3186214013947486,0.0,0.002,0.0,0.0,0.01,1.0
1.324713987866117,0.0,0.002,0.0,0.0,0.01,1.0
1.330834724654075,0.0,0.002,0.0,0.0,0.01,1.0
1.3369837418249464,0.0,0.002,0.0,0.0,0.01,1.0
1.343161170046016,0.0,0.002,0.0,0.0,0.01,1.0
1.3493671405883065,0.0,0.002,0.0,0.0,0.01,1.0
1.3556017853293685,0.0,0.002,0.0,0.0,0.01,1.0
1.3618652367560817,0.0,0.002,0.0,0.0,0.012,1.0
1.3681576279674716,0.0,0.002,0.0,0.0,0.012,1.0
1.3744790926775374,0.0,0.002,0.0,0.0,0.012,1.0
1.3808297652180925,0.0,0.002,0.0,0.0,0.012,1.0
1.3872097805416206,0.0,0.002,0.0,0.0,0.012,1.0
1.3936192742241424,0.0,0.002,0.0,0.0,0.012,1.0
1.4000583824680974,0.0,0.002,0.0,0.0,0.014,1.0
1.406527242105237,0.0,0.002,0.0,0.0,0.016,1.0
1.413025990599534,0.0,0.002,0.0,0.0,0.016,1.0
1.4195547660501011,0.0,0.002,0.0,0.0,0.016,1.0
1.4261137071941288,0.0,0.002,0.0,0.0,0.016,1.0
1.4327029534098308,0.0,0.002,0.0,0.0,0.016,1.0
1.4393226447194072,0.0,0.002,0.0,0.0,0.016,1.0
1.4459729217920199,0.0,0.002,0.0,0.0,0.018,1.0
1.4526539259467808,0.0,0.002,0.0,0.0,0.018,1.0
1.4593657991557567,0.0,0.002,0.0,0.0,0.018,1.0
1.4661086840469844,0.0,0.002,0.0,0.0,0.02,1.0
1.4728827239075026,0.0,0.002,0.0,0.0,0.02,1.0
1.4796880626863964,0.0,0.002,0.0,0.0,0.02,1.0
1.4865248449978568,0.0,0.002,0.0,0.0,0.022,1.0
1.4933932161242522,0.0,0.002,0.0,0.0,0.024,1.0
1.500293322019218,0.0,0.002,0.0,0.0,0.024,1.0
1.5072253093107564,0.0,0.002,0.0,0.0,0.026,1.0
1.5141893253043521,0.0,0.002,0.0,0.0,0.03,1.0
1.5211855179861045,0.0,0.002,0.0,0.0,0.032,1.0
1.5282140360258698,0.002,0.002,0.0,0.0,0.032,1.0
1.5352750287804227,0.002,0.002,0.0,0.0,0.032,1.0
1.5423686462966282,0.002,0.002,0.0,0.0,0.032,1.0
1.5494950393146318,0.002,0.002,0.0,0.0,0.032,1.0
1.5566543592710615,0.002,0.002,0.0,0.0,0.032,1.0
1.5638467583022468,0.002,0.002,0.0,0.0,0.032,1.0
1.5710723892474503,0.002,0.002,0.0,0.0,0.032,1.0
1.5783314056521174,0.002,0.002,0.0,0.0,0.034,1.0
1.5856239617711374,0.002,0.002,0.0,0.0,0.036,1.0
1.5929502125721224,0.004,0.002,0.0,0.0,0.038,1.0
1.6003103137387007,0.004,0.002,0.0,0.0,0.044,1.0
1.6077044216738234,0.004,0.002,0.0,0.0,0.044,1.0
1.6151326935030905,0.004,0.002,0.0,0.0,0.044,1.0
1.6225952870780875,0.004,0.002,0.0,0.0,0.046,1.0
1.6300923609797406,0.004,0.002,0.0,0.0,0.046,1.0
1.637624074521688,0.004,0.002,0.0,0.0,0.05,1.0
1.6451905877536623,0.004,0.002,0.0,0.0,0.05,1.0
1.6527920614648948,0.004,0.002,0.0,0.0,0.052,1.0
1.66042865718753,0.004,0.002,0.0,0.0,0.052,1.0
1.6681005372000586,0.004,0.002,0.0,0.0,0.052,1.0
1.6758078645307677,0.004,0.002,0.0,0.0,0.058,1.0
1.6835508029612023,0.006,0.002,0.0,0.0,0.06,1.0
1.691329517029648,0.006,0.002,0.0,0.0,0.06,1.0
1.6991441720346263,0.006,0.002,0.0,0.0,0.064,1.0
1.7069949340384074,0.006,0.002,0.0,0.0,0.068,1.0
1.7148819698705398,0.006,0.002,0.0,0.0,0.074,1.0
1.722805447131394,0.008,0.002,0.0,0.0,0.076,1.0
1.730765534195725,0.008,0.002,0.0,0.0,0.082,1.0
1.7387624002162507,0.008,0.002,0.0,0.0,0.086,1.0
1.7467962151272454,0.008,0.002,0.0,0.0,0.092,1.0
1.754867149648151,0.01,0.002,0.0,0.0,0.092,1.0
1.7629753752872057,0.01,0.002,0.0,0.0,0.094,1.0
1.7711210643450879,0.01,0.002,0.0,0.0,0.1,1.0
1.7793043899185779,0.01,0.002,0.0,0.0,0.102,1.0
1.787525525904235,0.014,0.002,0.0,0.0,0.11,1.0
1.7957846470020957,0.014,0.002,0.0,0.0,0.11,1.0
1.8040819287193828,0.014,0.002,0.0,0.0,0.116,1.0
1.812417547374237,0.014,0.002,0.0,0.0,0.122,1.0
1.8207916800994628,0.014,0.002,0.0,0.0,0.124,1.0
1.8292045048462933,0.014,0.002,0.0,0.0,0.128,1.0
1.8376562003881711,0.016,0.002,0.0,0.0,0.136,1.0
1.8461469463245477,0.016,0.002,0.0,0.0,0.14,1.0
1.8546769230846987,0.016,0.002,0.0,0.0,0.146,1.0
1.8632463119315603,0.016,0.002,0.0,0.0,0.15,1.0
1.8718552949655787,0.018,0.002,0.0,0.0,0.158,1.0
1.8805040551285823,0.02,0.002,0.002,0.0,0.168,1.0
1.8891927762076663,0.022,0.002,0.002,0.0,0.178,1.0
1.8979216428391006,0.022,0.002,0.002,0.0,0.18,1.0
1.9066908405122525,0.022,0.002,0.002,0.0,0.184,1.0
1.9155005555735276,0.022,0.002,0.002,0.0,0.184,1.0
1.924350975230331,0.022,0.004,0.002,0.0,0.188,1.0
1.9332422875550452,0.022,0.004,0.002,0.0,0.19,1.0
1.9421746814890257,0.022,0.006,0.002,0.0,0.198,1.0
1.9511483468466169,0.024,0.008,0.002,0.0,0.204,1.0
1.9601634743191854,0.024,0.008,0.002,0.0,0.218,1.0
1.9692202554791722,0.024,0.008,0.002,0.0,0.228,1.0
1.9783188827841642,0.024,0.008,0.002,0.0,0.234,1.0
1.987459549580983,0.024,0.008,0.002,0.0,0.236,1.0
1.996642450109794,0.024,0.008,0.002,0.0,0.244,1.0
2.005867779508234,0.024,0.008,0.002,0.0,0.248,1.0
2.0151357338155576,0.024,0.008,0.002,0.0,0.26,1.0
2.0244465099768036,0.024,0.008,0.002,0.0,0.266,1.0
2.0338003058469813,0.024,0.008,0.002,0.0,0.278,1.0
2.043197320195271,0.024,0.008,0.002,0.0,0.282,1.0
2.052637752709252,0.026,0.008,0.002,0.0,0.29,1.0
2.0621218039991436,0.026,0.01,0.002,0.0,0.296,1.0
2.071649675602069,0.026,0.012,0.002,0.0,0.302,1.0
2.0812215699863383,0.026,0.012,0.002,0.0,0.314,1.0
2.0908376905557504,0.026,0.012,0.002,0.0,0.326,1.0
2.100498241653915,0.026,0.016,0.002,0.0,0.336,1.0
2.1102034285685956,0.026,0.018,0.002,0.0,0.35,1.0
2.119953457536071,0.028,0.02,0.002,0.0,0.358,1.0
2.12974853574552,0.028,0.024,0.002,0.0,0.368,1.0
2.139588871343422,0.028,0.026,0.002,0.0,0.37,1.0
2.14947467343798,0.028,0.028,0.002,0.0,0.382,1.0
2.1594061521035663,0.03,0.028,0.002,0.0,0.386,1.0
2.1693835183851844,0.03,0.032,0.002,0.0,0.388,1.0
2.179406984302955,0.032,0.036,0.002,0.0,0.394,1.0
2.1894767628566214,0.032,0.036,0.002,0.0,0.398,1.0
2.1995930680300746,0.032,0.04,0.002,0.0,0.408,1.0
2.209756114795902,0.034,0.04,0.002,0.0,0.414,1.0
2.219966119119955,0.034,0.044,0.004,0.0,0.414,1.0
2.2302232979659378,0.034,0.046,0.004,0.0,0.416,1.0
2.240527869300019,0.036,0.054,0.004,0.0,0.434,1.0
2.2508800520954613,0.036,0.056,0.004,0.0,0.446,1.0
2.2612800663372785,0.036,0.06,0.004,0.0,0.458,1.0
2.2717281330269055,0.036,0.06,0.004,0.0,0.472,1.0
2.2822244741868976,0.036,0.06,0.004,0.0,0.484,1.0
2.2927693128656492,0.038,0.066,0.004,0.0,0.488,1.0
2.303362873142131,0.038,0.068,0.006,0.0,0.5,1.0
2.314005380130653,0.038,0.072,0.006,0.0,0.504,1.0
2.324697059985648,0.044,0.074,0.006,0.0,0.52,1.0
2.3354381399064787,0.046,0.082,0.008,0.0,0.524,1.0
2.346228848142263,0.05,0.082,0.008,0.0,0.53,1.0
2.3570694139967276,0.05,0.086,0.01,0.0,0.536,1.0
2.3679600678330774,0.052,0.09,0.01,0.0,0.544,1.0
2.3789010410788936,0.054,0.094,0.012,0.0,0.558,1.0
2.3898925662310497,0.054,0.096,0.012,0.0,0.566,1.0
2.4009348768606524,0.056,0.098,0.012,0.0,0.574,1.0
2.4120282076180066,0.058,0.098,0.012,0.0,0.588,1.0
2.4231727942375993,0.058,0.104,0.012,0.0,0.594,1.0
2.434368873543111,0.058,0.104,0.012,0.0,0.602,1.0
2.445616683452446,0.06,0.11,0.012,0.0,0.604,1.0
2.456916462982791,0.062,0.11,0.012,0.0,0.612,1.0
2.468268452255692,0.062,0.112,0.012,0.0,0.618,1.0
2.4796728925021587,0.064,0.114,0.012,0.0,0.63,1.0
2.491130026067789,0.064,0.114,0.014,0.0,0.644,1.0
2.5026400964179185,0.064,0.116,0.016,0.0,0.644,1.0
2.514203348142797,0.064,0.116,0.016,0.0,0.646,1.0
2.5258200269627844,0.068,0.116,0.016,0.0,0.66,1.0
2.5374903797335704,0.072,0.118,0.016,0.0,0.674,1.0
2.5492146544514234,0.074,0.12,0.016,0.0,0.674,1.0
2.5609931002584587,0.076,0.122,0.018,0.0,0.676,1.0
2.5728259674479332,0.08,0.122,0.018,0.0,0.68,1.0
2.5847135074695635,0.084,0.124,0.018,0.0,0.688,1.0
2.596655972934871,0.088,0.124,0.018,0.0,0.7,1.0
2.608653617622548,0.09,0.124,0.02,0.0,0.71,1.0
2.6207066964838517,0.094,0.124,0.02,0.0,0.712,1.0
2.632815465648021,0.104,0.124,0.02,0.0,0.716,1.0
2.6449801824277195,0.106,0.124,0.02,0.0,0.72,1.0
2.6572011053245053,0.106,0.124,0.02,0.0,0.724,1.0
2.6694784940343212,0.108,0.124,0.02,0.0,0.734,1.0
2.681812609453015,0.114,0.126,0.02,0.0,0.74,1.0
2.6942037136818833,0.118,0.126,0.02,0.0,0.75,1.0
2.7066520700332415,0.128,0.126,0.02,0.0,0.752,1.0
2.7191579430360173,0.13,0.126,0.022,0.0,0.754,1.0
2.7317215984413767,0.132,0.126,0.022,0.0,0.758,1.0
2.744343303228365,0.136,0.126,0.022,0.0,0.762,1.0
2.7570233256095835,0.142,0.126,0.022,0.0,0.762,1.0
2.769761935036891,0.146,0.126,0.022,0.0,0.768,1.0
2.7825594022071245,0.154,0.126,0.028,0.0,0.768,1.0
2.7954159990678566,0.164,0.126,0.028,0.0,0.77,1.0
2.8083319988231716,0.166,0.126,0.03,0.0,0.774,1.0
2.821307675939472,0.17,0.126,0.032,0.0,0.774,1.0
2.8343433061513092,0.17,0.126,0.032,0.0,0.778,1.0
2.8474391664672463,0.174,0.126,0.034,0.0,0.782,1.0
2.8605955351757424,0.178,0.128,0.034,0.0,0.784,1.0
2.8738126918510654,0.178,0.13,0.034,0.0,0.784,1.0
2.887090917359236,0.18,0.13,0.034,0.0,0.79,1.0
2.9004304938639915,0.184,0.13,0.034,0.0,0.792,1.0
2.9138317048327873,0.19,0.132,0.036,0.0,0.792,1.0
2.9272948350428165,0.196,0.132,0.036,0.0,0.796,1.0
2.940820170587063,0.204,0.132,0.04,0.0,0.796,1.0
2.954407998880381,0.204,0.136,0.04,0.0,0.796,1.0
2.9680586086656024,0.212,0.136,0.04,0.0,0.8,1.0
2.981772290019672,0.23,0.136,0.04,0.0,0.8,1.0
2.9955493343598136,0.232,0.136,0.042,0.0,0.802,1.0
3.00939003444972,0.238,0.136,0.042,0.0,0.802,1.0
3.0232946844057773,0.238,0.136,0.042,0.0,0.804,1.0
3.0372635797033114,0.244,0.136,0.044,0.0,0.804,1.0
3.0512970171828697,0.256,0.138,0.044,0.0,0.804,1.0
3.0653952950565273,0.266,0.138,0.046,0.0,0.804,1.0
3.079558712914226,0.27,0.138,0.046,0.0,0.804,1.0
3.0937875717301377,0.282,0.138,0.048,0.0,0.804,1.0
3.108082173869064,0.29,0.138,0.05,0.0,0.804,1.0
3.1224428230928565,0.292,0.138,0.05,0.0,0.806,1.0
3.1368698245668774,0.304,0.138,0.052,0.0,0.806,1.0
3.1513634848664784,0.314,0.138,0.054,0.0,0.806,1.0
3.1659241119835224,0.318,0.138,0.054,0.0,0.806,1.0
3.18055201533292,0.32,0.138,0.056,0.0,0.808,1.0
3.195247505759212,0.328,0.138,0.058,0.0,0.808,1.0
3.2100108955431725,0.332,0.138,0.058,0.0,0.808,1.0
3.2248424984084414,0.334,0.138,0.058,0.0,0.808,1.0
3.2397426295281972,0.344,0.138,0.058,0.0,0.808,1.0
3.254711605531848,0.344,0.138,0.06,0.0,0.81,1.0
3.269749744511766,0.344,0.138,0.064,0.0,0.81,1.0
3.2848573660300446,0.354,0.138,0.064,0.0,0.81,1.0
3.3000347911252845,0.354,0.138,0.066,0.0,0.812,1.0
3.315282342319425,0.366,0.14,0.066,0.0,0.814,1.0
3.330600343624589,0.37,0.14,0.07,0.0,0.818,1.0
3.345989120549973,0.38,0.144,0.072,0.0,0.818,1.0
3.361449000108766,0.396,0.144,0.072,0.0,0.818,1.0
3.3769803108250906,0.4,0.144,0.074,0.0,0.82,1.0
3.3925833827409937,0.416,0.144,0.078,0.0,0.82,1.0
3.408258547423452,0.422,0.144,0.08,0.0,0.82,1.0
3.424006137971424,0.434,0.144,0.084,0.0,0.82,1.0
3.4398264890229253,0.44,0.144,0.088,0.002,0.822,1.0
3.4557199367621387,0.452,0.146,0.088,0.002,0.822,1.0
3.4716868189265613,0.46,0.146,0.092,0.002,0.822,1.0
3.4877274748141773,0.466,0.146,0.098,0.002,0.83,1.0
3.503842245290674,0.468,0.146,0.108,0.002,0.83,1.0
3.52003147279668,0.49,0.146,0.112,0.002,0.83,1.0
3.536295501355042,0.496,0.146,0.116,0.002,0.832,1.0
3.5526346765781414,0.502,0.146,0.118,0.002,0.832,1.0
3.5690493456752295,0.51,0.146,0.124,0.002,0.832,1.0
3.585539857459816,0.518,0.146,0.124,0.002,0.832,1.0
3.6021065623570707,0.526,0.146,0.124,0.002,0.832,1.0
3.6187498124112794,0.538,0.146,0.126,0.002,0.838,1.0
3.6354699612933197,0.548,0.146,0.128,0.002,0.84,1.0
3.6522673643081753,0.554,0.146,0.13,0.002,0.842,1.0
3.669142378402493,0.554,0.146,0.132,0.002,0.842,1.0
3.686095362172159,0.554,0.146,0.136,0.002,0.844,1.0
3.703126675869926,0.56,0.146,0.138,0.002,0.848,1.0
3.7202366814130676,0.562,0.146,0.14,0.002,0.85,1.0
3.737425742391064,0.574,0.146,0.144,0.002,0.854,1.0
3.7546942240733356,0.582,0.146,0.15,0.002,0.858,1.0
3.7720424934169983,0.586,0.146,0.154,0.002,0.858,1.0
3.7894709190746667,0.6,0.146,0.154,0.002,0.858,1.0
3.806979871402286,0.608,0.146,0.158,0.002,0.86,1.0
3.824569722466999,0.616,0.146,0.16,0.002,0.862,1.0
3.84224084605506,0.63,0.146,0.162,0.002,0.862,1.0
3.859993617679768,0.63,0.146,0.162,0.002,0.862,1.0
3.877828414589456,0.634,0.146,0.164,0.002,0.864,1.0
3.895745615775503,0.64,0.146,0.166,0.002,0.864,1.0
3.913745601980384,0.65,0.146,0.168,0.002,0.864,1.0
3.9318287557057694,0.656,0.146,0.168,0.002,0.864,1.0
3.949995461220644,0.66,0.146,0.17,0.002,0.864,1.0
3.968246104569481,0.672,0.146,0.174,0.002,0.866,1.0
3.9865810735804406,0.674,0.146,0.176,0.002,0.866,1.0
4.005000757873611,0.678,0.146,0.176,0.002,0.866,1.0
4.023505548869292,0.688,0.146,0.18,0.002,0.866,1.0
4.042095839796307,0.696,0.146,0.182,0.002,0.868,1.0
4.060772025700365,0.702,0.146,0.182,0.002,0.868,1.0
4.079534503452451,0.706,0.146,0.182,0.002,0.868,1.0
4.0983836717572615,0.706,0.146,0.182,0.002,0.868,1.0
4.117319931161678,0.716,0.146,0.186,0.002,0.868,1.0
4.136343684063275,0.724,0.146,0.186,0.002,0.868,1.0
4.155455334718876,0.724,0.146,0.188,0.002,0.868,1.0
4.174655289253137,0.736,0.146,0.19,0.002,0.868,1.0
4.193943955667186,0.738,0.146,0.194,0.002,0.87,1.0
4.213321743847288,0.742,0.146,0.196,0.002,0.87,1.0
4.23278906557355,0.754,0.146,0.198,0.002,0.87,1.0
4.252346334528682,0.754,0.146,0.198,0.002,0.87,1.0
4.271993966306779,0.756,0.146,0.198,0.002,0.87,1.0
4.291732378422157,0.758,0.146,0.198,0.002,0.87,1.0
4.311561990318228,0.762,0.146,0.198,0.002,0.872,1.0
4.3314832233764,0.762,0.146,0.198,0.002,0.872,1.0
4.35149650092505,0.768,0.146,0.198,0.004,0.872,1.0
4.371602248248505,0.772,0.146,0.198,0.006,0.874,1.0
4.391800892596086,0.774,0.146,0.198,0.006,0.874,1.0
4.412092863191189,0.78,0.146,0.198,0.006,0.876,1.0
4.432478591240397,0.784,0.146,0.198,0.006,0.876,1.0
4.452958509942655,0.784,0.146,0.198,0.006,0.876,1.0
4.473533054498465,0.786,0.146,0.198,0.006,0.876,1.0
4.494202662119142,0.79,0.146,0.198,0.006,0.876,1.0
4.5149677720361,0.79,0.146,0.2,0.006,0.876,1.0
4.535828825510188,0.79,0.146,0.2,0.008,0.878,1.0
4.556786265841064,0.79,0.146,0.2,0.008,0.88,1.0
4.577840538376619,0.79,0.146,0.2,0.008,0.88,1.0
4.598992090522438,0.792,0.148,0.202,0.008,0.882,1.0
4.6202413717513116,0.794,0.148,0.202,0.008,0.882,1.0
4.641588833612778,0.798,0.148,0.202,0.008,0.882,1.0
4.663034929742731,0.798,0.148,0.202,0.008,0.886,1.0
4.684580115873048,0.802,0.148,0.202,0.008,0.888,1.0
4.7062248498412815,0.804,0.148,0.202,0.008,0.892,1.0
4.727969591600389,0.804,0.148,0.202,0.008,0.896,1.0
4.749814803228501,0.81,0.148,0.204,0.008,0.898,1.0
4.771760948938746,0.81,0.148,0.206,0.008,0.908,1.0
4.79380849508911,0.812,0.148,0.206,0.008,0.908,1.0
4.815957910192352,0.814,0.148,0.206,0.01,0.91,1.0
4.838209664925956,0.816,0.148,0.206,0.01,0.91,1.0
4.860564232142135,0.818,0.148,0.206,0.012,0.91,1.0
4.8830220868778795,0.82,0.148,0.206,0.012,0.912,1.0
4.905583706365048,0.82,0.148,0.206,0.012,0.914,1.0
4.9282495700405144,0.822,0.15,0.206,0.012,0.916,1.0
4.95102015955635,0.822,0.15,0.206,0.012,0.922,1.0
4.973895958790064,0.824,0.15,0.206,0.012,0.924,1.0
4.996877453854884,0.824,0.156,0.206,0.012,0.926,1.0
5.019965133110082,0.824,0.156,0.208,0.012,0.93,1.0
5.04315948717136,0.824,0.158,0.208,0.012,0.94,1.0
5.066461008921268,0.824,0.158,0.208,0.012,0.95,1.0
5.089870193519681,0.824,0.158,0.21,0.012,0.95,1.0
5.113387538414326,0.824,0.16,0.21,0.012,0.952,1.0
5.137013543351341,0.828,0.16,0.21,0.012,0.96,1.0
5.160748710385909,0.83,0.16,0.212,0.014,0.96,1.0
5.184593543892912,0.832,0.16,0.212,0.014,0.964,1.0
5.208548550577661,0.832,0.16,0.212,0.014,0.968,1.0
5.2326142394866615,0.836,0.162,0.212,0.014,0.97,1.0
5.256791122018422,0.84,0.164,0.212,0.014,0.974,1.0
5.281079711934332,0.842,0.164,0.214,0.016,0.974,1.0
5.305480525369573,0.846,0.164,0.214,0.016,0.974,1.0
5.329994080844089,0.848,0.164,0.214,0.016,0.974,1.0
5.354620899273607,0.854,0.164,0.214,0.016,0.974,1.0
5.3793615039807,0.86,0.164,0.216,0.016,0.976,1.0
5.404216420705916,0.868,0.166,0.216,0.016,0.976,1.0
5.429186177618941,0.874,0.166,0.216,0.016,0.984,1.0
5.454271305329834,0.878,0.17,0.22,0.018,0.984,1.0
5.479472336900287,0.894,0.17,0.22,0.018,0.984,1.0
5.50478980785497,0.9,0.176,0.22,0.018,0.984,1.0
5.530224256192901,0.908,0.176,0.224,0.02,0.984,1.0
5.555776222398876,0.91,0.176,0.226,0.02,0.984,1.0
5.581446249454964,0.916,0.176,0.226,0.02,0.986,1.0
5.607234882852032,0.92,0.176,0.228,0.022,0.986,1.0
5.633142670601354,0.926,0.176,0.228,0.022,0.986,1.0
5.659170163246244,0.93,0.18,0.228,0.022,0.986,1.0
5.685317913873752,0.93,0.184,0.23,0.024,0.986,1.0
5.711586478126432,0.938,0.188,0.23,0.024,0.986,1.0
5.737976414214134,0.94,0.192,0.23,0.026,0.986,1.0
5.764488282925877,0.944,0.192,0.23,0.026,0.986,1.0
5.791122647641759,0.946,0.192,0.23,0.028,0.986,1.0
5.8178800743449335,0.95,0.196,0.23,0.028,0.986,1.0
5.844761131633635,0.954,0.202,0.23,0.028,0.986,1.0
5.871766390733256,0.958,0.206,0.232,0.03,0.988,1.0
5.898896425508497,0.962,0.208,0.232,0.03,0.988,1.0
5.926151812475554,0.964,0.214,0.234,0.03,0.988,1.0
5.953533130814368,0.97,0.214,0.236,0.034,0.988,1.0
5.981040962380941,0.97,0.214,0.238,0.034,0.988,1.0
6.008675891719687,0.97,0.216,0.242,0.036,0.988,1.0
6.036438506075867,0.972,0.22,0.242,0.036,0.988,1.0
6.0643293954080635,0.972,0.226,0.244,0.036,0.988,1.0
6.09234915240071,0.974,0.232,0.246,0.036,0.988,1.0
6.1204983724767,0.974,0.232,0.25,0.036,0.988,1.0
6.148777653810023,0.974,0.236,0.256,0.036,0.988,1.0
6.1771875973384915,0.974,0.24,0.26,0.038,0.988,1.0
6.205728806776502,0.976,0.25,0.262,0.038,0.99,1.0
6.234401888627862,0.98,0.25,0.264,0.038,0.99,1.0
6.263207452198689,0.98,0.26,0.268,0.038,0.99,1.0
6.292146109610344,0.982,0.262,0.276,0.038,0.99,1.0
6.321218475812452,0.982,0.27,0.278,0.038,0.99,1.0
6.350425168595963,0.984,0.278,0.28,0.04,0.99,1.0
6.379766808606281,0.986,0.28,0.28,0.042,0.99,1.0
6.4092440193564535,0.986,0.28,0.28,0.042,0.99,1.0
6.4388574272404195,0.986,0.286,0.282,0.042,0.99,1.0
6.468607661546326,0.986,0.29,0.286,0.042,0.99,1.0
6.49849535446989,0.986,0.29,0.29,0.042,0.99,1.0
6.528521141127846,0.986,0.298,0.294,0.042,0.99,1.0
6.558685659571432,0.986,0.306,0.298,0.044,0.99,1.0
6.588989550799949,0.986,0.31,0.304,0.044,0.99,1.0
6.619433458774393,0.99,0.312,0.306,0.044,0.99,1.0
6.65001803043112,0.99,0.32,0.308,0.048,0.99,1.0
6.680743915695613,0.99,0.324,0.31,0.048,0.99,1.0
6.711611767496283,0.99,0.328,0.318,0.048,0.99,1.0
6.742622241778342,0.99,0.336,0.32,0.05,0.99,1.0
6.77377599751775,0.99,0.35,0.324,0.052,0.99,1.0
6.805073696735208,0.99,0.352,0.324,0.052,0.99,1.0
6.836516004510237,0.99,0.356,0.326,0.056,0.99,1.0
6.868103588995304,0.99,0.362,0.326,0.056,0.99,1.0
6.899837121430019,0.99,0.368,0.326,0.056,0.99,1.0
6.931717276155405,0.99,0.372,0.326,0.058,0.99,1.0
6.963744730628224,0.992,0.376,0.326,0.06,0.99,1.0
6.995920165435373,0.994,0.38,0.326,0.06,0.99,1.0
7.028244264308349,0.996,0.39,0.326,0.064,0.99,1.0
7.060717714137772,0.998,0.396,0.33,0.068,0.99,1.0
7.093341204987995,0.998,0.402,0.338,0.07,0.992,1.0
7.1261154301117475,0.998,0.414,0.34,0.072,0.992,1.0
7.159041085964886,0.998,0.424,0.342,0.074,0.992,1.0
7.192118872221189,0.998,0.424,0.35,0.074,0.992,1.0
7.225349491787214,0.998,0.428,0.352,0.076,0.992,1.0
7.258733650817251,0.998,0.436,0.352,0.078,0.992,1.0
7.292272058728314,0.998,0.44,0.352,0.082,0.992,1.0
7.3259654282152304,0.998,0.444,0.354,0.082,0.992,1.0
7.359814475265767,0.998,0.444,0.356,0.082,0.992,1.0
7.393819919175866,1.0,0.448,0.356,0.086,0.992,1.0
7.427982482564916,1.0,0.458,0.356,0.088,0.992,1.0
7.46230289139111,1.0,0.46,0.36,0.092,0.992,1.0
7.496781874966877,1.0,0.462,0.36,0.092,0.992,1.0
7.531420165974372,1.0,0.468,0.364,0.094,0.992,1.0
7.566218500481055,1.0,0.472,0.366,0.098,0.994,1.0
7.6011776179553285,1.0,0.476,0.366,0.098,0.994,1.0
7.636298261282244,1.0,0.48,0.368,0.098,0.994,1.0
7.671581176779302,1.0,0.482,0.368,0.1,0.994,1.0
7.707027114212299,1.0,0.488,0.368,0.1,0.994,1.0
7.742636826811269,1.0,0.488,0.368,0.106,0.994,1.0
7.778411071286488,1.0,0.49,0.372,0.108,0.994,1.0
7.814350607844544,1.0,0.496,0.372,0.108,0.996,1.0
7.850456200204509,1.0,0.5,0.374,0.108,0.996,1.0
7.886728615614151,1.0,0.502,0.376,0.112,0.998,1.0
7.923168624866253,1.0,0.502,0.376,0.116,0.998,1.0
7.959777002314984,1.0,0.506,0.376,0.12,0.998,1.0
7.996554525892348,1.0,0.506,0.378,0.122,0.998,1.0
8.033501977124734,1.0,0.51,0.38,0.124,0.998,1.0
8.070620141149503,1.0,0.516,0.382,0.13,1.0,1.0
8.107909806731687,1.0,0.52,0.384,0.132,1.0,1.0
8.145371766280743,1.0,0.526,0.386,0.134,1.0,1.0
8.183006815867392,1.0,0.532,0.386,0.136,1.0,1.0
8.22081575524054,1.0,0.534,0.39,0.136,1.0,1.0
8.258799387844268,1.0,0.536,0.39,0.136,1.0,1.0
8.296958520834906,1.0,0.538,0.392,0.138,1.0,1.0
8.335293965098193,1.0,0.544,0.398,0.14,1.0,1.0
8.37380653526649,1.0,0.546,0.4,0.144,1.0,1.0
8.412497049736118,1.0,0.548,0.4,0.144,1.0,1.0
8.451366330684717,1.0,0.55,0.406,0.144,1.0,1.0
8.490415204088746,1.0,0.552,0.406,0.148,1.0,1.0
8.529644499741023,1.0,0.556,0.408,0.148,1.0,1.0
8.56905505126835,1.0,0.556,0.412,0.152,1.0,1.0
8.608647696149244,1.0,0.556,0.414,0.154,1.0,1.0
8.648423275731721,1.0,0.562,0.418,0.154,1.0,1.0
8.688382635251186,1.0,0.566,0.422,0.156,1.0,1.0
8.728526623848378,1.0,0.57,0.424,0.158,1.0,1.0
8.768856094587429,1.0,0.574,0.426,0.16,1.0,1.0
8.809371904473991,1.0,0.576,0.426,0.16,1.0,1.0
8.850074914473433,1.0,0.578,0.428,0.16,1.0,1.0
8.89096598952916,1.0,0.58,0.428,0.16,1.0,1.0
8.932045998580966,1.0,0.584,0.428,0.16,1.0,1.0
8.973315814583522,1.0,0.586,0.43,0.162,1.0,1.0
9.014776314524918,1.0,0.588,0.432,0.162,1.0,1.0
9.05642837944529,1.0,0.592,0.434,0.164,1.0,1.0
9.09827289445556,1.0,0.596,0.434,0.166,1.0,1.0
9.14031074875623,1.0,0.598,0.436,0.166,1.0,1.0
9.182542835656283,1.0,0.602,0.438,0.166,1.0,1.0
9.224970052592175,1.0,0.604,0.44,0.166,1.0,1.0
9.267593301146878,1.0,0.608,0.442,0.168,1.0,1.0
9.310413487069077,1.0,0.608,0.442,0.168,1.0,1.0
9.353431520292384,1.0,0.614,0.442,0.17,1.0,1.0
9.396648314954692,1.0,0.618,0.448,0.17,1.0,1.0
9.440064789417603,1.0,0.626,0.45,0.174,1.0,1.0
9.483681866285922,1.0,0.628,0.452,0.176,1.0,1.0
9.527500472427292,1.0,0.632,0.454,0.176,1.0,1.0
9.571521538991863,1.0,0.64,0.458,0.178,1.0,1.0
9.615746001432099,1.0,0.648,0.458,0.178,1.0,1.0
9.660174799522645,1.0,0.654,0.458,0.182,1.0,1.0
9.704808877380302,1.0,0.668,0.458,0.184,1.0,1.0
9.749649183484088,1.0,0.678,0.458,0.186,1.0,1.0
9.794696670695393,1.0,0.682,0.458,0.186,1.0,1.0
9.83995229627823,1.0,0.688,0.464,0.186,1.0,1.0
9.885417021919574,1.0,0.692,0.464,0.186,1.0,1.0
9.931091813749795,1.0,0.694,0.464,0.188,1.0,1.0
9.976977642363204,1.0,0.696,0.468,0.188,1.0,1.0
10.023075482838655,1.0,0.702,0.47,0.188,1.0,1.0
10.069386314760276,1.0,0.702,0.476,0.188,1.0,1.0
10.115911122238296,1.0,0.702,0.476,0.188,1.0,1.0
10.162650893929946,1.0,0.706,0.482,0.192,1.0,1.0
10.209606623060465,1.0,0.706,0.486,0.194,1.0,1.0
10.25677930744422,1.0,0.708,0.49,0.198,1.0,1.0
10.30416994950588,1.0,0.71,0.494,0.198,1.0,1.0
10.351779556301762,1.0,0.712,0.494,0.198,1.0,1.0
10.399609139541198,1.0,0.716,0.496,0.2,1.0,1.0
10.447659715608042,1.0,0.722,0.498,0.2,1.0,1.0
10.495932305582278,1.0,0.728,0.498,0.2,1.0,1.0
10.54442793526169,1.0,0.728,0.498,0.2,1.0,1.0
10.5931476351837,1.0,0.732,0.498,0.2,1.0,1.0
10.642092440647241,1.0,0.732,0.498,0.204,1.0,1.0
10.691263391734761,1.0,0.734,0.5,0.206,1.0,1.0
10.740661533334334,1.0,0.736,0.5,0.206,1.0,1.0
10.79028791516184,1.0,0.738,0.5,0.208,1.0,1.0
10.84014359178331,1.0,0.742,0.5,0.22,1.0,1.0
10.8902296226373,1.0,0.742,0.502,0.23,1.0,1.0
10.940547072057424,1.0,0.742,0.504,0.232,1.0,1.0
10.991097009294972,1.0,0.742,0.51,0.234,1.0,1.0
11.041880508541608,1.0,0.742,0.51,0.242,1.0,1.0
11.092898648952227,1.0,0.742,0.512,0.242,1.0,1.0
11.144152514667876,1.0,0.744,0.514,0.242,1.0,1.0
11.195643194838782,1.0,0.744,0.514,0.244,1.0,1.0
11.24737178364752,1.0,0.746,0.514,0.25,1.0,1.0
11.299339380332222,1.0,0.746,0.516,0.252,1.0,1.0
11.35154708920999,1.0,0.746,0.518,0.258,1.0,1.0
11.403996019700324,1.0,0.746,0.518,0.26,1.0,1.0
11.456687286348714,1.0,0.748,0.52,0.262,1.0,1.0
11.509622008850323,1.0,0.748,0.52,0.266,1.0,1.0
11.56280131207376,1.0,0.748,0.52,0.27,1.0,1.0
11.616226326085018,1.0,0.75,0.52,0.272,1.0,1.0
11.66989818617147,1.0,0.75,0.52,0.274,1.0,1.0
11.723818032865985,1.0,0.75,0.52,0.278,1.0,1.0
11.777987011971192,1.0,0.75,0.522,0.28,1.0,1.0
11.832406274583786,1.0,0.752,0.522,0.286,1.0,1.0
11.887076977119033,1.0,0.752,0.522,0.286,1.0,1.0
11.942000281335318,1.0,0.752,0.522,0.292,1.0,1.0
11.997177354358843,1.0,0.752,0.522,0.294,1.0,1.0
12.052609368708426,1.0,0.752,0.522,0.294,1.0,1.0
12.1082975023204,1.0,0.752,0.526,0.294,1.0,1.0
12.164242938573679,1.0,0.752,0.526,0.296,1.0,1.0
12.22044686631488,1.0,0.752,0.526,0.298,1.0,1.0
12.276910479883592,1.0,0.752,0.528,0.302,1.0,1.0
12.33363497913776,1.0,0.752,0.53,0.302,1.0,1.0
12.390621569479162,1.0,0.752,0.532,0.302,1.0,1.0
12.447871461879062,1.0,0.752,0.536,0.302,1.0,1.0
12.505385872903908,1.0,0.752,0.536,0.302,1.0,1.0
12.563166024741207,1.0,0.752,0.538,0.302,1.0,1.0
12.621213145225473,1.0,0.754,0.538,0.304,1.0,1.0
12.679528467864346,1.0,0.754,0.54,0.308,1.0,1.0
12.738113231864785,1.0,0.754,0.542,0.31,1.0,1.0
12.79696868215941,1.0,0.754,0.544,0.31,1.0,1.0
12.856096069432958,1.0,0.754,0.546,0.31,1.0,1.0
12.91549665014884,1.0,0.754,0.546,0.31,1.0,1.0
12.975171686575875,1.0,0.754,0.546,0.312,1.0,1.0
13.03512244681509,1.0,0.754,0.548,0.314,1.0,1.0
13.09535020482667,1.0,0.754,0.55,0.314,1.0,1.0
13.155856240457044,1.0,0.754,0.55,0.316,1.0,1.0
13.216641839466051,1.0,0.754,0.552,0.32,1.0,1.0
13.277708293554298,1.0,0.754,0.552,0.322,1.0,1.0
13.339056900390586,1.0,0.754,0.552,0.326,1.0,1.0
13.4006889636395,1.0,0.754,0.554,0.326,1.0,1.0
13.462605792989104,1.0,0.754,0.554,0.326,1.0,1.0
13.524808704178753,1.0,0.754,0.556,0.33,1.0,1.0
13.587299019027098,1.0,0.754,0.558,0.332,1.0,1.0
13.650078065460137,1.0,0.754,0.56,0.332,1.0,1.0
13.71314717753945,1.0,0.754,0.56,0.336,1.0,1.0
13.776507695490542,1.0,0.754,0.562,0.336,1.0,1.0
13.840160965731316,1.0,0.754,0.564,0.336,1.0,1.0
13.904108340900704,1.0,0.754,0.564,0.338,1.0,1.0
13.968351179887398,1.0,0.754,0.566,0.342,1.0,1.0
14.032890847858724,1.0,0.754,0.568,0.342,1.0,1.0
14.09772871628967,1.0,0.754,0.57,0.342,1.0,1.0
14.162866162991987,1.0,0.754,0.57,0.344,1.0,1.0
14.228304572143527,1.0,0.754,0.57,0.348,1.0,1.0
14.29404533431761,1.0,0.754,0.572,0.348,1.0,1.0
14.360089846512599,1.0,0.754,0.572,0.348,1.0,1.0
14.426439512181581,1.0,0.754,0.572,0.352,1.0,1.0
14.493095741262167,1.0,0.754,0.574,0.356,1.0,1.0
14.560059950206492,1.0,0.754,0.574,0.356,1.0,1.0
14.627333562011298,1.0,0.754,0.574,0.366,1.0,1.0
14.694918006248164,1.0,0.754,0.576,0.376,1.0,1.0
14.762814719093903,1.0,0.754,0.576,0.376,1.0,1.0
14.831025143361044,1.0,0.754,0.576,0.378,1.0,1.0
14.899550728528544,1.0,0.754,0.576,0.382,1.0,1.0
14.968392930772556,1.0,0.754,0.578,0.388,1.0,1.0
15.037553212997377,1.0,0.756,0.58,0.39,1.0,1.0
15.107033044866549,1.0,0.756,0.582,0.394,1.0,1.0
15.176833902834053,1.0,0.756,0.582,0.394,1.0,1.0
15.246957270175738,1.0,0.756,0.584,0.396,1.0,1.0
15.317404637020799,1.0,0.758,0.584,0.4,1.0,1.0
15.388177500383456,1.0,0.758,0.584,0.402,1.0,1.0
15.459277364194778,1.0,0.758,0.584,0.406,1.0,1.0
15.5307057393346,1.0,0.758,0.584,0.412,1.0,1.0
15.602464143663687,1.0,0.758,0.588,0.412,1.0,1.0
15.67455410205595,1.0,0.758,0.588,0.418,1.0,1.0
15.74697714643086,1.0,0.758,0.588,0.422,1.0,1.0
15.819734815786006,1.0,0.758,0.592,0.424,1.0,1.0
15.89282865622978,1.0,0.758,0.592,0.428,1.0,1.0
15.96626022101426,1.0,0.76,0.592,0.43,1.0,1.0
16.040031070568197,1.0,0.762,0.592,0.43,1.0,1.0
16.11414277253019,1.0,0.764,0.592,0.432,1.0,1.0
16.188596901781985,1.0,0.764,0.592,0.434,1.0,1.0
16.26339504048192,1.0,0.766,0.594,0.434,1.0,1.0
16.338538778098613,1.0,0.766,0.594,0.44,1.0,1.0
16.414029711444666,1.0,0.768,0.594,0.44,1.0,1.0
16.48986944471065,1.0,0.77,0.594,0.446,1.0,1.0
16.566059589499144,1.0,0.77,0.594,0.452,1.0,1.0
16.642601764859037,1.0,0.772,0.596,0.458,1.0,1.0
16.719497597319894,1.0,0.772,0.596,0.46,1.0,1.0
16.79674872092653,1.0,0.772,0.596,0.464,1.0,1.0
16.874356777273757,1.0,0.772,0.596,0.464,1.0,1.0
16.952323415541205,1.0,0.772,0.598,0.466,1.0,1.0
17.030650292528442,1.0,0.774,0.598,0.468,1.0,1.0
17.109339072690144,1.0,0.774,0.598,0.472,1.0,1.0
17.188391428171457,1.0,0.774,0.598,0.478,1.0,1.0
17.26780903884356,1.0,0.776,0.598,0.48,1.0,1.0
17.347593592339315,1.0,0.778,0.598,0.484,1.0,1.0
17.42774678408919,1.0,0.78,0.598,0.486,1.0,1.0
17.50827031735724,1.0,0.78,0.598,0.494,1.0,1.0
17.589165903277326,1.0,0.782,0.598,0.498,1.0,1.0
17.670435260889466,1.0,0.782,0.598,0.502,1.0,1.0
17.75208011717635,1.0,0.784,0.598,0.508,1.0,1.0
17.83410220710008,1.0,0.786,0.598,0.51,1.0,1.0
17.916503273639005,1.0,0.788,0.598,0.516,1.0,1.0
17.999285067824765,1.0,0.788,0.598,0.52,1.0,1.0
18.082449348779516,1.0,0.792,0.598,0.524,1.0,1.0
18.165997883753278,1.0,0.792,0.598,0.528,1.0,1.0
18.249932448161523,1.0,0.792,0.598,0.53,1.0,1.0
18.3342548256229,1.0,0.792,0.6,0.534,1.0,1.0
18.41896680799711,1.0,0.792,0.6,0.538,1.0,1.0
18.504070195423022,1.0,0.792,0.6,0.544,1.0,1.0
18.589566796356873,1.0,0.792,0.6,0.546,1.0,1.0
18.67545842761076,1.0,0.794,0.6,0.546,1.0,1.0
18.761746914391203,1.0,0.798,0.6,0.548,1.0,1.0
18.848434090337953,1.0,0.798,0.6,0.552,1.0,1.0
18.935521797562952,1.0,0.798,0.6,0.552,1.0,1.0
19.02301188668945,1.0,0.8,0.6,0.558,1.0,1.0
19.11090621689138,1.0,0.802,0.6,0.566,1.0,1.0
19.199206655932837,1.0,0.802,0.6,0.572,1.0,1.0
19.287915080207778,1.0,0.804,0.6,0.574,1.0,1.0
19.377033374779888,1.0,0.806,0.6,0.58,1.0,1.0
19.46656343342262,1.0,0.806,0.6,0.582,1.0,1.0
19.556507158659493,1.0,0.806,0.6,0.584,1.0,1.0
19.646866461804454,1.0,0.808,0.6,0.586,1.0,1.0
19.737643263002553,1.0,0.81,0.6,0.592,1.0,1.0
19.828839491270713,1.0,0.81,0.602,0.596,1.0,1.0
19.920457084538704,1.0,0.81,0.602,0.604,1.0,1.0
20.01249798969037,1.0,0.818,0.604,0.612,1.0,1.0
20.10496416260498,1.0,0.822,0.604,0.618,1.0,1.0
20.197857568198785,1.0,0.824,0.606,0.618,1.0,1.0
20.29118018046678,1.0,0.824,0.61,0.618,1.0,1.0
20.384933982524633,1.0,0.826,0.61,0.622,1.0,1.0
20.479120966650854,1.0,0.83,0.61,0.634,1.0,1.0
20.573743134329128,1.0,0.83,0.61,0.636,1.0,1.0
20.66880249629082,1.0,0.83,0.61,0.638,1.0,1.0
20.764301072557746,1.0,0.834,0.612,0.642,1.0,1.0
20.860240892485038,1.0,0.836,0.612,0.646,1.0,1.0
20.95662399480433,1.0,0.836,0.612,0.652,1.0,1.0
21.05345242766705,1.0,0.836,0.616,0.656,1.0,1.0
21.150728248687948,1.0,0.84,0.616,0.656,1.0,1.0
21.24845352498883,1.0,0.846,0.618,0.66,1.0,1.0
21.346630333242445,1.0,0.848,0.618,0.664,1.0,1.0
21.445260759716675,1.0,0.852,0.618,0.666,1.0,1.0
21.544346900318832,1.0,0.852,0.62,0.668,1.0,1.0
21.6438908606402,1.0,0.856,0.622,0.67,1.0,1.0
21.7438947560008,1.0,0.858,0.626,0.676,1.0,1.0
21.84436071149427,1.0,0.864,0.628,0.678,1.0,1.0
21.945290862033136,1.0,0.866,0.634,0.682,1.0,1.0
22.046687352394088,1.0,0.87,0.636,0.69,1.0,1.0
22.14855233726359,1.0,0.87,0.636,0.69,1.0,1.0
22.250887981283693,1.0,0.87,0.638,0.692,1.0,1.0
22.353696459097954,1.0,0.874,0.638,0.698,1.0,1.0
22.45697995539774,1.0,0.876,0.64,0.704,1.0,1.0
22.560740664968602,1.0,0.878,0.64,0.704,1.0,1.0
22.66498079273694,1.0,0.878,0.644,0.706,1.0,1.0
22.7697025538168,1.0,0.878,0.65,0.708,1.0,1.0
22.874908173557028,1.0,0.88,0.654,0.712,1.0,1.0
22.98059988758851,1.0,0.882,0.658,0.718,1.0,1.0
23.086779941871686,1.0,0.882,0.664,0.724,1.0,1.0
23.193450592744288,1.0,0.884,0.664,0.732,1.0,1.0
23.300614106969245,1.0,0.884,0.666,0.732,1.0,1.0
23.408272761782932,1.0,0.884,0.668,0.734,1.0,1.0
23.516428844943487,1.0,0.888,0.67,0.742,1.0,1.0
23.625084654779464,1.0,0.888,0.67,0.742,1.0,1.0
23.734242500238675,1.0,0.89,0.67,0.744,1.0,1.0
23.843904700937205,1.0,0.89,0.676,0.752,1.0,1.0
23.954073587208782,1.0,0.892,0.678,0.752,1.0,1.0
24.06475150015424,1.0,0.892,0.688,0.754,1.0,1.0
24.175940791691296,1.0,0.892,0.69,0.756,1.0,1.0
24.287643824604515,1.0,0.892,0.69,0.766,1.0,1.0
24.399862972595503,1.0,0.898,0.69,0.77,1.0,1.0
24.512600620333384,1.0,0.898,0.692,0.772,1.0,1.0
24.625859163505467,1.0,0.9,0.692,0.782,1.0,1.0
24.73964100886813,1.0,0.902,0.694,0.792,1.0,1.0
24.853948574298,1.0,0.902,0.694,0.798,1.0,1.0
24.968784288843267,1.0,0.902,0.696,0.798,1.0,1.0
25.084150592775398,1.0,0.902,0.698,0.798,1.0,1.0
25.20004993764092,1.0,0.902,0.702,0.802,1.0,1.0
25.31648478631354,1.0,0.902,0.704,0.81,1.0,1.0
25.433457613046496,1.0,0.902,0.706,0.816,1.0,1.0
25.55097090352507,1.0,0.904,0.706,0.816,1.0,1.0
25.669027154919505,1.0,0.906,0.706,0.82,1.0,1.0
25.787628875938008,1.0,0.908,0.712,0.822,1.0,1.0
25.906778586880076,1.0,0.914,0.716,0.832,1.0,1.0
26.02647881969006,1.0,0.914,0.72,0.836,1.0,1.0
26.14673211801092,1.0,0.916,0.72,0.836,1.0,1.0
26.26754103723837,1.0,0.918,0.722,0.84,1.0,1.0
26.388908144575105,1.0,0.92,0.722,0.846,1.0,1.0
26.510836019085374,1.0,0.92,0.724,0.852,1.0,1.0
26.633327251749822,1.0,0.92,0.724,0.854,1.0,1.0
26.756384445520453,1.0,0.92,0.726,0.862,1.0,1.0
26.88001021537606,1.0,0.922,0.728,0.866,1.0,1.0
27.004207188377727,1.0,0.922,0.728,0.87,1.0,1.0
27.128978003724658,1.0,0.922,0.73,0.878,1.0,1.0
27.25432531281029,1.0,0.922,0.732,0.878,1.0,1.0
27.380251779278577,1.0,0.924,0.734,0.882,1.0,1.0
27.50676007908066,1.0,0.924,0.734,0.884,1.0,1.0
27.6338529005317,1.0,0.924,0.736,0.896,1.0,1.0
27.761532944367996,1.0,0.926,0.736,0.896,1.0,1.0
27.88980292380441,1.0,0.928,0.736,0.9,1.0,1.0
28.018665564591952,1.0,0.928,0.736,0.904,1.0,1.0
28.1481236050758,1.0,0.928,0.736,0.906,1.0,1.0
28.27817979625341,1.0,0.928,0.742,0.906,1.0,1.0
28.408836901833027,1.0,0.928,0.742,0.906,1.0,1.0
28.54009769829239,1.0,0.93,0.742,0.906,1.0,1.0
28.671964974937698,1.0,0.932,0.742,0.906,1.0,1.0
28.804441533962965,1.0,0.932,0.742,0.91,1.0,1.0
28.937530190509502,1.0,0.932,0.744,0.91,1.0,1.0
29.07123377272577,1.0,0.932,0.744,0.91,1.0,1.0
29.205555121827466,1.0,0.932,0.744,0.914,1.0,1.0
29.34049709215787,1.0,0.932,0.744,0.916,1.0,1.0
29.47606255124857,1.0,0.932,0.746,0.92,1.0,1.0
29.612254379880344,1.0,0.932,0.746,0.924,1.0,1.0
29.749075472144405,1.0,0.932,0.746,0.926,1.0,1.0
29.88652873550384,1.0,0.932,0.746,0.926,1.0,1.0
30.024617090855493,1.0,0.932,0.746,0.928,1.0,1.0
30.163343472591958,1.0,0.932,0.746,0.928,1.0,1.0
30.30271082866396,1.0,0.934,0.746,0.928,1.0,1.0
30.442722120643026,1.0,0.934,0.746,0.932,1.0,1.0
30.583380323784333,1.0,0.934,0.746,0.934,1.0,1.0
30.724688427090033,1.0,0.934,0.75,0.938,1.0,1.0
30.86664943337273,1.0,0.934,0.752,0.938,1.0,1.0
31.009266359319266,1.0,0.934,0.754,0.942,1.0,1.0
31.15254223555488,1.0,0.934,0.754,0.942,1.0,1.0
31.29648010670752,1.0,0.934,0.754,0.942,1.0,1.0
31.441083031472647,1.0,0.934,0.754,0.942,1.0,1.0
31.586354082678174,1.0,0.934,0.754,0.942,1.0,1.0
31.732296347349763,1.0,0.934,0.756,0.942,1.0,1.0
31.878912926776458,1.0,0.934,0.76,0.944,1.0,1.0
32.026206936576514,1.0,0.934,0.76,0.946,1.0,1.0
32.174181506763716,1.0,0.934,0.76,0.946,1.0,1.0
32.32283978181379,1.0,0.934,0.762,0.946,1.0,1.0
32.47218492073129,1.0,0.934,0.766,0.95,1.0,1.0
32.622220097116696,1.0,0.934,0.766,0.95,1.0,1.0
32.772948499233834,1.0,0.934,0.768,0.952,1.0,1.0
32.924373330077685,1.0,0.934,0.768,0.952,1.0,1.0
33.07649780744241,1.0,0.934,0.768,0.954,1.0,1.0
33.229325163989714,1.0,0.934,0.77,0.958,1.0,1.0
33.38285864731761,1.0,0.934,0.772,0.958,1.0,1.0
33.5371015200293,1.0,0.934,0.774,0.962,1.0,1.0
33.69205705980267,1.0,0.934,0.774,0.962,1.0,1.0
33.84772855945981,1.0,0.934,0.774,0.962,1.0,1.0
34.00411932703706,1.0,0.934,0.776,0.966,1.0,1.0
34.16123268585528,1.0,0.934,0.776,0.968,1.0,1.0
34.31907197459044,1.0,0.934,0.78,0.968,1.0,1.0
34.47764054734464,1.0,0.934,0.78,0.968,1.0,1.0
34.636941773717325,1.0,0.936,0.78,0.968,1.0,1.0
34.79697903887691,1.0,0.936,0.78,0.97,1.0,1.0
34.95775574363275,1.0,0.936,0.78,0.97,1.0,1.0
35.1192753045073,1.0,0.936,0.78,0.97,1.0,1.0
35.28154115380883,1.0,0.936,0.782,0.972,1.0,1.0
35.44455673970434,1.0,0.936,0.782,0.974,1.0,1.0
35.60832552629278,1.0,0.936,0.782,0.974,1.0,1.0
35.77285099367874,1.0,0.936,0.782,0.976,1.0,1.0
35.938136638046274,1.0,0.936,0.784,0.976,1.0,1.0
36.10418597173337,1.0,0.936,0.788,0.978,1.0,1.0
36.271002523306464,1.0,0.936,0.788,0.98,1.0,1.0
36.43858983763544,1.0,0.936,0.788,0.98,1.0,1.0
36.606951475969026,1.0,0.936,0.788,0.982,1.0,1.0
36.77609101601033,1.0,0.936,0.788,0.982,1.0,1.0
36.94601205199302,1.0,0.936,0.79,0.984,1.0,1.0
37.11671819475765,1.0,0.938,0.79,0.986,1.0,1.0
37.28821307182834,1.0,0.94,0.79,0.986,1.0,1.0
37.46050032748993,1.0,0.94,0.79,0.988,1.0,1.0
37.633583622865345,1.0,0.942,0.792,0.988,1.0,1.0
37.80746663599349,1.0,0.942,0.792,0.992,1.0,1.0
37.98215306190734,1.0,0.942,0.794,0.994,1.0,1.0
38.15764661271248,1.0,0.942,0.794,0.994,1.0,1.0
38.33395101766602,1.0,0.942,0.794,0.994,1.0,1.0
38.511070023255705,1.0,0.942,0.794,0.994,1.0,1.0
38.68900739327975,1.0,0.942,0.794,0.994,1.0,1.0
38.867766908926654,1.0,0.944,0.794,0.994,1.0,1.0
39.0473523688556,1.0,0.944,0.794,0.996,1.0,1.0
39.22776758927719,1.0,0.944,0.794,0.996,1.0,1.0
39.409016404034496,1.0,0.944,0.794,0.996,1.0,1.0
39.591102664684584,1.0,0.944,0.794,0.998,1.0,1.0
39.774030240580345,1.0,0.944,0.796,0.998,1.0,1.0
39.957803018952696,1.0,0.944,0.796,0.998,1.0,1.0
40.14242490499322,1.0,0.944,0.796,0.998,1.0,1.0
40.32789982193707,1.0,0.944,0.796,0.998,1.0,1.0
40.51423171114647,1.0,0.944,0.796,0.998,1.0,1.0
40.701424532194366,1.0,0.944,0.796,0.998,1.0,1.0
40.889482262948626,1.0,0.944,0.798,0.998,1.0,1.0
41.078408899656466,1.0,0.944,0.798,0.998,1.0,1.0
41.26820845702954,1.0,0.944,0.798,0.998,1.0,1.0
41.45888496832911,1.0,0.944,0.798,0.998,1.0,1.0
41.650442485451826,1.0,0.944,0.798,0.998,1.0,1.0
41.84288507901582,1.0,0.944,0.798,0.998,1.0,1.0
42.03621683844714,1.0,0.944,0.798,0.998,1.0,1.0
42.23044187206674,1.0,0.944,0.798,0.998,1.0,1.0
42.42556430717777,1.0,0.944,0.798,0.998,1.0,1.0
42.62158829015323,1.0,0.944,0.798,0.998,1.0,1.0
42.818517986524135,1.0,0.944,0.798,0.998,1.0,1.0
43.01635758106795,1.0,0.944,0.798,0.998,1.0,1.0
43.21511127789764,1.0,0.944,0.798,0.998,1.0,1.0
43.41478330055092,1.0,0.944,0.798,0.998,1.0,1.0
43.61537789208003,1.0,0.944,0.798,0.998,1.0,1.0
43.816899315141924,1.0,0.944,0.798,0.998,1.0,1.0
44.01935185208875,1.0,0.944,0.798,0.998,1.0,1.0
44.22273980505899,1.0,0.946,0.798,0.998,1.0,1.0
44.42706749606883,1.0,0.946,0.798,0.998,1.0,1.0
44.63233926710395,1.0,0.946,0.798,0.998,1.0,1.0
44.838559480211885,1.0,0.946,0.798,0.998,1.0,1.0
45.04573251759459,1.0,0.946,0.798,0.998,1.0,1.0
45.25386278170169,1.0,0.946,0.798,0.998,1.0,1.0
45.462954695323994,1.0,0.946,0.798,0.998,1.0,1.0
45.67301270168745,1.0,0.946,0.798,0.998,1.0,1.0
45.88404126454759,1.0,0.946,0.798,0.998,1.0,1.0
46.09604486828434,1.0,0.946,0.798,0.998,1.0,1.0
46.30902801799739,1.0,0.946,0.798,0.998,1.0,1.0
46.52299523960189,1.0,0.946,0.798,0.998,1.0,1.0
46.73795107992461,1.0,0.946,0.798,0.998,1.0,1.0
46.9539001068006,1.0,0.946,0.798,1.0,1.0,1.0
47.17084690917017,1.0,0.946,0.798,1.0,1.0,1.0
47.38879609717653,1.0,0.946,0.798,1.0,1.0,1.0
47.607752302263684,1.0,0.946,0.798,1.0,1.0,1.0
47.82772017727483,1.0,0.946,0.798,1.0,1.0,1.0
48.048704396551315,1.0,0.946,0.798,1.0,1.0,1.0
48.27070965603183,1.0,0.946,0.798,1.0,1.0,1.0
48.493740673352356,1.0,0.946,0.798,1.0,1.0,1.0
48.71780218794631,1.0,0.946,0.798,1.0,1.0,1.0
48.94289896114529,1.0,0.946,0.8,1.0,1.0,1.0
49.16903577628029,1.0,0.946,0.8,1.0,1.0,1.0
49.396217438783204,1.0,0.946,0.8,1.0,1.0,1.0
49.62444877628916,1.0,0.946,0.8,1.0,1.0,1.0
49.853734638738935,1.0,0.946,0.8,1.0,1.0,1.0
50.084079898482095,1.0,0.946,0.8,1.0,1.0,1.0
50.31548945038054,1.0,0.946,0.8,1.0,1.0,1.0
50.547968211912405,1.0,0.946,0.8,1.0,1.0,1.0
50.78152112327673,1.0,0.946,0.8,1.0,1.0,1.0
51.016153147498336,1.0,0.946,0.8,1.0,1.0,1.0
51.2518692705333,1.0,0.946,0.8,1.0,1.0,1.0
51.48867450137495,1.0,0.946,0.8,1.0,1.0,1.0
51.72657387216019,1.0,0.946,0.8,1.0,1.0,1.0
51.9655724382766,1.0,0.946,0.8,1.0,1.0,1.0
52.205675278469755,1.0,0.946,0.8,1.0,1.0,1.0
52.44688749495116,1.0,0.946,0.8,1.0,1.0,1.0
52.689214213506744,1.0,0.946,0.8,1.0,1.0,1.0
52.93266058360561,1.0,0.946,0.8,1.0,1.0,1.0
53.17723177850969,1.0,0.946,0.8,1.0,1.0,1.0
53.42293299538352,1.0,0.946,0.8,1.0,1.0,1.0
53.66976945540476,1.0,0.946,0.8,1.0,1.0,1.0
53.91774640387503,1.0,0.946,0.8,1.0,1.0,1.0
54.16686911033152,1.0,0.946,0.8,1.0,1.0,1.0
54.4171428686589,1.0,0.946,0.8,1.0,1.0,1.0
54.66857299720181,1.0,0.946,0.8,1.0,1.0,1.0
54.92116483887789,1.0,0.946,0.8,1.0,1.0,1.0
55.17492376129126,1.0,0.946,0.8,1.0,1.0,1.0
55.42985515684669,1.0,0.946,0.8,1.0,1.0,1.0
55.68596444286411,1.0,0.946,0.8,1.0,1.0,1.0
55.94325706169378,1.0,0.946,0.8,1.0,1.0,1.0
56.20173848083188,1.0,0.946,0.8,1.0,1.0,1.0
56.461414193036696,1.0,0.946,0.8,1.0,1.0,1.0
56.72228971644544,1.0,0.946,0.8,1.0,1.0,1.0
56.98437059469139,1.0,0.946,0.8,1.0,1.0,1.0
57.247662397021784,1.0,0.946,0.8,1.0,1.0,1.0
57.51217071841614,1.0,0.946,0.8,1.0,1.0,1.0
57.77790117970504,1.0,0.946,0.8,1.0,1.0,1.0
58.04485942768978,1.0,0.946,0.8,1.0,1.0,1.0
58.313051135262214,1.0,0.946,0.8,1.0,1.0,1.0
58.58248200152536,1.0,0.946,0.8,1.0,1.0,1.0
58.8531577519145,1.0,0.946,0.8,1.0,1.0,1.0
59.12508413831878,1.0,0.946,0.8,1.0,1.0,1.0
59.398266939203566,1.0,0.946,0.8,1.0,1.0,1.0
59.672711959733135,1.0,0.946,0.8,1.0,1.0,1.0
59.94842503189409,1.0,0.946,0.8,1.0,1.0,1.0
60.22541201461928,1.0,0.946,0.8,1.0,1.0,1.0
60.503678793912215,1.0,0.946,0.8,1.0,1.0,1.0
60.7832312829723,1.0,0.946,0.8,1.0,1.0,1.0
61.06407542232039,1.0,0.946,0.8,1.0,1.0,1.0
61.34621717992506,1.0,0.946,0.8,1.0,1.0,1.0
61.629662551329425,1.0,0.946,0.8,1.0,1.0,1.0
61.91441755977844,1.0,0.946,0.8,1.0,1.0,1.0
62.200488256347114,1.0,0.946,0.8,1.0,1.0,1.0
62.48788072006891,1.0,0.946,0.8,1.0,1.0,1.0
62.776601058065,1.0,0.946,0.8,1.0,1.0,1.0
63.066655405674055,1.0,0.946,0.8,1.0,1.0,1.0
63.35804992658251,1.0,0.946,0.8,1.0,1.0,1.0
63.65079081295571,1.0,0.946,0.8,1.0,1.0,1.0
63.9448842855694,1.0,0.946,0.8,1.0,1.0,1.0
64.2403365939419,1.0,0.946,0.8,1.0,1.0,1.0
64.53715401646701,1.0,0.946,0.8,1.0,1.0,1.0
64.83534286054724,1.0,0.946,0.8,1.0,1.0,1.0
65.13490946272803,1.0,0.946,0.8,1.0,1.0,1.0
65.43586018883232,1.0,0.946,0.8,1.0,1.0,1.0
65.73820143409586,1.0,0.946,0.8,1.0,1.0,1.0
66.04193962330305,1.0,0.946,0.8,1.0,1.0,1.0
66.34708121092348,1.0,0.946,0.8,1.0,1.0,1.0
66.65363268124914,1.0,0.946,0.8,1.0,1.0,1.0
66.96160054853219,1.0,0.946,0.8,1.0,1.0,1.0
67.27099135712336,1.0,0.946,0.8,1.0,1.0,1.0
67.5818116816111,1.0,0.946,0.8,1.0,1.0,1.0
67.89406812696109,1.0,0.946,0.8,1.0,1.0,1.0
68.20776732865686,1.0,0.946,0.8,1.0,1.0,1.0
68.5229159528406,1.0,0.946,0.8,1.0,1.0,1.0
68.83952069645497,1.0,0.946,0.8,1.0,1.0,1.0
69.15758828738525,1.0,0.946,0.8,1.0,1.0,1.0
69.47712548460237,1.0,0.946,0.8,1.0,1.0,1.0
69.7981390783066,1.0,0.946,0.8,1.0,1.0,1.0
70.12063589007181,1.0,0.946,0.8,1.0,1.0,1.0
70.44462277299037,1.0,0.946,0.8,1.0,1.0,1.0
70.77010661181889,1.0,0.946,0.8,1.0,1.0,1.0
71.09709432312435,1.0,0.946,0.8,1.0,1.0,1.0
71.42559285543126,1.0,0.946,0.8,1.0,1.0,1.0
71.75560918936925,1.0,0.946,0.8,1.0,1.0,1.0
72.08715033782136,1.0,0.946,0.8,1.0,1.0,1.0
72.42022334607316,1.0,0.946,0.8,1.0,1.0,1.0
72.7548352919623,1.0,0.946,0.8,1.0,1.0,1.0
73.0909932860291,1.0,0.946,0.8,1.0,1.0,1.0
73.42870447166761,1.0,0.946,0.8,1.0,1.0,1.0
73.76797602527735,1.0,0.946,0.8,1.0,1.0,1.0
74.1088151564157,1.0,0.946,0.8,1.0,1.0,1.0
74.45122910795139,1.0,0.946,0.8,1.0,1.0,1.0
74.79522515621821,1.0,0.946,0.8,1.0,1.0,1.0
75.14081061116966,1.0,0.946,0.8,1.0,1.0,1.0
75.48799281653434,1.0,0.946,0.8,1.0,1.0,1.0
75.8367791499719,1.0,0.946,0.8,1.0,1.0,1.0
76.18717702322995,1.0,0.946,0.8,1.0,1.0,1.0
76.53919388230148,1.0,0.946,0.8,1.0,1.0,1.0
76.8928372075831,1.0,0.946,0.8,1.0,1.0,1.0
77.24811451403404,1.0,0.946,0.8,1.0,1.0,1.0
77.6050333513357,1.0,0.946,0.8,1.0,1.0,1.0
77.96360130405233,1.0,0.946,0.8,1.0,1.0,1.0
78.32382599179196,1.0,0.946,0.8,1.0,1.0,1.0
78.68571506936847,1.0,0.946,0.8,1.0,1.0,1.0
79.04927622696424,1.0,0.946,0.8,1.0,1.0,1.0
79.4145171902934,1.0,0.946,0.8,1.0,1.0,1.0
79.78144572076624,1.0,0.946,0.8,1.0,1.0,1.0
80.15006961565405,1.0,0.946,0.8,1.0,1.0,1.0
80.52039670825474,1.0,0.946,0.8,1.0,1.0,1.0
80.89243486805942,1.0,0.946,0.8,1.0,1.0,1.0
81.26619200091946,1.0,0.946,0.8,1.0,1.0,1.0
81.64167604921468,1.0,0.946,0.8,1.0,1.0,1.0
82.01889499202203,1.0,0.946,0.8,1.0,1.0,1.0
82.39785684528515,1.0,0.946,0.8,1.0,1.0,1.0
82.77856966198476,1.0,0.946,0.8,1.0,1.0,1.0
83.16104153230961,1.0,0.946,0.8,1.0,1.0,1.0
83.54528058382867,1.0,0.946,0.8,1.0,1.0,1.0
83.93129498166364,1.0,0.946,0.8,1.0,1.0,1.0
84.31909292866256,1.0,0.946,0.8,1.0,1.0,1.0
84.70868266557406,1.0,0.946,0.8,1.0,1.0,1.0
85.10007247122246,1.0,0.946,0.8,1.0,1.0,1.0
85.4932706626838,1.0,0.946,0.8,1.0,1.0,1.0
85.88828559546249,1.0,0.946,0.8,1.0,1.0,1.0
86.28512566366891,1.0,0.946,0.8,1.0,1.0,1.0
86.68379930019779,1.0,0.946,0.8,1.0,1.0,1.0
87.08431497690724,1.0,0.946,0.8,1.0,1.0,1.0
87.4866812047991,1.0,0.946,0.8,1.0,1.0,1.0
87.89090653419954,1.0,0.946,0.8,1.0,1.0,1.0
88.29699955494087,1.0,0.946,0.8,1.0,1.0,1.0
88.70496889654407,1.0,0.946,0.8,1.0,1.0,1.0
89.11482322840202,1.0,0.946,0.8,1.0,1.0,1.0
89.52657125996396,1.0,0.946,0.8,1.0,1.0,1.0
89.94022174092044,1.0,0.946,0.8,1.0,1.0,1.0
90.35578346138925,1.0,0.946,0.8,1.0,1.0,1.0
90.77326525210228,1.0,0.946,0.8,1.0,1.0,1.0
91.19267598459298,1.0,0.946,0.8,1.0,1.0,1.0
91.61402457138516,1.0,0.946,0.8,1.0,1.0,1.0
92.03731996618221,1.0,0.946,0.8,1.0,1.0,1.0
92.46257116405738,1.0,0.946,0.8,1.0,1.0,1.0
92.88978720164502,1.0,0.946,0.8,1.0,1.0,1.0
93.31897715733238,1.0,0.946,0.8,1.0,1.0,1.0
93.75015015145284,1.0,0.946,0.8,1.0,1.0,1.0
94.18331534647952,1.0,0.946,0.8,1.0,1.0,1.0
94.61848194721998,1.0,0.946,0.8,1.0,1.0,1.0
95.05565920101196,1.0,0.946,0.8,1.0,1.0,1.0
95.49485639791966,1.0,0.946,0.8,1.0,1.0,1.0
95.93608287093141,1.0,0.946,0.8,1.0,1.0,1.0
96.37934799615786,1.0,0.946,0.8,1.0,1.0,1.0
96.82466119303123,1.0,0.946,0.8,1.0,1.0,1.0
97.27203192450543,1.0,0.946,0.8,1.0,1.0,1.0
97.72146969725725,1.0,0.946,0.8,1.0,1.0,1.0
98.17298406188836,1.0,0.946,0.8,1.0,1.0,1.0
98.6265846131282,1.0,0.946,0.8,1.0,1.0,1.0
99.08228099003797,1.0,0.946,0.8,1.0,1.0,1.0
99.54008287621524,1.0,0.946,0.8,1.0,1.0,1.0
100.0,1.0,0.946,0.8,1.0,1.0,1.0
