tau,qoco,qoco_custom,clarabel,ecos,gurobi,mosek
1.0,0.140625,0.84375,0.0,0.0,0.015625,0.0
1.005315323433811,0.140625,0.84375,0.0,0.0,0.015625,0.0
1.010658899530828,0.140625,0.84375,0.0,0.0,0.015625,0.0
1.0160308784630938,0.140625,0.84375,0.0,0.0,0.015625,0.0
1.0214314112008642,0.140625,0.84375,0.0,0.0,0.015625,0.0
1.0268606495168509,0.140625,0.84375,0.0,0.0,0.015625,0.0
1.0323187459904861,0.140625,0.84375,0.0,0.0,0.015625,0.0
1.0378058540122117,0.140625,0.84375,0.0,0.0,0.015625,0.0
1.043322127787789,0.140625,0.84375,0.0,0.0,0.015625,0.0
1.048867722342633,0.140625,0.84375,0.0,0.0,0.015625,0.0
1.0544427935261689,0.140625,0.84375,0.0,0.0,0.015625,0.0
1.0600474980162116,0.140625,0.84375,0.0,0.0,0.015625,0.0
1.0656819933233699,0.140625,0.84375,0.0,0.0,0.015625,0.0
1.071346437795472,0.140625,0.84375,0.0,0.0,0.015625,0.0
1.0770409906220162,0.140625,0.84375,0.0,0.0,0.015625,0.0
1.0827658118386445,0.140625,0.84375,0.0,0.0,0.015625,0.0
1.0885210623316397,0.140625,0.84375,0.0,0.0,0.015625,0.0
1.094306903842448,0.140625,0.84375,0.0,0.0,0.015625,0.0
1.1001234989722228,0.140625,0.84375,0.0,0.0,0.015625,0.0
1.105971011186396,0.140625,0.84375,0.0,0.0,0.015625,0.0
1.1118496048192708,0.140625,0.84375,0.0,0.0,0.015625,0.0
1.1177594450786401,0.140625,0.84375,0.0,0.0,0.015625,0.0
1.1237006980504303,0.140625,0.84375,0.0,0.0,0.015625,0.0
1.1296735307033674,0.140625,0.84375,0.0,0.0,0.015625,0.0
1.135678110893671,0.140625,0.84375,0.0,0.0,0.015625,0.0
1.1417146073697704,0.140625,0.84375,0.0,0.0,0.015625,0.0
1.1477831897770472,0.140625,0.84375,0.0,0.0,0.015625,0.0
1.1538840286626035,0.140625,0.84375,0.0,0.0,0.015625,0.0
1.160017295480054,0.140625,0.84375,0.0,0.0,0.015625,0.0
1.1661831625943453,0.140625,0.84375,0.0,0.0,0.015625,0.0
1.172381803286599,0.140625,0.84375,0.0,0.0,0.015625,0.0
1.1786133917589816,0.140625,0.84375,0.0,0.0,0.015625,0.015625
1.1848781031396016,0.140625,0.84375,0.0,0.0,0.015625,0.015625
1.191176113487429,0.140625,0.84375,0.0,0.0,0.015625,0.015625
1.1975075997972446,0.140625,0.84375,0.0,0.0,0.015625,0.015625
1.2038727400046139,0.140625,0.84375,0.0,0.0,0.015625,0.015625
1.2102717129908864,0.140625,0.84375,0.0,0.0,0.015625,0.015625
1.2167046985882255,0.140625,0.84375,0.0,0.0,0.015625,0.015625
1.2231718775846596,0.140625,0.84375,0.0,0.0,0.015625,0.015625
1.2296734317291638,0.140625,0.84375,0.0,0.0,0.015625,0.015625
1.2362095437367686,0.140625,0.84375,0.0,0.0,0.015625,0.015625
1.2427803972936935,0.140625,0.84375,0.0,0.0,0.015625,0.015625
1.2493861770625097,0.140625,0.84375,0.0,0.0,0.015625,0.015625
1.2560270686873296,0.140625,0.84375,0.0,0.0,0.015625,0.015625
1.2627032587990241,0.140625,0.84375,0.0,0.0,0.015625,0.015625
1.2694149350204682,0.140625,0.84375,0.0,0.0,0.015625,0.015625
1.276162285971812,0.140625,0.84375,0.0,0.0,0.015625,0.015625
1.282945501275784,0.15625,0.84375,0.0,0.0,0.015625,0.015625
1.2897647715630174,0.15625,0.84375,0.0,0.0,0.015625,0.015625
1.2966202884774103,0.171875,0.84375,0.0,0.0,0.015625,0.015625
1.303512244681509,0.171875,0.84375,0.0,0.0,0.015625,0.015625
1.3104408338619242,0.171875,0.84375,0.0,0.0,0.015625,0.015625
1.3174062507347732,0.171875,0.84375,0.0,0.0,0.015625,0.015625
1.324408691051153,0.171875,0.84375,0.0,0.0,0.015625,0.015625
1.33144835160264,0.171875,0.84375,0.0,0.0,0.015625,0.015625
1.3385254302268226,0.171875,0.84375,0.0,0.0,0.015625,0.015625
1.3456401258128592,0.171875,0.84375,0.0,0.0,0.015625,0.015625
1.3527926383070688,0.171875,0.84375,0.0,0.0,0.015625,0.015625
1.3599831687185493,0.171875,0.84375,0.0,0.0,0.015625,0.015625
1.3672119191248275,0.171875,0.84375,0.0,0.0,0.015625,0.015625
1.3744790926775374,0.171875,0.84375,0.0,0.0,0.015625,0.015625
1.3817848936081296,0.171875,0.84375,0.0,0.0,0.015625,0.015625
1.3891295272336108,0.171875,0.84375,0.0,0.0,0.015625,0.015625
1.3965131999623144,0.171875,0.84375,0.0,0.0,0.015625,0.015625
1.4039361192997004,0.171875,0.859375,0.0,0.0,0.015625,0.015625
1.411398493854188,0.171875,0.859375,0.0,0.0,0.015625,0.015625
1.4189005333430165,0.171875,0.859375,0.0,0.0,0.015625,0.015625
1.4264424485981415,0.1875,0.859375,0.0,0.0,0.015625,0.015625
1.434024451572158,0.1875,0.859375,0.0,0.0,0.015625,0.015625
1.4416467553442576,0.1875,0.859375,0.0,0.0,0.03125,0.015625
1.4493095741262163,0.1875,0.859375,0.0,0.0,0.03125,0.015625
1.457013123268416,0.1875,0.859375,0.0,0.0,0.03125,0.015625
1.4647576192658949,0.1875,0.859375,0.0,0.0,0.03125,0.015625
1.4725432797644322,0.203125,0.859375,0.0,0.0,0.03125,0.015625
1.480370323566665,0.203125,0.859375,0.015625,0.0,0.03125,0.015625
1.4882389706382373,0.21875,0.859375,0.015625,0.0,0.03125,0.015625
1.4961494421139814,0.21875,0.859375,0.015625,0.0,0.03125,0.015625
1.504101960304133,0.234375,0.859375,0.015625,0.0,0.03125,0.015625
1.5120967487005788,0.25,0.859375,0.015625,0.0,0.03125,0.015625
1.5201340319831362,0.25,0.859375,0.015625,0.0,0.03125,0.015625
1.5282140360258698,0.25,0.859375,0.015625,0.0,0.046875,0.015625
1.536336987903437,0.25,0.875,0.015625,0.0,0.046875,0.015625
1.5445031158974707,0.25,0.875,0.015625,0.0,0.046875,0.015625
1.5527126495029946,0.25,0.875,0.015625,0.0,0.046875,0.015625
1.5609658194348726,0.25,0.875,0.015625,0.0,0.046875,0.015625
1.5692628576342929,0.25,0.890625,0.015625,0.0,0.046875,0.015625
1.5776039972752856,0.25,0.890625,0.015625,0.0,0.046875,0.015625
1.5859894727712767,0.25,0.890625,0.015625,0.0,0.046875,0.015625
1.5944195197816755,0.25,0.890625,0.015625,0.0,0.046875,0.015625
1.6028943752184968,0.265625,0.90625,0.015625,0.0,0.046875,0.015625
1.6114142772530196,0.296875,0.90625,0.015625,0.0,0.046875,0.015625
1.61997946532248,0.296875,0.90625,0.015625,0.0,0.046875,0.015625
1.6285901801368012,0.328125,0.90625,0.015625,0.0,0.046875,0.015625
1.6372466636853569,0.34375,0.90625,0.015625,0.0,0.046875,0.015625
1.6459491592437725,0.375,0.90625,0.015625,0.0,0.046875,0.015625
1.6546979113807623,0.375,0.90625,0.015625,0.0,0.046875,0.015625
1.6634931659650025,0.40625,0.90625,0.015625,0.0,0.046875,0.015625
1.6723351701720408,0.40625,0.90625,0.015625,0.0,0.046875,0.015625
1.6812241724912427,0.40625,0.90625,0.015625,0.0,0.046875,0.015625
1.6901604227327747,0.421875,0.90625,0.015625,0.0,0.046875,0.015625
1.699144172034626,0.453125,0.90625,0.015625,0.0,0.046875,0.015625
1.708175672869665,0.46875,0.90625,0.015625,0.0,0.046875,0.015625
1.7172551790527353,0.484375,0.90625,0.015625,0.0,0.046875,0.015625
1.7263829457477875,0.484375,0.90625,0.015625,0.0,0.046875,0.015625
1.7355592294750524,0.484375,0.921875,0.015625,0.0,0.046875,0.015625
1.744784288118248,0.484375,0.921875,0.015625,0.0,0.046875,0.015625
1.7540583809318282,0.484375,0.921875,0.015625,0.0,0.0625,0.015625
1.7633817685482678,0.484375,0.921875,0.015625,0.0,0.0625,0.015625
1.7727547129853876,0.484375,0.921875,0.015625,0.0,0.0625,0.015625
1.7821774776537176,0.484375,0.921875,0.015625,0.0,0.0625,0.015625
1.7916503273639004,0.484375,0.921875,0.015625,0.0,0.0625,0.015625
1.801173528334133,0.5,0.921875,0.015625,0.0,0.0625,0.015625
1.8107473481976475,0.515625,0.921875,0.015625,0.0,0.0625,0.015625
1.8203720560102334,0.515625,0.921875,0.015625,0.0,0.0625,0.015625
1.8300479222577994,0.53125,0.921875,0.015625,0.0,0.0625,0.015625
1.8397752188639733,0.546875,0.921875,0.015625,0.0,0.0625,0.015625
1.8495542191977459,0.5625,0.921875,0.015625,0.0,0.0625,0.015625
1.8593851980811515,0.5625,0.921875,0.015625,0.0,0.0625,0.015625
1.8692684317969936,0.578125,0.921875,0.015625,0.0,0.0625,0.015625
1.8792041980966072,0.578125,0.921875,0.015625,0.0,0.0625,0.015625
1.8891927762076663,0.578125,0.921875,0.015625,0.0,0.0625,0.015625
1.8992344468420292,0.578125,0.921875,0.03125,0.0,0.0625,0.015625
1.90932949220363,0.578125,0.921875,0.03125,0.0,0.09375,0.015625
1.919478195996406,0.59375,0.921875,0.03125,0.0,0.09375,0.015625
1.9296808434322752,0.59375,0.921875,0.046875,0.0,0.109375,0.015625
1.9399377212391469,0.609375,0.921875,0.046875,0.0,0.109375,0.015625
1.9502491176689833,0.625,0.921875,0.0625,0.0,0.109375,0.015625
1.9606153225058982,0.640625,0.9375,0.0625,0.0,0.109375,0.015625
1.971036627074303,0.671875,0.96875,0.0625,0.0,0.109375,0.015625
1.9815133242470908,0.671875,0.96875,0.0625,0.0,0.109375,0.015625
1.99204570845387,0.671875,0.96875,0.0625,0.0,0.109375,0.015625
2.0026340756892376,0.671875,0.96875,0.0625,0.0,0.109375,0.015625
2.013278723521097,0.671875,0.96875,0.0625,0.0,0.125,0.015625
2.023979951099022,0.671875,0.96875,0.0625,0.0,0.125,0.015625
2.034738059162662,0.671875,0.96875,0.0625,0.0,0.125,0.015625
2.0455533500501963,0.671875,0.96875,0.0625,0.0,0.125,0.015625
2.0564261277068288,0.6875,0.96875,0.078125,0.0,0.125,0.015625
2.06735669769333,0.6875,0.96875,0.09375,0.0,0.125,0.015625
2.0783453671946255,0.71875,0.96875,0.09375,0.0,0.125,0.015625
2.0893924450284276,0.71875,0.96875,0.09375,0.0,0.125,0.015625
2.1004982416539146,0.734375,0.96875,0.09375,0.0,0.125,0.015625
2.1116630691804565,0.734375,0.96875,0.09375,0.0,0.125,0.015625
2.1228872413763846,0.75,0.96875,0.09375,0.0,0.125,0.015625
2.1341710736778112,0.75,0.96875,0.09375,0.0,0.125,0.015625
2.1455148831974924,0.75,0.96875,0.09375,0.0,0.125,0.015625
2.156918988733742,0.78125,0.96875,0.09375,0.0,0.125,0.015625
2.168383710779391,0.796875,0.96875,0.09375,0.0,0.125,0.015625
2.1799093715307905,0.796875,0.96875,0.09375,0.0,0.140625,0.015625
2.191496294896872,0.796875,0.96875,0.09375,0.0,0.140625,0.015625
2.2031448065082473,0.796875,0.96875,0.09375,0.0,0.140625,0.015625
2.2148552337263596,0.796875,0.96875,0.09375,0.0,0.140625,0.015625
2.226627905652684,0.796875,0.984375,0.09375,0.0,0.140625,0.015625
2.2384631531379777,0.796875,0.984375,0.09375,0.0,0.15625,0.015625
2.2503613087915744,0.8125,0.984375,0.09375,0.0,0.15625,0.015625
2.262322706990736,0.8125,0.984375,0.09375,0.0,0.15625,0.015625
2.274347683890046,0.8125,0.984375,0.09375,0.0,0.15625,0.015625
2.286436577430861,0.8125,0.984375,0.09375,0.0,0.15625,0.015625
2.2985897273508016,0.8125,0.984375,0.09375,0.0,0.15625,0.015625
2.3108074751933065,0.8125,0.984375,0.09375,0.0,0.15625,0.015625
2.323090164317227,0.828125,0.984375,0.09375,0.0,0.15625,0.015625
2.3354381399064783,0.828125,0.984375,0.09375,0.0,0.15625,0.015625
2.3478517489797395,0.84375,0.984375,0.09375,0.0,0.15625,0.015625
2.3603313404002053,0.84375,0.984375,0.09375,0.0,0.15625,0.015625
2.372877264885393,0.84375,0.984375,0.09375,0.0,0.15625,0.015625
2.385489875016996,0.84375,0.984375,0.09375,0.0,0.171875,0.015625
2.398169525250793,0.84375,0.984375,0.09375,0.0,0.171875,0.015625
2.4109165719266095,0.84375,0.984375,0.09375,0.0,0.171875,0.015625
2.423731373278334,0.84375,0.984375,0.09375,0.0,0.171875,0.015625
2.4366142894439835,0.84375,0.984375,0.09375,0.0,0.171875,0.015625
2.449565682475824,0.875,0.984375,0.09375,0.0,0.171875,0.015625
2.462585916350547,0.875,0.984375,0.09375,0.0,0.171875,0.015625
2.475675356979498,0.875,0.984375,0.09375,0.0,0.171875,0.015625
2.488834372218959,0.90625,0.984375,0.109375,0.0,0.171875,0.015625
2.502063331880489,0.921875,0.984375,0.109375,0.0,0.171875,0.015625
2.5153626077413125,0.921875,0.984375,0.109375,0.0,0.171875,0.015625
2.528732573554772,0.921875,0.984375,0.109375,0.0,0.171875,0.015625
2.542173605060829,0.921875,0.984375,0.109375,0.0,0.171875,0.015625
2.555686079996624,0.921875,0.984375,0.109375,0.0,0.171875,0.015625
2.569270378107095,0.921875,0.984375,0.109375,0.0,0.171875,0.015625
2.582926881155644,0.9375,0.984375,0.109375,0.0,0.171875,0.015625
2.596655972934871,0.9375,0.984375,0.109375,0.0,0.171875,0.015625
2.610458039277357,0.9375,0.984375,0.109375,0.0,0.171875,0.015625
2.6243334680665082,0.9375,0.984375,0.109375,0.0,0.171875,0.015625
2.6382826492474565,0.9375,0.984375,0.109375,0.0,0.171875,0.015625
2.6523059748380184,0.9375,0.984375,0.125,0.0,0.171875,0.015625
2.666403838939712,0.953125,0.984375,0.125,0.0,0.171875,0.015625
2.680576637748832,0.953125,0.984375,0.125,0.0,0.171875,0.015625
2.6948247695675844,0.953125,0.984375,0.125,0.0,0.171875,0.015625
2.7091486348152816,0.953125,0.984375,0.125,0.0,0.171875,0.015625
2.7235486360395917,0.953125,0.984375,0.125,0.0,0.171875,0.015625
2.7380251779278573,0.953125,0.984375,0.125,0.0,0.1875,0.015625
2.7525786673184616,0.953125,0.984375,0.125,0.0,0.1875,0.015625
2.7672095132122676,0.953125,0.984375,0.125,0.0,0.1875,0.015625
2.78191812678411,0.953125,0.984375,0.125,0.0,0.1875,0.015625
2.796704921394349,0.953125,0.984375,0.125,0.0,0.1875,0.015625
2.811570312600491,0.953125,0.984375,0.125,0.0,0.1875,0.015625
2.8265147181688635,0.953125,0.984375,0.125,0.0,0.1875,0.015625
2.8415385580863584,0.953125,0.984375,0.125,0.0,0.1875,0.015625
2.856642254572232,0.953125,0.984375,0.125,0.0,0.203125,0.015625
2.871826232089975,0.953125,0.984375,0.125,0.0,0.21875,0.015625
2.8870909173592354,0.953125,0.984375,0.125,0.0,0.21875,0.015625
2.902436739367818,0.953125,0.984375,0.125,0.0,0.21875,0.015625
2.9178641293837333,0.953125,0.984375,0.140625,0.0,0.21875,0.015625
2.9333735209673235,0.953125,0.984375,0.140625,0.0,0.21875,0.015625
2.9489653499834416,0.953125,0.984375,0.140625,0.0,0.21875,0.015625
2.9646400546137053,0.953125,0.984375,0.140625,0.0,0.21875,0.015625
2.980398075368808,0.953125,0.984375,0.15625,0.0,0.21875,0.015625
2.9962398551009013,0.953125,0.984375,0.15625,0.015625,0.21875,0.015625
3.0121658390160375,0.953125,0.984375,0.15625,0.015625,0.21875,0.015625
3.0281764746866844,0.96875,0.984375,0.15625,0.015625,0.21875,0.015625
3.044272212064302,0.96875,0.984375,0.15625,0.015625,0.21875,0.015625
3.0604535034919866,0.96875,0.984375,0.15625,0.015625,0.21875,0.015625
3.076720803717187,0.984375,0.984375,0.15625,0.015625,0.21875,0.015625
3.0930745699044784,0.984375,0.984375,0.15625,0.015625,0.234375,0.015625
3.1095152616484167,0.984375,0.984375,0.15625,0.015625,0.234375,0.015625
3.1260433409864494,0.984375,0.984375,0.15625,0.015625,0.234375,0.015625
3.1426592724119033,0.984375,0.984375,0.15625,0.015625,0.234375,0.015625
3.1593635228870376,0.984375,0.984375,0.15625,0.03125,0.234375,0.015625
3.176156561856167,0.984375,0.984375,0.15625,0.03125,0.234375,0.015625
3.193038861258854,0.984375,0.984375,0.15625,0.046875,0.234375,0.015625
3.2100108955431716,0.984375,0.984375,0.15625,0.046875,0.234375,0.015625
3.2270731416790412,0.984375,0.984375,0.15625,0.046875,0.234375,0.015625
3.24422607917163,0.984375,0.984375,0.15625,0.046875,0.25,0.015625
3.261470190074832,0.984375,0.984375,0.15625,0.046875,0.25,0.015625
3.2788059590048126,0.984375,0.984375,0.15625,0.046875,0.25,0.015625
3.2962338731536294,0.984375,0.984375,0.15625,0.046875,0.265625,0.015625
3.313754422302925,0.984375,0.984375,0.171875,0.046875,0.296875,0.015625
3.3313680988376864,0.984375,0.984375,0.1875,0.046875,0.296875,0.015625
3.349075397760089,0.984375,0.984375,0.21875,0.046875,0.296875,0.015625
3.3668768167034027,0.984375,0.984375,0.21875,0.046875,0.3125,0.015625
3.384772855945981,0.984375,0.984375,0.21875,0.046875,0.3125,0.015625
3.4027640184253185,0.984375,0.984375,0.21875,0.046875,0.328125,0.015625
3.4208508097521837,0.984375,0.984375,0.21875,0.046875,0.34375,0.015625
3.43903373822483,0.984375,0.984375,0.21875,0.046875,0.34375,0.015625
3.4573133148432835,0.984375,0.984375,0.21875,0.046875,0.34375,0.015625
3.4756900533236967,0.984375,0.984375,0.21875,0.046875,0.34375,0.015625
3.4941644701127923,0.984375,0.984375,0.21875,0.046875,0.34375,0.015625
3.5127370844023718,0.984375,0.984375,0.234375,0.046875,0.34375,0.015625
3.531408418143913,0.984375,0.984375,0.234375,0.046875,0.34375,0.015625
3.550178996063231,0.984375,0.984375,0.234375,0.046875,0.34375,0.015625
3.5690493456752295,0.984375,0.984375,0.234375,0.046875,0.34375,0.015625
3.588019997298725,0.984375,0.984375,0.234375,0.046875,0.34375,0.015625
3.607091484071349,0.984375,0.984375,0.234375,0.046875,0.34375,0.015625
3.6262643419645335,0.984375,0.984375,0.25,0.046875,0.34375,0.015625
3.645539109798571,0.984375,0.984375,0.25,0.046875,0.34375,0.015625
3.6649163292577582,0.984375,0.984375,0.28125,0.0625,0.34375,0.015625
3.6843965449056175,0.984375,0.984375,0.28125,0.0625,0.34375,0.015625
3.703980304200207,0.984375,0.984375,0.28125,0.078125,0.34375,0.015625
3.723668157509497,0.984375,0.984375,0.28125,0.078125,0.34375,0.015625
3.743460658126843,0.984375,0.984375,0.28125,0.078125,0.34375,0.015625
3.763358362286534,0.984375,0.984375,0.28125,0.078125,0.34375,0.015625
3.783361829179424,0.984375,0.984375,0.28125,0.078125,0.34375,0.015625
3.8034716209686477,0.984375,0.984375,0.296875,0.078125,0.34375,0.015625
3.823688302805418,0.984375,0.984375,0.328125,0.078125,0.34375,0.015625
3.8440124428449076,0.984375,0.984375,0.328125,0.078125,0.34375,0.015625
3.8644446122622225,0.984375,0.984375,0.328125,0.078125,0.34375,0.015625
3.8849853852684446,0.984375,0.984375,0.359375,0.078125,0.359375,0.015625
3.9056353391267753,0.984375,0.984375,0.359375,0.078125,0.359375,0.015625
3.9263950541687564,0.984375,0.984375,0.359375,0.078125,0.359375,0.015625
3.9472651138105785,0.984375,0.984375,0.359375,0.078125,0.359375,0.015625
3.968246104569481,0.984375,0.984375,0.359375,0.078125,0.359375,0.015625
3.989338616080228,0.984375,0.984375,0.359375,0.078125,0.375,0.015625
4.010543241111687,0.984375,0.984375,0.375,0.078125,0.375,0.015625
4.0318605755834795,0.984375,0.984375,0.390625,0.078125,0.390625,0.015625
4.053291218582737,0.984375,0.984375,0.390625,0.078125,0.40625,0.015625
4.074835772380931,0.984375,0.984375,0.40625,0.078125,0.40625,0.015625
4.096494842450799,0.984375,0.984375,0.421875,0.078125,0.40625,0.015625
4.118269037483362,0.984375,0.984375,0.4375,0.078125,0.40625,0.03125
4.140158969405036,0.984375,0.984375,0.453125,0.078125,0.40625,0.046875
4.162165253394818,0.984375,0.984375,0.46875,0.078125,0.40625,0.046875
4.184288507901582,0.984375,0.984375,0.46875,0.078125,0.40625,0.046875
4.2065293546614555,0.984375,0.984375,0.46875,0.078125,0.40625,0.046875
4.228888418715302,0.984375,0.984375,0.484375,0.078125,0.421875,0.046875
4.251366328426272,0.984375,0.984375,0.484375,0.078125,0.453125,0.046875
4.273963715497471,0.984375,0.984375,0.5,0.078125,0.453125,0.046875
4.296681214989713,0.984375,0.984375,0.515625,0.078125,0.46875,0.046875
4.319519465339362,0.984375,0.984375,0.515625,0.078125,0.46875,0.046875
4.342479108376284,0.984375,0.984375,0.515625,0.078125,0.46875,0.046875
4.365560789341871,0.984375,0.984375,0.546875,0.078125,0.46875,0.046875
4.388765156907187,0.984375,0.984375,0.546875,0.078125,0.46875,0.046875
4.412092863191187,0.984375,0.984375,0.546875,0.078125,0.46875,0.0625
4.435544563779058,0.984375,0.984375,0.546875,0.078125,0.46875,0.0625
4.459120917740626,0.984375,0.984375,0.546875,0.078125,0.46875,0.0625
4.48282258764889,0.984375,0.984375,0.546875,0.078125,0.46875,0.0625
4.5066502395986365,0.984375,0.984375,0.546875,0.078125,0.46875,0.0625
4.530604543225166,0.984375,0.984375,0.5625,0.078125,0.46875,0.0625
4.554686171723101,0.984375,0.984375,0.625,0.078125,0.484375,0.0625
4.578895801865316,0.984375,0.984375,0.625,0.078125,0.484375,0.0625
4.603234114021949,0.984375,0.984375,0.625,0.09375,0.484375,0.0625
4.627701792179528,0.984375,0.984375,0.625,0.109375,0.484375,0.0625
4.652299523960189,0.984375,0.984375,0.640625,0.109375,0.484375,0.0625
4.677028000641003,0.984375,0.984375,0.640625,0.109375,0.484375,0.0625
4.7018879171734005,0.984375,0.984375,0.65625,0.109375,0.5,0.0625
4.726879972202704,0.984375,0.984375,0.65625,0.109375,0.5,0.078125
4.752004868087766,0.984375,0.984375,0.65625,0.109375,0.5,0.078125
4.777263310920696,0.984375,0.984375,0.65625,0.109375,0.5,0.078125
4.802656010546719,0.984375,0.984375,0.65625,0.109375,0.5,0.09375
4.82818368058411,0.984375,0.984375,0.65625,0.109375,0.5,0.09375
4.853847038444263,0.984375,0.984375,0.65625,0.109375,0.5,0.09375
4.8796468053518405,0.984375,0.984375,0.65625,0.109375,0.5,0.09375
4.905583706365048,0.984375,0.984375,0.671875,0.109375,0.5,0.109375
4.931658470396011,0.984375,0.984375,0.71875,0.109375,0.5,0.109375
4.95787183023126,0.984375,0.984375,0.734375,0.109375,0.5,0.109375
4.984224522552319,0.984375,0.984375,0.734375,0.109375,0.5,0.109375
5.0107172879564175,0.984375,0.984375,0.734375,0.109375,0.5,0.109375
5.037350870977294,0.984375,0.984375,0.734375,0.109375,0.515625,0.109375
5.064126020106127,0.984375,0.984375,0.734375,0.109375,0.515625,0.109375
5.091043487812569,0.984375,0.984375,0.734375,0.109375,0.515625,0.109375
5.118104030565891,0.984375,0.984375,0.734375,0.109375,0.515625,0.109375
5.14530840885624,0.984375,0.984375,0.734375,0.109375,0.515625,0.109375
5.1726573872160175,0.984375,0.984375,0.734375,0.109375,0.515625,0.125
5.200151734241363,0.984375,0.984375,0.734375,0.109375,0.515625,0.125
5.227792222613749,0.984375,0.984375,0.734375,0.109375,0.515625,0.125
5.255579629121703,0.984375,0.984375,0.734375,0.125,0.515625,0.125
5.283514734682632,0.984375,0.984375,0.734375,0.140625,0.53125,0.125
5.311598324364777,0.984375,0.984375,0.734375,0.15625,0.53125,0.125
5.339831187409264,0.984375,0.984375,0.734375,0.15625,0.53125,0.125
5.368214117252296,0.984375,0.984375,0.734375,0.15625,0.53125,0.125
5.3967479115474415,0.984375,0.984375,0.734375,0.171875,0.53125,0.125
5.42543337218806,0.984375,0.984375,0.765625,0.1875,0.53125,0.125
5.454271305329832,0.984375,0.984375,0.78125,0.1875,0.53125,0.125
5.4832625214134145,0.984375,0.984375,0.78125,0.203125,0.53125,0.125
5.512407835187221,0.984375,0.984375,0.796875,0.203125,0.5625,0.125
5.541708065730314,0.984375,0.984375,0.796875,0.203125,0.5625,0.125
5.57116403647543,0.984375,0.984375,0.796875,0.203125,0.578125,0.125
5.600776575232113,0.984375,0.984375,0.796875,0.203125,0.578125,0.125
5.630546514209985,0.984375,0.984375,0.8125,0.203125,0.578125,0.125
5.660474690042127,0.984375,0.984375,0.8125,0.203125,0.578125,0.125
5.690561943808603,0.984375,0.984375,0.828125,0.203125,0.59375,0.125
5.720809121060081,0.984375,0.984375,0.859375,0.203125,0.59375,0.125
5.751217071841612,0.984375,0.984375,0.859375,0.203125,0.59375,0.125
5.781786650716505,0.984375,0.984375,0.859375,0.203125,0.59375,0.125
5.812518716790354,0.984375,0.984375,0.875,0.21875,0.59375,0.140625
5.843414133735175,0.984375,0.984375,0.890625,0.234375,0.609375,0.15625
5.87447376981368,0.984375,0.984375,0.890625,0.234375,0.609375,0.15625
5.9056984979036775,0.984375,0.984375,0.890625,0.234375,0.609375,0.15625
5.937089195522608,0.984375,0.984375,0.890625,0.234375,0.609375,0.15625
5.968646744852196,0.984375,0.984375,0.890625,0.234375,0.609375,0.15625
6.000372032763249,0.984375,0.984375,0.890625,0.234375,0.609375,0.15625
6.032265950840579,0.984375,0.984375,0.890625,0.234375,0.609375,0.15625
6.064329395408062,0.984375,0.984375,0.90625,0.234375,0.609375,0.15625
6.096563267553823,0.984375,0.984375,0.90625,0.234375,0.609375,0.15625
6.128968473155564,0.984375,0.984375,0.90625,0.25,0.609375,0.15625
6.161545922906017,0.984375,0.984375,0.90625,0.25,0.609375,0.15625
6.194296532338541,0.984375,0.984375,0.90625,0.25,0.609375,0.171875
6.227221221852854,0.984375,0.984375,0.90625,0.25,0.609375,0.171875
6.260320916740894,0.984375,0.984375,0.90625,0.25,0.609375,0.1875
6.293596547212824,0.984375,0.984375,0.90625,0.25,0.609375,0.1875
6.327049048423175,0.984375,0.984375,0.90625,0.25,0.609375,0.1875
6.360679360497131,0.984375,0.984375,0.90625,0.25,0.609375,0.1875
6.39448842855694,0.984375,0.984375,0.90625,0.25,0.625,0.1875
6.428477202748482,0.984375,0.984375,0.90625,0.25,0.625,0.1875
6.462646638267971,0.984375,0.984375,0.90625,0.25,0.640625,0.1875
6.496997695388796,0.984375,0.984375,0.90625,0.25,0.640625,0.1875
6.531531339488512,0.984375,0.984375,0.90625,0.25,0.640625,0.1875
6.566248541075967,0.984375,0.984375,0.921875,0.265625,0.640625,0.1875
6.601150275818576,0.984375,0.984375,0.921875,0.265625,0.640625,0.1875
6.636237524569741,0.984375,0.984375,0.921875,0.28125,0.640625,0.1875
6.671511273396423,0.984375,0.984375,0.921875,0.28125,0.640625,0.1875
6.706972513606841,0.984375,0.984375,0.921875,0.296875,0.640625,0.1875
6.742622241778342,0.984375,0.984375,0.921875,0.296875,0.640625,0.1875
6.7784614597854,0.984375,0.984375,0.921875,0.34375,0.640625,0.1875
6.814491174827783,0.984375,0.984375,0.9375,0.34375,0.65625,0.1875
6.8507123994588435,0.984375,0.984375,0.9375,0.34375,0.65625,0.1875
6.8871261516139874,0.984375,0.984375,0.9375,0.34375,0.65625,0.1875
6.923733454639272,0.984375,0.984375,0.9375,0.34375,0.65625,0.1875
6.960535337320177,0.984375,0.984375,0.9375,0.359375,0.65625,0.1875
6.997532833910506,0.984375,0.984375,0.9375,0.359375,0.65625,0.1875
7.034726984161452,0.984375,0.984375,0.9375,0.375,0.65625,0.1875
7.072118833350829,0.984375,0.984375,0.9375,0.375,0.65625,0.1875
7.1097094323124335,0.984375,0.984375,0.9375,0.40625,0.671875,0.1875
7.147499837465591,0.984375,0.984375,0.9375,0.421875,0.671875,0.1875
7.185491110844833,0.984375,0.984375,0.9375,0.421875,0.671875,0.1875
7.223684320129747,0.984375,0.984375,0.9375,0.4375,0.671875,0.1875
7.262080538674984,0.984375,0.984375,0.953125,0.4375,0.671875,0.1875
7.300680845540427,0.984375,0.984375,0.953125,0.4375,0.671875,0.1875
7.339486325521503,0.984375,0.984375,0.953125,0.4375,0.671875,0.1875
7.378498069179683,0.984375,0.984375,0.953125,0.4375,0.671875,0.1875
7.417717172873122,0.984375,0.984375,0.953125,0.4375,0.671875,0.1875
7.457144738787477,0.984375,0.984375,0.96875,0.453125,0.671875,0.1875
7.496781874966874,0.984375,0.984375,0.96875,0.453125,0.671875,0.1875
7.536629695345057,0.984375,0.984375,0.96875,0.453125,0.671875,0.1875
7.576689319776678,0.984375,0.984375,0.96875,0.453125,0.671875,0.1875
7.616961874068793,0.984375,0.984375,0.96875,0.453125,0.671875,0.1875
7.657448490012476,0.984375,0.984375,0.96875,0.453125,0.671875,0.1875
7.69815030541464,0.984375,0.984375,0.96875,0.46875,0.671875,0.203125
7.7390684641300105,0.984375,0.984375,0.96875,0.46875,0.671875,0.203125
7.780204116093267,0.984375,0.984375,0.96875,0.46875,0.671875,0.203125
7.821558417351371,0.984375,0.984375,0.984375,0.484375,0.671875,0.203125
7.863132530096041,0.984375,0.984375,0.984375,0.5,0.671875,0.203125
7.904927622696422,0.984375,0.984375,0.984375,0.5,0.671875,0.203125
7.946944869731919,0.984375,0.984375,0.984375,0.515625,0.671875,0.203125
7.989185452025209,0.984375,0.984375,0.984375,0.515625,0.671875,0.203125
8.031650556675421,0.984375,0.984375,0.984375,0.515625,0.671875,0.203125
8.0743413770915,0.984375,0.984375,0.984375,0.515625,0.671875,0.203125
8.117259113025742,0.984375,0.984375,0.984375,0.515625,0.671875,0.203125
8.160404970607525,0.984375,0.984375,0.984375,0.515625,0.703125,0.203125
8.203780162377184,0.984375,0.984375,0.984375,0.515625,0.703125,0.203125
8.247385907320101,0.984375,0.984375,0.984375,0.515625,0.703125,0.203125
8.29122343090096,0.984375,0.984375,0.984375,0.515625,0.703125,0.203125
8.335293965098192,0.984375,0.984375,0.984375,0.515625,0.703125,0.203125
8.379598748438582,0.984375,0.984375,0.984375,0.546875,0.703125,0.234375
8.42413902603209,0.984375,0.984375,0.984375,0.546875,0.703125,0.234375
8.468916049606841,0.984375,0.984375,1.0,0.546875,0.703125,0.25
8.513931077544292,0.984375,0.984375,1.0,0.546875,0.703125,0.25
8.559185374914616,0.984375,0.984375,1.0,0.546875,0.703125,0.25
8.604680213512234,0.984375,0.984375,1.0,0.5625,0.703125,0.265625
8.650416871891565,0.984375,0.984375,1.0,0.5625,0.71875,0.265625
8.696396635402962,0.984375,0.984375,1.0,0.5625,0.71875,0.265625
8.742620796228834,0.984375,0.984375,1.0,0.578125,0.71875,0.296875
8.789090653419954,0.984375,0.984375,1.0,0.578125,0.71875,0.296875
8.835807512931968,0.984375,0.984375,1.0,0.578125,0.71875,0.296875
8.882772687662095,0.984375,0.984375,1.0,0.59375,0.71875,0.296875
8.929987497486042,0.984375,0.984375,1.0,0.59375,0.734375,0.3125
8.97745326929507,0.984375,0.984375,1.0,0.59375,0.734375,0.3125
9.025171337033298,0.984375,0.984375,1.0,0.625,0.734375,0.328125
9.07314304173519,0.984375,0.984375,1.0,0.625,0.734375,0.328125
9.121369731563243,0.984375,0.984375,1.0,0.625,0.734375,0.328125
9.169852761845876,0.984375,0.984375,1.0,0.625,0.734375,0.328125
9.218593495115513,0.984375,0.984375,1.0,0.640625,0.734375,0.328125
9.267593301146878,0.984375,0.984375,1.0,0.640625,0.734375,0.328125
9.316853556995492,0.984375,0.984375,1.0,0.640625,0.734375,0.328125
9.366375647036376,0.984375,0.984375,1.0,0.640625,0.75,0.34375
9.416160963002946,0.984375,0.984375,1.0,0.640625,0.75,0.34375
9.466210904026132,0.984375,0.984375,1.0,0.640625,0.75,0.34375
9.516526876673698,0.984375,0.984375,1.0,0.640625,0.75,0.359375
9.567110294989774,0.984375,0.984375,1.0,0.640625,0.75,0.359375
9.617962580534588,0.984375,0.984375,1.0,0.640625,0.75,0.359375
9.669085162424421,0.984375,0.984375,1.0,0.65625,0.75,0.359375
9.720479477371768,0.984375,0.984375,1.0,0.65625,0.75,0.375
9.772146969725723,0.984375,0.984375,1.0,0.65625,0.75,0.375
9.824089091512551,0.984375,0.984375,1.0,0.65625,0.75,0.390625
9.876307302476516,0.984375,0.984375,1.0,0.65625,0.75,0.390625
9.928803070120887,0.984375,0.984375,1.0,0.671875,0.75,0.390625
9.981577869749193,0.984375,0.984375,1.0,0.671875,0.75,0.390625
10.034633184506681,0.984375,0.984375,1.0,0.671875,0.75,0.390625
10.087970505421987,0.984375,0.984375,1.0,0.6875,0.75,0.390625
10.141591331449053,0.984375,0.984375,1.0,0.6875,0.765625,0.390625
10.195497169509238,0.984375,0.984375,1.0,0.703125,0.765625,0.390625
10.249689534533685,0.984375,0.984375,1.0,0.71875,0.78125,0.390625
10.304169949505875,0.984375,0.984375,1.0,0.71875,0.78125,0.390625
10.358939945504455,0.984375,0.984375,1.0,0.71875,0.78125,0.390625
10.414001061746236,0.984375,0.984375,1.0,0.734375,0.78125,0.40625
10.46935484562947,0.984375,0.984375,1.0,0.734375,0.78125,0.40625
10.525002852777327,0.984375,0.984375,1.0,0.75,0.78125,0.40625
10.580946647081623,0.984375,0.984375,1.0,0.75,0.78125,0.40625
10.63718780074676,0.984375,0.984375,1.0,0.75,0.78125,0.40625
10.693727894333918,0.984375,0.984375,1.0,0.75,0.78125,0.40625
10.75056851680547,0.984375,0.984375,1.0,0.75,0.78125,0.40625
10.807711265569631,0.984375,0.984375,1.0,0.75,0.78125,0.40625
10.865157746525378,0.984375,0.984375,1.0,0.75,0.78125,0.40625
10.922909574107539,0.984375,0.984375,1.0,0.75,0.78125,0.40625
10.98096837133219,0.984375,0.984375,1.0,0.75,0.78125,0.40625
11.039335769842271,0.984375,0.984375,1.0,0.765625,0.78125,0.40625
11.098013409953422,0.984375,0.984375,1.0,0.765625,0.78125,0.40625
11.157002940700098,0.984375,0.984375,1.0,0.765625,0.78125,0.40625
11.216306019881898,0.984375,0.984375,1.0,0.765625,0.78125,0.40625
11.275924314110167,0.984375,0.984375,1.0,0.765625,0.78125,0.40625
11.335859498854838,0.984375,0.984375,1.0,0.765625,0.78125,0.421875
11.39611325849149,0.984375,0.984375,1.0,0.765625,0.796875,0.4375
11.456687286348714,0.984375,0.984375,1.0,0.765625,0.796875,0.453125
11.51758328475569,0.984375,0.984375,1.0,0.765625,0.796875,0.453125
11.578802965090022,0.984375,0.984375,1.0,0.765625,0.8125,0.453125
11.640348047825846,0.984375,0.984375,1.0,0.78125,0.8125,0.453125
11.702220262582172,0.984375,0.984375,1.0,0.78125,0.8125,0.453125
11.764421348171492,0.984375,0.984375,1.0,0.78125,0.8125,0.453125
11.82695305264865,0.984375,0.984375,1.0,0.78125,0.8125,0.453125
11.889817133359976,0.984375,0.984375,1.0,0.78125,0.8125,0.453125
11.953015356992653,0.984375,0.984375,1.0,0.78125,0.8125,0.453125
12.016549499624379,0.984375,0.984375,1.0,0.78125,0.828125,0.453125
12.080421346773283,0.984375,0.984375,1.0,0.796875,0.84375,0.46875
12.144632693448099,0.984375,0.984375,1.0,0.796875,0.84375,0.46875
12.20918534419861,0.984375,0.984375,1.0,0.796875,0.84375,0.46875
12.274081113166371,0.984375,0.984375,1.0,0.796875,0.84375,0.46875
12.339321824135677,0.984375,0.984375,1.0,0.796875,0.84375,0.46875
12.404909310584841,0.984375,0.984375,1.0,0.796875,0.84375,0.46875
12.470845415737694,0.984375,0.984375,1.0,0.796875,0.84375,0.46875
12.5371319926154,0.984375,0.984375,1.0,0.796875,0.84375,0.46875
12.603770904088531,0.984375,0.984375,1.0,0.796875,0.84375,0.484375
12.670764022929419,0.984375,0.984375,1.0,0.796875,0.84375,0.484375
12.738113231864785,0.984375,0.984375,1.0,0.796875,0.84375,0.5
12.805820423628655,0.984375,0.984375,1.0,0.796875,0.84375,0.5
12.873887501015544,0.984375,0.984375,1.0,0.796875,0.859375,0.5
12.942316376933933,0.984375,0.984375,1.0,0.796875,0.859375,0.5
13.011108974460045,0.984375,0.984375,1.0,0.796875,0.859375,0.515625
13.080267226891863,0.984375,0.984375,1.0,0.8125,0.859375,0.515625
13.149793077803471,0.984375,0.984375,1.0,0.8125,0.859375,0.515625
13.219688481099688,0.984375,0.984375,1.0,0.8125,0.859375,0.515625
13.289955401070959,0.984375,0.984375,1.0,0.8125,0.859375,0.53125
13.360595812448574,0.984375,0.984375,1.0,0.8125,0.859375,0.53125
13.43161170046016,0.984375,0.984375,1.0,0.8125,0.859375,0.53125
13.50300506088546,0.984375,0.984375,1.0,0.8125,0.859375,0.53125
13.574777900112453,0.984375,0.984375,1.0,0.8125,0.859375,0.53125
13.646932235193702,1.0,1.0,1.0,0.828125,0.859375,0.53125
13.719470093903059,1.0,1.0,1.0,0.828125,0.859375,0.53125
13.792393514792652,1.0,1.0,1.0,0.828125,0.859375,0.53125
13.865704547250171,1.0,1.0,1.0,0.828125,0.859375,0.53125
13.93940525155647,1.0,1.0,1.0,0.828125,0.859375,0.53125
14.013497698943459,1.0,1.0,1.0,0.828125,0.859375,0.546875
14.08798397165231,1.0,1.0,1.0,0.828125,0.859375,0.546875
14.16286616299198,1.0,1.0,1.0,0.84375,0.859375,0.546875
14.238146377398062,1.0,1.0,1.0,0.84375,0.859375,0.546875
14.313826730491877,1.0,1.0,1.0,0.84375,0.859375,0.546875
14.389909349139971,1.0,1.0,1.0,0.84375,0.859375,0.546875
14.466396371513872,1.0,1.0,1.0,0.84375,0.859375,0.546875
14.543289947150178,1.0,1.0,1.0,0.84375,0.859375,0.546875
14.620592237010976,1.0,1.0,1.0,0.84375,0.859375,0.546875
14.698305413544556,1.0,1.0,1.0,0.859375,0.859375,0.5625
14.776431660746473,1.0,1.0,1.0,0.859375,0.859375,0.5625
14.854973174220946,1.0,1.0,1.0,0.859375,0.859375,0.5625
14.933932161242518,1.0,1.0,1.0,0.859375,0.859375,0.5625
15.013310840818114,1.0,1.0,1.0,0.859375,0.859375,0.5625
15.093111443749406,1.0,1.0,1.0,0.859375,0.859375,0.5625
15.173336212695489,1.0,1.0,1.0,0.859375,0.859375,0.5625
15.253987402235921,1.0,1.0,1.0,0.859375,0.859375,0.578125
15.335067278934085,1.0,1.0,1.0,0.875,0.859375,0.578125
15.416578121400873,1.0,1.0,1.0,0.875,0.859375,0.578125
15.498522220358726,1.0,1.0,1.0,0.875,0.859375,0.578125
15.58090187870604,1.0,1.0,1.0,0.875,0.859375,0.578125
15.663719411581837,1.0,1.0,1.0,0.875,0.875,0.578125
15.74697714643086,1.0,1.0,1.0,0.875,0.875,0.578125
15.83067742306897,1.0,1.0,1.0,0.875,0.875,0.609375
15.914822593748912,1.0,1.0,1.0,0.875,0.875,0.609375
15.999415023226412,1.0,1.0,1.0,0.875,0.890625,0.609375
16.084457088826635,1.0,1.0,1.0,0.875,0.890625,0.609375
16.169951180510996,1.0,1.0,1.0,0.875,0.890625,0.625
16.255899700944347,1.0,1.0,1.0,0.875,0.890625,0.625
16.342305065562456,1.0,1.0,1.0,0.875,0.890625,0.625
16.429169702639932,1.0,1.0,1.0,0.875,0.890625,0.625
16.51649605335843,1.0,1.0,1.0,0.875,0.890625,0.625
16.604286571875296,1.0,1.0,1.0,0.875,0.890625,0.625
16.692543725392497,1.0,1.0,1.0,0.875,0.890625,0.625
16.781269994225994,1.0,1.0,1.0,0.875,0.890625,0.625
16.870467871875412,1.0,1.0,1.0,0.875,0.890625,0.625
16.96013986509414,1.0,1.0,1.0,0.875,0.90625,0.625
17.050288493959787,1.0,1.0,1.0,0.875,0.90625,0.625
17.140916291944972,1.0,1.0,1.0,0.875,0.90625,0.625
17.23202580598854,1.0,1.0,1.0,0.875,0.90625,0.625
17.32361959656715,1.0,1.0,1.0,0.875,0.90625,0.625
17.415700237767208,1.0,1.0,1.0,0.875,0.90625,0.640625
17.50827031735724,1.0,1.0,1.0,0.875,0.921875,0.640625
17.60133243686059,1.0,1.0,1.0,0.875,0.921875,0.640625
17.694889211628524,1.0,1.0,1.0,0.875,0.921875,0.640625
17.788943270913784,1.0,1.0,1.0,0.875,0.921875,0.640625
17.88349725794441,1.0,1.0,1.0,0.875,0.921875,0.65625
17.978553829998056,1.0,1.0,1.0,0.875,0.921875,0.671875
18.07411565847668,1.0,1.0,1.0,0.875,0.921875,0.671875
18.17018542898159,1.0,1.0,1.0,0.890625,0.9375,0.671875
18.26676584138895,1.0,1.0,1.0,0.890625,0.953125,0.671875
18.363859609925623,1.0,1.0,1.0,0.890625,0.953125,0.671875
18.461469463245475,1.0,1.0,1.0,0.890625,0.953125,0.6875
18.55959814450604,1.0,1.0,1.0,0.890625,0.953125,0.703125
18.65824841144565,1.0,1.0,1.0,0.890625,0.953125,0.703125
18.757423036460874,1.0,1.0,1.0,0.890625,0.953125,0.703125
18.857124806684485,1.0,1.0,1.0,0.890625,0.953125,0.703125
18.957356524063755,1.0,1.0,1.0,0.890625,0.953125,0.71875
19.05812100543922,1.0,1.0,1.0,0.890625,0.953125,0.71875
19.159421082623837,1.0,1.0,1.0,0.890625,0.953125,0.71875
19.26125960248256,1.0,1.0,1.0,0.890625,0.953125,0.71875
19.363639427012345,1.0,1.0,1.0,0.890625,0.953125,0.71875
19.466563433422614,1.0,1.0,1.0,0.890625,0.953125,0.71875
19.570034514216054,1.0,1.0,1.0,0.890625,0.953125,0.71875
19.674055577269957,1.0,1.0,1.0,0.890625,0.953125,0.71875
19.77862954591792,1.0,1.0,1.0,0.890625,0.953125,0.71875
19.883759359032005,1.0,1.0,1.0,0.890625,0.953125,0.71875
19.989447971105328,1.0,1.0,1.0,0.890625,0.96875,0.71875
20.09569835233509,1.0,1.0,1.0,0.890625,0.96875,0.71875
20.202513488706057,1.0,1.0,1.0,0.890625,0.96875,0.734375
20.30989638207445,1.0,1.0,1.0,0.890625,0.96875,0.734375
20.417850050252365,1.0,1.0,1.0,0.890625,0.96875,0.734375
20.52637752709251,1.0,1.0,1.0,0.890625,0.96875,0.734375
20.635481862573517,1.0,1.0,1.0,0.890625,0.96875,0.734375
20.74516612288564,1.0,1.0,1.0,0.890625,0.96875,0.734375
20.855433390516914,1.0,1.0,1.0,0.890625,0.96875,0.75
20.966286764339817,1.0,1.0,1.0,0.890625,0.96875,0.75
21.077729359698314,1.0,1.0,1.0,0.890625,0.96875,0.75
21.189764308495434,1.0,1.0,1.0,0.890625,0.96875,0.75
21.302394759281313,1.0,1.0,1.0,0.890625,0.96875,0.75
21.415623877341616,1.0,1.0,1.0,0.890625,0.96875,0.75
21.52945484478653,1.0,1.0,1.0,0.890625,0.96875,0.75
21.6438908606402,1.0,1.0,1.0,0.890625,0.96875,0.75
21.758935140930614,1.0,1.0,1.0,0.890625,0.96875,0.765625
21.874590918779976,1.0,1.0,1.0,0.890625,0.96875,0.78125
21.990861444495597,1.0,1.0,1.0,0.890625,0.96875,0.78125
22.10774998566122,1.0,1.0,1.0,0.890625,0.96875,0.78125
22.22525982722883,1.0,1.0,1.0,0.890625,0.96875,0.78125
22.343394271611036,1.0,1.0,1.0,0.890625,0.96875,0.78125
22.46215663877381,1.0,1.0,1.0,0.890625,0.96875,0.78125
22.58155026632982,1.0,1.0,1.0,0.890625,0.96875,0.78125
22.701578509632224,1.0,1.0,1.0,0.90625,0.96875,0.78125
22.822244741868975,1.0,1.0,1.0,0.90625,0.96875,0.796875
22.9435523541576,1.0,1.0,1.0,0.90625,0.96875,0.796875
23.065504755640525,1.0,1.0,1.0,0.90625,0.96875,0.796875
23.18810537358086,1.0,1.0,1.0,0.90625,0.984375,0.796875
23.311357653458725,1.0,1.0,1.0,0.90625,0.984375,0.8125
23.435265059068104,1.0,1.0,1.0,0.90625,0.984375,0.8125
23.55983107261414,1.0,1.0,1.0,0.90625,0.984375,0.8125
23.68505919481104,1.0,1.0,1.0,0.90625,0.984375,0.8125
23.810952944980418,1.0,1.0,1.0,0.90625,0.984375,0.828125
23.937515861150246,1.0,1.0,1.0,0.90625,0.984375,0.828125
24.06475150015424,1.0,1.0,1.0,0.90625,0.984375,0.828125
24.192663437731852,1.0,1.0,1.0,0.90625,0.984375,0.828125
24.32125526862872,1.0,1.0,1.0,0.90625,0.984375,0.828125
24.45053060669776,1.0,1.0,1.0,0.90625,0.984375,0.828125
24.580493085000658,1.0,1.0,1.0,0.90625,0.984375,0.828125
24.711146355909992,1.0,1.0,1.0,0.90625,0.984375,0.828125
24.842494091211893,1.0,1.0,1.0,0.90625,0.984375,0.828125
24.974539982209226,1.0,1.0,1.0,0.90625,0.984375,0.828125
25.107287739825313,1.0,1.0,1.0,0.90625,0.984375,0.84375
25.240741094708245,1.0,1.0,1.0,0.90625,0.984375,0.84375
25.374903797335705,1.0,1.0,1.0,0.90625,0.984375,0.84375
25.50977961812037,1.0,1.0,1.0,0.90625,0.984375,0.84375
25.64537234751592,1.0,1.0,1.0,0.90625,0.984375,0.84375
25.781685796123483,1.0,1.0,1.0,0.90625,0.984375,0.84375
25.918723794798773,1.0,1.0,1.0,0.90625,0.984375,0.859375
26.056490194759743,1.0,1.0,1.0,0.90625,0.984375,0.875
26.194988867694814,1.0,1.0,1.0,0.90625,0.984375,0.875
26.334223705871693,1.0,1.0,1.0,0.90625,0.984375,0.875
26.474198622246735,1.0,1.0,1.0,0.90625,0.984375,0.875
26.61491755057492,1.0,1.0,1.0,0.90625,0.984375,0.890625
26.75638444552044,1.0,1.0,1.0,0.90625,1.0,0.890625
26.89860328276777,1.0,1.0,1.0,0.90625,1.0,0.890625
27.041578059133453,1.0,1.0,1.0,0.90625,1.0,0.90625
27.185312792678396,1.0,1.0,1.0,0.90625,1.0,0.921875
27.329811522820805,1.0,1.0,1.0,0.90625,1.0,0.921875
27.475078310449693,1.0,1.0,1.0,0.90625,1.0,0.921875
27.62111723803902,1.0,1.0,1.0,0.90625,1.0,0.921875
27.76793240976241,1.0,1.0,1.0,0.90625,1.0,0.921875
27.91552795160849,1.0,1.0,1.0,0.90625,1.0,0.921875
28.06390801149688,1.0,1.0,1.0,0.90625,1.0,0.921875
28.213076759394706,1.0,1.0,1.0,0.90625,1.0,0.921875
28.36303838743383,1.0,1.0,1.0,0.90625,1.0,0.921875
28.513797110028637,1.0,1.0,1.0,0.90625,1.0,0.921875
28.665357163994507,1.0,1.0,1.0,0.90625,1.0,0.921875
28.81772280866685,1.0,1.0,1.0,0.90625,1.0,0.921875
28.97089832602083,1.0,1.0,1.0,0.90625,1.0,0.921875
29.12488802079167,1.0,1.0,1.0,0.90625,1.0,0.9375
29.279696220595707,1.0,1.0,1.0,0.90625,1.0,0.9375
29.435327276051908,1.0,1.0,1.0,0.90625,1.0,0.9375
29.591785560904203,1.0,1.0,1.0,0.90625,1.0,0.9375
29.74907547214439,1.0,1.0,1.0,0.90625,1.0,0.9375
29.907201430135693,1.0,1.0,1.0,0.90625,1.0,0.9375
30.066167878737,1.0,1.0,1.0,0.90625,1.0,0.9375
30.225979285427748,1.0,1.0,1.0,0.90625,1.0,0.9375
30.38664014143347,1.0,1.0,1.0,0.90625,1.0,0.9375
30.548154961852,1.0,1.0,1.0,0.90625,1.0,0.9375
30.710528285780423,1.0,1.0,1.0,0.90625,1.0,0.9375
30.873764676442548,1.0,1.0,1.0,0.90625,1.0,0.9375
31.03786872131721,1.0,1.0,1.0,0.90625,1.0,0.9375
31.20284503226718,1.0,1.0,1.0,0.90625,1.0,0.9375
31.368698245668764,1.0,1.0,1.0,0.90625,1.0,0.9375
31.535433022542115,1.0,1.0,1.0,0.90625,1.0,0.953125
31.703054048682212,1.0,1.0,1.0,0.90625,1.0,0.953125
31.871566034790536,1.0,1.0,1.0,0.90625,1.0,0.953125
32.04097371660751,1.0,1.0,1.0,0.90625,1.0,0.953125
32.21128185504552,1.0,1.0,1.0,0.90625,1.0,0.953125
32.38249523632274,1.0,1.0,1.0,0.90625,1.0,0.953125
32.55461867209764,1.0,1.0,1.0,0.90625,1.0,0.953125
32.72765699960422,1.0,1.0,1.0,0.90625,1.0,0.953125
32.90161508178795,1.0,1.0,1.0,0.90625,1.0,0.953125
33.07649780744241,1.0,1.0,1.0,0.90625,1.0,0.953125
33.25231009134671,1.0,1.0,1.0,0.90625,1.0,0.953125
33.42905687440358,1.0,1.0,1.0,0.90625,1.0,0.953125
33.606743123778294,1.0,1.0,1.0,0.90625,1.0,0.953125
33.785373833038186,1.0,1.0,1.0,0.90625,1.0,0.953125
33.964954022293,1.0,1.0,1.0,0.90625,1.0,0.953125
34.145488738336006,1.0,1.0,1.0,0.90625,1.0,0.953125
34.32698305478581,1.0,1.0,1.0,0.90625,1.0,0.953125
34.50944207222896,1.0,1.0,1.0,0.90625,1.0,0.953125
34.69287091836322,1.0,1.0,1.0,0.90625,1.0,0.953125
34.87727474814176,1.0,1.0,1.0,0.90625,1.0,0.953125
35.06265874391802,1.0,1.0,1.0,0.90625,1.0,0.953125
35.24902811559129,1.0,1.0,1.0,0.90625,1.0,0.953125
35.436388100753156,1.0,1.0,1.0,0.90625,1.0,0.953125
35.624743964834714,1.0,1.0,1.0,0.90625,1.0,0.953125
35.81410100125452,1.0,1.0,1.0,0.90625,1.0,0.953125
36.004464531567365,1.0,1.0,1.0,0.90625,1.0,0.953125
36.19583990561382,1.0,1.0,1.0,0.90625,1.0,0.953125
36.3882325016706,1.0,1.0,1.0,0.90625,1.0,0.953125
36.58164772660168,1.0,1.0,1.0,0.90625,1.0,0.953125
36.776091016010305,1.0,1.0,1.0,0.90625,1.0,0.953125
36.97156783439167,1.0,1.0,1.0,0.90625,1.0,0.953125
37.16808367528655,1.0,1.0,1.0,0.90625,1.0,0.953125
37.36564406143565,1.0,1.0,1.0,0.90625,1.0,0.953125
37.56425454493484,1.0,1.0,1.0,0.90625,1.0,0.953125
37.76392070739118,1.0,1.0,1.0,0.90625,1.0,0.953125
37.96464816007976,1.0,1.0,1.0,0.90625,1.0,0.953125
38.1664425441014,1.0,1.0,1.0,0.90625,1.0,0.953125
38.369309530541265,1.0,1.0,1.0,0.90625,1.0,0.953125
38.5732548206281,1.0,1.0,1.0,0.90625,1.0,0.953125
38.77828414589455,1.0,1.0,1.0,0.90625,1.0,0.953125
38.98440326833821,1.0,1.0,1.0,0.90625,1.0,0.953125
39.19161798058355,1.0,1.0,1.0,0.90625,1.0,0.953125
39.39993410604472,1.0,1.0,1.0,0.90625,1.0,0.953125
39.609357499089185,1.0,1.0,1.0,0.90625,1.0,0.953125
39.8198940452023,1.0,1.0,1.0,0.90625,1.0,0.953125
40.03154966115261,1.0,1.0,1.0,0.90625,1.0,0.953125
40.244330295158306,1.0,1.0,1.0,0.90625,1.0,0.96875
40.458241927054196,1.0,1.0,1.0,0.90625,1.0,0.96875
40.67329056845986,1.0,1.0,1.0,0.90625,1.0,0.984375
40.889482262948604,1.0,1.0,1.0,0.90625,1.0,0.984375
41.106823086217254,1.0,1.0,1.0,0.90625,1.0,0.984375
41.32531914625695,1.0,1.0,1.0,0.90625,1.0,0.984375
41.54497658352477,1.0,1.0,1.0,0.90625,1.0,0.984375
41.76580157111631,1.0,1.0,1.0,0.90625,1.0,0.984375
41.98780031493914,1.0,1.0,1.0,0.90625,1.0,1.0
42.21097905388732,1.0,1.0,1.0,0.90625,1.0,1.0
42.435344060016554,1.0,1.0,1.0,0.90625,1.0,1.0
42.660901638720595,1.0,1.0,1.0,0.90625,1.0,1.0
42.8876581289084,1.0,1.0,1.0,0.90625,1.0,1.0
43.115619903182264,1.0,1.0,1.0,0.90625,1.0,1.0
43.34479336801694,1.0,1.0,1.0,0.90625,1.0,1.0
43.575184963939655,1.0,1.0,1.0,0.90625,1.0,1.0
43.806801165711114,1.0,1.0,1.0,0.90625,1.0,1.0
44.039648482507516,1.0,1.0,1.0,0.90625,1.0,1.0
44.27373345810339,1.0,1.0,1.0,0.90625,1.0,1.0
44.50906267105555,1.0,1.0,1.0,0.90625,1.0,1.0
44.74564273488798,1.0,1.0,1.0,0.90625,1.0,1.0
44.98348029827767,1.0,1.0,1.0,0.90625,1.0,1.0
45.22258204524148,1.0,1.0,1.0,0.90625,1.0,1.0
45.462954695323994,1.0,1.0,1.0,0.90625,1.0,1.0
45.70460500378634,1.0,1.0,1.0,0.90625,1.0,1.0
45.94753976179602,1.0,1.0,1.0,0.90625,1.0,1.0
46.19176579661786,1.0,1.0,1.0,0.90625,1.0,1.0
46.43728997180573,1.0,1.0,1.0,0.90625,1.0,1.0
46.68411918739555,1.0,1.0,1.0,0.90625,1.0,1.0
46.932260380099144,1.0,1.0,1.0,0.90625,1.0,1.0
47.18172052349921,1.0,1.0,1.0,0.90625,1.0,1.0
47.432506628245285,1.0,1.0,1.0,0.90625,1.0,1.0
47.684625742250795,1.0,1.0,1.0,0.90625,1.0,1.0
47.93808495089107,1.0,1.0,1.0,0.90625,1.0,1.0
48.192891377202564,1.0,1.0,1.0,0.90625,1.0,1.0
48.44905218208292,1.0,1.0,1.0,0.90625,1.0,1.0
48.70657456449228,1.0,1.0,1.0,0.90625,1.0,1.0
48.965465761655594,1.0,1.0,1.0,0.90625,1.0,1.0
49.22573304926599,1.0,1.0,1.0,0.90625,1.0,1.0
49.487383741689285,1.0,1.0,1.0,0.90625,1.0,1.0
49.75042519216949,1.0,1.0,1.0,0.90625,1.0,1.0
50.014864793035485,1.0,1.0,1.0,0.90625,1.0,1.0
50.28070997590877,1.0,1.0,1.0,0.90625,1.0,1.0
50.54796821191238,1.0,1.0,1.0,0.90625,1.0,1.0
50.81664701188069,1.0,1.0,1.0,0.90625,1.0,1.0
51.086753926570644,1.0,1.0,1.0,0.90625,1.0,1.0
51.35829654687389,1.0,1.0,1.0,0.90625,1.0,1.0
51.631282504030104,1.0,1.0,1.0,0.90625,1.0,1.0
51.90571946984149,1.0,1.0,1.0,0.90625,1.0,1.0
52.18161515688836,1.0,1.0,1.0,0.90625,1.0,1.0
52.45897731874586,1.0,1.0,1.0,0.90625,1.0,1.0
52.73781375020195,1.0,1.0,1.0,0.90625,1.0,1.0
53.01813228747636,1.0,1.0,1.0,0.90625,1.0,1.0
53.29994080844088,1.0,1.0,1.0,0.90625,1.0,1.0
53.583247232840726,1.0,1.0,1.0,0.90625,1.0,1.0
53.868059522517136,1.0,1.0,1.0,0.90625,1.0,1.0
54.1543856816311,1.0,1.0,1.0,0.90625,1.0,1.0
54.442233756888314,1.0,1.0,1.0,0.90625,1.0,1.0
54.73161183776532,1.0,1.0,1.0,0.90625,1.0,1.0
55.02252805673682,1.0,1.0,1.0,0.90625,1.0,1.0
55.31499058950432,1.0,1.0,1.0,0.90625,1.0,1.0
55.609007655225746,1.0,1.0,1.0,0.90625,1.0,1.0
55.904587516746545,1.0,1.0,1.0,0.90625,1.0,1.0
56.20173848083185,1.0,1.0,1.0,0.90625,1.0,1.0
56.50046889839994,1.0,1.0,1.0,0.90625,1.0,1.0
56.80078716475692,1.0,1.0,1.0,0.90625,1.0,1.0
57.10270171983266,1.0,1.0,1.0,0.90625,1.0,1.0
57.40622104841798,1.0,1.0,1.0,0.90625,1.0,1.0
57.71135368040318,1.0,1.0,1.0,0.90625,1.0,1.0
58.01810819101758,1.0,1.0,1.0,0.90625,1.0,1.0
58.32649320107068,1.0,1.0,1.0,0.90625,1.0,1.0
58.63651737719435,1.0,1.0,1.0,0.90625,1.0,1.0
58.94818943208642,1.0,1.0,1.0,0.90625,1.0,1.0
59.261518124755526,1.0,1.0,1.0,0.90625,1.0,1.0
59.57651226076726,1.0,1.0,1.0,0.90625,1.0,1.0
59.89318069249165,1.0,1.0,1.0,0.90625,1.0,1.0
60.211532319351896,1.0,1.0,1.0,0.90625,1.0,1.0
60.531576088074615,1.0,1.0,1.0,0.90625,1.0,1.0
60.85332099294108,1.0,1.0,1.0,0.90625,1.0,1.0
61.176776076040085,1.0,1.0,1.0,0.90625,1.0,1.0
61.50195042752207,1.0,1.0,1.0,0.90625,1.0,1.0
61.82885318585456,1.0,1.0,1.0,0.90625,1.0,1.0
62.157493538079,1.0,1.0,1.0,0.90625,1.0,1.0
62.48788072006891,1.0,1.0,1.0,0.90625,1.0,1.0
62.82002401678945,1.0,1.0,1.0,0.90625,1.0,1.0
63.15393276255847,1.0,1.0,1.0,0.90625,1.0,1.0
63.48961634130862,1.0,1.0,1.0,0.90625,1.0,1.0
63.82708418685125,1.0,1.0,1.0,0.90625,1.0,1.0
64.16634578314145,1.0,1.0,1.0,0.90625,1.0,1.0
64.50741066454461,1.0,1.0,1.0,0.90625,1.0,1.0
64.85028841610433,1.0,1.0,1.0,0.90625,1.0,1.0
65.19498867381186,1.0,1.0,1.0,0.90625,1.0,1.0
65.54152112487682,1.0,1.0,1.0,0.90625,1.0,1.0
65.88989550799947,1.0,1.0,1.0,0.90625,1.0,1.0
66.24012161364449,1.0,1.0,1.0,0.90625,1.0,1.0
66.592209284316,1.0,1.0,1.0,0.90625,1.0,1.0
66.94616841483416,1.0,1.0,1.0,0.90625,1.0,1.0
67.30200895261339,1.0,1.0,1.0,0.90625,1.0,1.0
67.65974089794179,1.0,1.0,1.0,0.90625,1.0,1.0
68.0193743042622,1.0,1.0,1.0,0.90625,1.0,1.0
68.38091927845481,1.0,1.0,1.0,0.90625,1.0,1.0
68.74438598112108,1.0,1.0,1.0,0.90625,1.0,1.0
69.1097846268695,1.0,1.0,1.0,0.90625,1.0,1.0
69.47712548460233,1.0,1.0,1.0,0.90625,1.0,1.0
69.84641887780447,1.0,1.0,1.0,0.90625,1.0,1.0
70.21767518483344,1.0,1.0,1.0,0.90625,1.0,1.0
70.59090483921112,1.0,1.0,1.0,0.90625,1.0,1.0
70.96611832991691,1.0,1.0,1.0,0.90625,1.0,1.0
71.34332620168252,1.0,1.0,1.0,0.90625,1.0,1.0
71.72253905528835,1.0,1.0,1.0,0.90625,1.0,1.0
72.10376754786131,1.0,1.0,1.0,0.90625,1.0,1.0
72.48702239317453,1.0,1.0,1.0,0.90625,1.0,1.0
72.87231436194816,1.0,1.0,1.0,0.90625,1.0,1.0
73.25965428215227,1.0,1.0,1.0,0.90625,1.0,1.0
73.64905303931108,1.0,1.0,1.0,0.90625,1.0,1.0
74.04052157680893,1.0,1.0,1.0,0.90625,1.0,1.0
74.43407089619774,1.0,1.0,1.0,0.90625,1.0,1.0
74.82971205750624,1.0,1.0,1.0,0.90625,1.0,1.0
75.2274561795508,1.0,1.0,1.0,0.90625,1.0,1.0
75.62731444024796,1.0,1.0,1.0,0.90625,1.0,1.0
76.02929807692841,1.0,1.0,1.0,0.90625,1.0,1.0
76.43341838665292,1.0,1.0,1.0,0.90625,1.0,1.0
76.83968672652978,1.0,1.0,1.0,0.90625,1.0,1.0
77.248114514034,1.0,1.0,1.0,0.90625,1.0,1.0
77.65871322732816,1.0,1.0,1.0,0.90625,1.0,1.0
78.071494405585,1.0,1.0,1.0,0.90625,1.0,1.0
78.48646964931164,1.0,1.0,1.0,0.90625,1.0,1.0
78.90365062067569,1.0,1.0,1.0,0.90625,1.0,1.0
79.32304904383301,1.0,1.0,1.0,0.90625,1.0,1.0
79.74467670525704,1.0,1.0,1.0,0.90625,1.0,1.0
80.16854545407018,1.0,1.0,1.0,0.90625,1.0,1.0
80.59466720237674,1.0,1.0,1.0,0.90625,1.0,1.0
81.02305392559774,1.0,1.0,1.0,0.90625,1.0,1.0
81.4537176628074,1.0,1.0,1.0,0.90625,1.0,1.0
81.88667051707156,1.0,1.0,1.0,0.90625,1.0,1.0
82.32192465578767,1.0,1.0,1.0,0.90625,1.0,1.0
82.759492311027,1.0,1.0,1.0,0.90625,1.0,1.0
83.19938577987811,1.0,1.0,1.0,0.90625,1.0,1.0
83.64161742479259,1.0,1.0,1.0,0.90625,1.0,1.0
84.08619967393244,1.0,1.0,1.0,0.90625,1.0,1.0
84.53314502151942,1.0,1.0,1.0,0.90625,1.0,1.0
84.98246602818605,1.0,1.0,1.0,0.90625,1.0,1.0
85.43417532132872,1.0,1.0,1.0,0.90625,1.0,1.0
85.88828559546249,1.0,1.0,1.0,0.90625,1.0,1.0
86.34480961257788,1.0,1.0,1.0,0.90625,1.0,1.0
86.80376020249956,1.0,1.0,1.0,0.90625,1.0,1.0
87.26515026324682,1.0,1.0,1.0,0.90625,1.0,1.0
87.7289927613961,1.0,1.0,1.0,0.90625,1.0,1.0
88.19530073244539,1.0,1.0,1.0,0.90625,1.0,1.0
88.66408728118057,1.0,1.0,1.0,0.90625,1.0,1.0
89.13536558204369,1.0,1.0,1.0,0.90625,1.0,1.0
89.60914887950325,1.0,1.0,1.0,0.90625,1.0,1.0
90.08545048842633,1.0,1.0,1.0,0.90625,1.0,1.0
90.56428379445285,1.0,1.0,1.0,0.90625,1.0,1.0
91.04566225437182,1.0,1.0,1.0,0.90625,1.0,1.0
91.52959939649932,1.0,1.0,1.0,0.90625,1.0,1.0
92.01610882105888,1.0,1.0,1.0,0.90625,1.0,1.0
92.50520420056355,1.0,1.0,1.0,0.90625,1.0,1.0
92.9968992802003,1.0,1.0,1.0,0.90625,1.0,1.0
93.4912078782161,1.0,1.0,1.0,0.90625,1.0,1.0
93.98814388630649,1.0,1.0,1.0,0.90625,1.0,1.0
94.48772127000574,1.0,1.0,1.0,0.90625,1.0,1.0
94.9899540690796,1.0,1.0,1.0,0.90625,1.0,1.0
95.49485639791962,1.0,1.0,1.0,0.90625,1.0,1.0
96.00244244593989,1.0,1.0,1.0,0.90625,1.0,1.0
96.5127264779759,1.0,1.0,1.0,0.90625,1.0,1.0
97.02572283468528,1.0,1.0,1.0,0.90625,1.0,1.0
97.54144593295094,1.0,1.0,1.0,0.90625,1.0,1.0
98.05991026628617,1.0,1.0,1.0,0.90625,1.0,1.0
98.58113040524196,1.0,1.0,1.0,0.90625,1.0,1.0
99.10512099781648,1.0,1.0,1.0,0.90625,1.0,1.0
99.63189676986686,1.0,1.0,1.0,0.90625,1.0,1.0
100.16147252552283,1.0,1.0,1.0,0.90625,1.0,1.0
100.69386314760271,1.0,1.0,1.0,0.90625,1.0,1.0
101.22908359803208,1.0,1.0,1.0,0.90625,1.0,1.0
101.76714891826396,1.0,1.0,1.0,0.90625,1.0,1.0
102.30807422970129,1.0,1.0,1.0,0.90625,1.0,1.0
102.85187473412256,1.0,1.0,1.0,0.90625,1.0,1.0
103.39856571410819,1.0,1.0,1.0,0.90625,1.0,1.0
103.94816253347089,1.0,1.0,1.0,0.90625,1.0,1.0
104.5006806376866,1.0,1.0,1.0,0.90625,1.0,1.0
105.05613555432936,1.0,1.0,1.0,0.90625,1.0,1.0
105.61454289350685,1.0,1.0,1.0,0.90625,1.0,1.0
106.1759183482999,1.0,1.0,1.0,0.90625,1.0,1.0
106.74027769520309,1.0,1.0,1.0,0.90625,1.0,1.0
107.30763679456784,1.0,1.0,1.0,0.90625,1.0,1.0
107.87801159104895,1.0,1.0,1.0,0.90625,1.0,1.0
108.45141811405173,1.0,1.0,1.0,0.90625,1.0,1.0
109.02787247818345,1.0,1.0,1.0,0.90625,1.0,1.0
109.60739088370525,1.0,1.0,1.0,0.90625,1.0,1.0
110.18998961698836,1.0,1.0,1.0,0.90625,1.0,1.0
110.77568505097086,1.0,1.0,1.0,0.90625,1.0,1.0
111.36449364561871,1.0,1.0,1.0,0.90625,1.0,1.0
111.95643194838783,1.0,1.0,1.0,0.90625,1.0,1.0
112.5515165946889,1.0,1.0,1.0,0.90625,1.0,1.0
113.14976430835569,1.0,1.0,1.0,0.90625,1.0,1.0
113.75119190211403,1.0,1.0,1.0,0.90625,1.0,1.0
114.35581627805533,1.0,1.0,1.0,0.90625,1.0,1.0
114.96365442811062,1.0,1.0,1.0,0.90625,1.0,1.0
115.57472343452896,1.0,1.0,1.0,0.90625,1.0,1.0
116.18904047035669,1.0,1.0,1.0,0.90625,1.0,1.0
116.80662279992075,1.0,1.0,1.0,0.90625,1.0,1.0
117.42748777931355,1.0,1.0,1.0,0.90625,1.0,1.0
118.05165285688044,1.0,1.0,1.0,0.90625,1.0,1.0
118.6791355737108,1.0,1.0,1.0,0.90625,1.0,1.0
119.30995356413013,1.0,1.0,1.0,0.90625,1.0,1.0
119.94412455619651,1.0,1.0,1.0,0.90625,1.0,1.0
120.58166637219796,1.0,1.0,1.0,0.90625,1.0,1.0
121.22259692915402,1.0,1.0,1.0,0.90625,1.0,1.0
121.86693423931905,1.0,1.0,1.0,0.90625,1.0,1.0
122.51469641068795,1.0,1.0,1.0,0.90625,1.0,1.0
123.16590164750599,1.0,1.0,1.0,0.90625,1.0,1.0
123.82056825077939,1.0,1.0,1.0,0.90625,1.0,1.0
124.47871461879062,1.0,1.0,1.0,0.90625,1.0,1.0
125.14035924761448,1.0,1.0,1.0,0.90625,1.0,1.0
125.80552073163894,1.0,1.0,1.0,0.90625,1.0,1.0
126.47421776408655,1.0,1.0,1.0,0.90625,1.0,1.0
127.14646913754085,1.0,1.0,1.0,0.90625,1.0,1.0
127.82229374447402,1.0,1.0,1.0,0.90625,1.0,1.0
128.50171057777743,1.0,1.0,1.0,0.90625,1.0,1.0
129.18473873129636,1.0,1.0,1.0,0.90625,1.0,1.0
129.87139740036554,1.0,1.0,1.0,0.90625,1.0,1.0
130.56170588234954,1.0,1.0,1.0,0.90625,1.0,1.0
131.25568357718427,1.0,1.0,1.0,0.90625,1.0,1.0
131.95334998792305,1.0,1.0,1.0,0.90625,1.0,1.0
132.65472472128366,1.0,1.0,1.0,0.90625,1.0,1.0
133.35982748820038,1.0,1.0,1.0,0.90625,1.0,1.0
134.06867810437748,1.0,1.0,1.0,0.90625,1.0,1.0
134.78129649084568,1.0,1.0,1.0,0.90625,1.0,1.0
135.49770267452297,1.0,1.0,1.0,0.90625,1.0,1.0
136.21791678877636,1.0,1.0,1.0,0.90625,1.0,1.0
136.94195907398873,1.0,1.0,1.0,0.90625,1.0,1.0
137.66984987812663,1.0,1.0,1.0,0.90625,1.0,1.0
138.40160965731314,1.0,1.0,1.0,0.90625,1.0,1.0
139.13725897640177,1.0,1.0,1.0,0.90625,1.0,1.0
139.8768185095552,1.0,1.0,1.0,0.90625,1.0,1.0
140.62030904082604,1.0,1.0,1.0,0.90625,1.0,1.0
141.36775146474042,1.0,1.0,1.0,0.90625,1.0,1.0
142.1191667868862,1.0,1.0,1.0,0.90625,1.0,1.0
142.8745761245022,1.0,1.0,1.0,0.90625,1.0,1.0
143.63400070707266,1.0,1.0,1.0,0.90625,1.0,1.0
144.3974618769229,1.0,1.0,1.0,0.90625,1.0,1.0
145.1649810898201,1.0,1.0,1.0,0.90625,1.0,1.0
145.9365799155756,1.0,1.0,1.0,0.90625,1.0,1.0
146.71228003865104,1.0,1.0,1.0,0.90625,1.0,1.0
147.4921032587684,1.0,1.0,1.0,0.90625,1.0,1.0
148.27607149152175,1.0,1.0,1.0,0.90625,1.0,1.0
149.06420676899415,1.0,1.0,1.0,0.90625,1.0,1.0
149.85653124037577,1.0,1.0,1.0,0.90625,1.0,1.0
150.65306717258744,1.0,1.0,1.0,0.90625,1.0,1.0
151.45383695090533,1.0,1.0,1.0,0.90625,1.0,1.0
152.258863079591,1.0,1.0,1.0,0.90625,1.0,1.0
153.06816818252346,1.0,1.0,1.0,0.90625,1.0,1.0
153.8817750038345,1.0,1.0,1.0,0.90625,1.0,1.0
154.69970640854888,1.0,1.0,1.0,0.90625,1.0,1.0
155.52198538322585,1.0,1.0,1.0,0.90625,1.0,1.0
156.3486350366062,1.0,1.0,1.0,0.90625,1.0,1.0
157.1796786002606,1.0,1.0,1.0,0.90625,1.0,1.0
158.0151394292435,1.0,1.0,1.0,0.90625,1.0,1.0
158.8550410027486,1.0,1.0,1.0,0.90625,1.0,1.0
159.69940692476945,1.0,1.0,1.0,0.90625,1.0,1.0
160.5482609247625,1.0,1.0,1.0,0.90625,1.0,1.0
161.40162685831342,1.0,1.0,1.0,0.90625,1.0,1.0
162.2595287078087,1.0,1.0,1.0,0.90625,1.0,1.0
163.12199058310838,1.0,1.0,1.0,0.90625,1.0,1.0
163.98903672222477,1.0,1.0,1.0,0.90625,1.0,1.0
164.86069149200242,1.0,1.0,1.0,0.90625,1.0,1.0
165.73697938880426,1.0,1.0,1.0,0.90625,1.0,1.0
166.61792503919852,1.0,1.0,1.0,0.90625,1.0,1.0
167.50355320065228,1.0,1.0,1.0,0.90625,1.0,1.0
168.3938887622264,1.0,1.0,1.0,0.90625,1.0,1.0
169.28895674527476,1.0,1.0,1.0,0.90625,1.0,1.0
170.18878230414842,1.0,1.0,1.0,0.90625,1.0,1.0
171.09339072690133,1.0,1.0,1.0,0.90625,1.0,1.0
172.0028074360023,1.0,1.0,1.0,0.90625,1.0,1.0
172.91705798904812,1.0,1.0,1.0,0.90625,1.0,1.0
173.83616807948286,1.0,1.0,1.0,0.90625,1.0,1.0
174.76016353731976,1.0,1.0,1.0,0.90625,1.0,1.0
175.6890703298662,1.0,1.0,1.0,0.90625,1.0,1.0
176.62291456245512,1.0,1.0,1.0,0.90625,1.0,1.0
177.56172247917686,1.0,1.0,1.0,0.90625,1.0,1.0
178.50552046361838,1.0,1.0,1.0,0.90625,1.0,1.0
179.4543350396032,1.0,1.0,1.0,0.90625,1.0,1.0
180.40819287193827,1.0,1.0,1.0,0.90625,1.0,1.0
181.3671207671619,1.0,1.0,1.0,0.90625,1.0,1.0
182.33114567429834,1.0,1.0,1.0,0.90625,1.0,1.0
183.30029468561466,1.0,1.0,1.0,0.921875,1.0,1.0
184.2745950373815,1.0,1.0,1.0,0.921875,1.0,1.0
185.2540741106398,1.0,1.0,1.0,0.921875,1.0,1.0
186.23875943196896,1.0,1.0,1.0,0.921875,1.0,1.0
187.22867867426172,1.0,1.0,1.0,0.921875,1.0,1.0
188.22385965750038,1.0,1.0,1.0,0.921875,1.0,1.0
189.22433034954037,1.0,1.0,1.0,0.921875,1.0,1.0
190.23011886689437,1.0,1.0,1.0,0.921875,1.0,1.0
191.24125347552416,1.0,1.0,1.0,0.921875,1.0,1.0
192.2577625916341,1.0,1.0,1.0,0.921875,1.0,1.0
193.27967478246939,1.0,1.0,1.0,0.921875,1.0,1.0
194.30701876712013,1.0,1.0,1.0,0.921875,1.0,1.0
195.33982341732687,1.0,1.0,1.0,0.921875,1.0,1.0
196.3781177582936,1.0,1.0,1.0,0.921875,1.0,1.0
197.42193096950186,1.0,1.0,1.0,0.921875,1.0,1.0
198.4712923855324,1.0,1.0,1.0,0.921875,1.0,1.0
199.52623149688787,1.0,1.0,1.0,0.921875,1.0,1.0
