,Unnamed: 0,size,status,setup_time,solve_time,run_time,obj,iters
0,lcvx_N_15_i_0,704,optimal,0.0,0.000891795,0.000891795,-3.3410601642498285,8
1,lcvx_N_15_i_1,704,optimal,0.0,0.000981635,0.000981635,-3.34106100286905,8
2,lcvx_N_15_i_2,704,optimal,0.0,0.001059196,0.001059196,-3.341056070960738,9
3,lcvx_N_15_i_3,704,optimal,0.0,0.000876445,0.000876445,-3.341061340684886,8
4,lcvx_N_15_i_4,704,optimal,0.0,0.000942635,0.000942635,-3.341057638231692,9
5,lcvx_N_15_i_5,704,optimal,0.0,0.001001625,0.001001625,-3.3410584010798523,8
6,lcvx_N_15_i_6,704,optimal,0.0,0.000973624,0.000973624,-3.3410622831675743,8
7,lcvx_N_15_i_7,704,optimal,0.0,0.000878035,0.000878035,-3.3410579280946298,8
8,lcvx_N_15_i_8,704,optimal,0.0,0.000879615,0.000879615,-3.341060277947676,8
9,lcvx_N_15_i_9,704,optimal,0.0,0.000858694,0.000858694,-3.341059297256005,8
10,lcvx_N_15_i_10,704,optimal,0.0,0.000991985,0.000991985,-3.3410580262897875,8
11,lcvx_N_15_i_11,704,optimal,0.0,0.001001106,0.001001106,-3.3410621928790127,8
12,lcvx_N_15_i_12,704,optimal,0.0,0.000950395,0.000950395,-3.3410582870484222,9
13,lcvx_N_15_i_13,704,optimal,0.0,0.001004115,0.001004115,-3.3410619074386143,8
14,lcvx_N_15_i_14,704,optimal,0.0,0.000973665,0.000973665,-3.3410611786009032,8
15,lcvx_N_15_i_15,704,optimal,0.0,0.000862975,0.000862975,-3.3410605198608248,8
16,lcvx_N_15_i_16,704,optimal,0.0,0.000900844,0.000900844,-3.341061986730296,8
17,lcvx_N_15_i_17,704,optimal,0.0,0.000890445,0.000890445,-3.3410593241254145,8
18,lcvx_N_15_i_18,704,optimal,0.0,0.000863395,0.000863395,-3.341060689241925,8
19,lcvx_N_15_i_19,704,optimal,0.0,0.000937065,0.000937065,-3.3410581978766296,9
20,lcvx_N_50_i_0,2314,optimal,0.0,0.003361767,0.003361767,-3.351265228022209,8
21,lcvx_N_50_i_1,2314,optimal,0.0,0.003028995,0.003028995,-3.351262275659889,9
22,lcvx_N_50_i_2,2314,optimal,0.0,0.002963355,0.002963355,-3.351262612738185,9
23,lcvx_N_50_i_3,2314,optimal,0.0,0.003658319,0.003658319,-3.351261555812792,11
24,lcvx_N_50_i_4,2314,optimal,0.0,0.002798935,0.002798935,-3.3512644650988013,8
25,lcvx_N_50_i_5,2314,optimal,0.0,0.002731434,0.002731434,-3.351266051454444,8
26,lcvx_N_50_i_6,2314,optimal,0.0,0.003259597,0.003259597,-3.351262016584732,10
27,lcvx_N_50_i_7,2314,optimal,0.0,0.003079176,0.003079176,-3.351265183882285,8
28,lcvx_N_50_i_8,2314,optimal,0.0,0.003744799,0.003744799,-3.3512584567139734,11
29,lcvx_N_50_i_9,2314,optimal,0.0,0.003933991,0.003933991,-3.3512596019530347,10
30,lcvx_N_50_i_10,2314,optimal,0.0,0.00394936,0.00394936,-3.3512585772638435,10
31,lcvx_N_50_i_11,2314,optimal,0.0,0.003954581,0.003954581,-3.3512641247490467,10
32,lcvx_N_50_i_12,2314,optimal,0.0,0.003470658,0.003470658,-3.3512626926102858,9
33,lcvx_N_50_i_13,2314,optimal,0.0,0.003046836,0.003046836,-3.35126558866801,8
34,lcvx_N_50_i_14,2314,optimal,0.0,0.003451217,0.003451217,-3.351258654251504,11
35,lcvx_N_50_i_15,2314,optimal,0.0,0.003519638,0.003519638,-3.351262320385868,10
36,lcvx_N_50_i_16,2314,optimal,0.0,0.003396628,0.003396628,-3.3512624306765133,9
37,lcvx_N_50_i_17,2314,optimal,0.0,0.003342047,0.003342047,-3.351262639971313,10
38,lcvx_N_50_i_18,2314,optimal,0.0,0.003080956,0.003080956,-3.351265479434391,8
39,lcvx_N_50_i_19,2314,optimal,0.0,0.003623198,0.003623198,-3.35125933367044,11
40,lcvx_N_75_i_0,3464,optimal,0.0,0.004960816,0.004960816,-3.352638306905514,10
41,lcvx_N_75_i_1,3464,optimal,0.0,0.006111933,0.006111933,-3.352640457080773,11
42,lcvx_N_75_i_2,3464,optimal,0.0,0.00513447,0.00513447,-3.3526433949938585,10
43,lcvx_N_75_i_3,3464,optimal,0.0,0.004239417,0.004239417,-3.35264339455911,8
44,lcvx_N_75_i_4,3464,optimal,0.0,0.00506198,0.00506198,-3.352640922064862,10
45,lcvx_N_75_i_5,3464,optimal,0.0,0.005211331,0.005211331,-3.352640166978738,9
46,lcvx_N_75_i_6,3464,optimal,0.0,0.004212546,0.004212546,-3.3526452062406964,8
47,lcvx_N_75_i_7,3464,optimal,0.0,0.005257881,0.005257881,-3.352638895569883,10
48,lcvx_N_75_i_8,3464,optimal,0.0,0.005823404,0.005823404,-3.3526433297380382,10
49,lcvx_N_75_i_9,3464,optimal,0.0,0.005464443,0.005464443,-3.3526381509491983,11
50,lcvx_N_75_i_10,3464,optimal,0.0,0.005148691,0.005148691,-3.352639931219952,9
51,lcvx_N_75_i_11,3464,optimal,0.0,0.004249947,0.004249947,-3.352643395859927,8
52,lcvx_N_75_i_12,3464,optimal,0.0,0.005470063,0.005470063,-3.352640165862566,11
53,lcvx_N_75_i_13,3464,optimal,0.0,0.004371789,0.004371789,-3.3526450497096203,8
54,lcvx_N_75_i_14,3464,optimal,0.0,0.005083801,0.005083801,-3.352640264766161,10
55,lcvx_N_75_i_15,3464,optimal,0.0,0.005143961,0.005143961,-3.352641519438323,10
56,lcvx_N_75_i_16,3464,optimal,0.0,0.005783745,0.005783745,-3.352643256430133,10
57,lcvx_N_75_i_17,3464,optimal,0.0,0.005421334,0.005421334,-3.3526365063243198,11
58,lcvx_N_75_i_18,3464,optimal,0.0,0.005522184,0.005522184,-3.352636778053954,10
59,lcvx_N_75_i_19,3464,optimal,0.0,0.005145333,0.005145333,-3.352641212351636,9
60,lcvx_N_100_i_0,4614,optimal,0.0,0.006127137,0.006127137,-3.353323583522293,9
61,lcvx_N_100_i_1,4614,optimal,0.0,0.006906741,0.006906741,-3.3533247808838698,10
62,lcvx_N_100_i_2,4614,optimal,0.0,0.007418874,0.007418874,-3.353320519270501,11
63,lcvx_N_100_i_3,4614,optimal,0.0,0.008035797,0.008035797,-3.3533249863356054,10
64,lcvx_N_100_i_4,4614,optimal,0.0,0.005749667,0.005749667,-3.353326528005474,8
65,lcvx_N_100_i_5,4614,optimal,0.0,0.007704186,0.007704186,-3.353320924314653,12
66,lcvx_N_100_i_6,4614,optimal,0.0,0.0064919,0.0064919,-3.353323652608984,10
67,lcvx_N_100_i_7,4614,optimal,0.0,0.007474055,0.007474055,-3.353321490573248,11
68,lcvx_N_100_i_8,4614,optimal,0.0,0.005804317,0.005804317,-3.353325472060069,8
69,lcvx_N_100_i_9,4614,optimal,0.0,0.005673056,0.005673056,-3.35332584439517,8
70,lcvx_N_100_i_10,4614,optimal,0.0,0.007037333,0.007037333,-3.3533252748857523,9
71,lcvx_N_100_i_11,4614,optimal,0.0,0.006019298,0.006019298,-3.3533250902330285,9
72,lcvx_N_100_i_12,4614,optimal,0.0,0.0082642,0.0082642,-3.3533237680913897,11
73,lcvx_N_100_i_13,4614,optimal,0.0,0.006566741,0.006566741,-3.353324474076091,9
74,lcvx_N_100_i_14,4614,optimal,0.0,0.007444396,0.007444396,-3.353320586092904,11
75,lcvx_N_100_i_15,4614,optimal,0.0,0.007480876,0.007480876,-3.3533229799823188,10
76,lcvx_N_100_i_16,4614,optimal,0.0,0.006591802,0.006591802,-3.3533210313319697,10
77,lcvx_N_100_i_17,4614,optimal,0.0,0.007466946,0.007466946,-3.35332095139107,11
78,lcvx_N_100_i_18,4614,optimal,0.0,0.008150119,0.008150119,-3.353317733507537,11
79,lcvx_N_100_i_19,4614,optimal,0.0,0.007062944,0.007062944,-3.353321175226506,11
80,lcvx_N_125_i_0,5764,optimal,0.0,0.008995613,0.008995613,-3.353727670400002,11
81,lcvx_N_125_i_1,5764,optimal,0.0,0.008454731,0.008454731,-3.3537299239687144,10
82,lcvx_N_125_i_2,5764,optimal,0.0,0.009383526,0.009383526,-3.353728041046704,11
83,lcvx_N_125_i_3,5764,optimal,0.0,0.00822621,0.00822621,-3.353730040511091,10
84,lcvx_N_125_i_4,5764,optimal,0.0,0.007138825,0.007138825,-3.3537334359927917,8
85,lcvx_N_125_i_5,5764,optimal,0.0,0.009410767,0.009410767,-3.3537280225218846,12
86,lcvx_N_125_i_6,5764,optimal,0.0,0.009243606,0.009243606,-3.3537269676294974,10
87,lcvx_N_125_i_7,5764,optimal,0.0,0.008743113,0.008743113,-3.353723107797564,11
88,lcvx_N_125_i_8,5764,optimal,0.0,0.007689818,0.007689818,-3.353732266771913,9
89,lcvx_N_125_i_9,5764,optimal,0.0,0.009116115,0.009116115,-3.3537317423982413,10
90,lcvx_N_125_i_10,5764,optimal,0.0,0.007019354,0.007019354,-3.353733088696329,8
91,lcvx_N_125_i_11,5764,optimal,0.0,0.007257966,0.007257966,-3.35373453920869,8
92,lcvx_N_125_i_12,5764,optimal,0.0,0.007432686,0.007432686,-3.353733431074327,9
93,lcvx_N_125_i_13,5764,optimal,0.0,0.009459807,0.009459807,-3.353724500652208,10
94,lcvx_N_125_i_14,5764,optimal,0.0,0.008204391,0.008204391,-3.353728931454022,10
95,lcvx_N_125_i_15,5764,optimal,0.0,0.011035084,0.011035084,-3.353727272606416,12
96,lcvx_N_125_i_16,5764,optimal,0.0,0.00808259,0.00808259,-3.3537277237609224,10
97,lcvx_N_125_i_17,5764,optimal,0.0,0.009607948,0.009607948,-3.353730179573743,10
98,lcvx_N_125_i_18,5764,optimal,0.0,0.010370672,0.010370672,-3.353725755957019,11
99,lcvx_N_125_i_19,5764,optimal,0.0,0.007908209,0.007908209,-3.3537274515024733,10
100,lcvx_N_150_i_0,6914,optimal,0.0,0.011349797,0.011349797,-3.353997607546066,10
101,lcvx_N_150_i_1,6914,optimal,0.0,0.013034995,0.013034995,-3.353998349238338,12
102,lcvx_N_150_i_2,6914,optimal,0.0,0.008399812,0.008399812,-3.354005049834845,8
103,lcvx_N_150_i_3,6914,optimal,0.0,0.011427337,0.011427337,-3.3540032651912446,10
104,lcvx_N_150_i_4,6914,optimal,0.0,0.008472292,0.008472292,-3.3540042100650416,8
105,lcvx_N_150_i_5,6914,optimal,0.0,0.010521753,0.010521753,-3.353999771805471,10
106,lcvx_N_150_i_6,6914,optimal,0.0,0.008395262,0.008395262,-3.354005663921692,8
107,lcvx_N_150_i_7,6914,optimal,0.0,0.011538658,0.011538658,-3.354000510787583,10
108,lcvx_N_150_i_8,6914,optimal,0.0,0.0099584,0.0099584,-3.3539996409656694,10
109,lcvx_N_150_i_9,6914,optimal,0.0,0.011241286,0.011241286,-3.353995201175725,12
110,lcvx_N_150_i_10,6914,optimal,0.0,0.013130545,0.013130545,-3.3539999505058717,12
111,lcvx_N_150_i_11,6914,optimal,0.0,0.00986518,0.00986518,-3.354002117620943,10
112,lcvx_N_150_i_12,6914,optimal,0.0,0.009232286,0.009232286,-3.3540033613164804,9
113,lcvx_N_150_i_13,6914,optimal,0.0,0.012933017,0.012933017,-3.3539980430234277,12
114,lcvx_N_150_i_14,6914,optimal,0.0,0.00866191,0.00866191,-3.354004457071582,8
115,lcvx_N_150_i_15,6914,optimal,0.0,0.011346456,0.011346456,-3.3540024297594178,10
116,lcvx_N_150_i_16,6914,optimal,0.0,0.012043891,0.012043891,-3.3539983342834,11
117,lcvx_N_150_i_17,6914,optimal,0.0,0.01006745,0.01006745,-3.3539995335937527,10
118,lcvx_N_150_i_18,6914,optimal,0.0,0.010942585,0.010942585,-3.354000280056216,9
119,lcvx_N_150_i_19,6914,optimal,0.0,0.009794424,0.009794424,-3.354000592742368,10
120,lcvx_N_200_i_0,9214,optimal,0.0,0.013494987,0.013494987,-3.354339895219582,10
121,lcvx_N_200_i_1,9214,optimal,0.0,0.01409108,0.01409108,-3.354339087929852,11
122,lcvx_N_200_i_2,9214,optimal,0.0,0.011507533,0.011507533,-3.354341950853339,8
123,lcvx_N_200_i_3,9214,optimal,0.0,0.016395165,0.016395165,-3.354336867660461,11
124,lcvx_N_200_i_4,9214,optimal,0.0,0.014523036,0.014523036,-3.3543390236784205,11
125,lcvx_N_200_i_5,9214,optimal,0.0,0.014871087,0.014871087,-3.354337340507612,11
126,lcvx_N_200_i_6,9214,optimal,0.0,0.013490533,0.013490533,-3.35433863837813,10
127,lcvx_N_200_i_7,9214,optimal,0.0,0.014532339,0.014532339,-3.354336059352681,11
128,lcvx_N_200_i_8,9214,optimal,0.0,0.0135619,0.0135619,-3.3543392819029982,10
129,lcvx_N_200_i_9,9214,optimal,0.0,0.011540402,0.011540402,-3.3543392059919874,9
130,lcvx_N_200_i_10,9214,optimal,0.0,0.015118487,0.015118487,-3.3543370460861675,10
131,lcvx_N_200_i_11,9214,optimal,0.0,0.0117338,0.0117338,-3.354341279299363,8
132,lcvx_N_200_i_12,9214,optimal,0.0,0.012599766,0.012599766,-3.354340223201623,9
133,lcvx_N_200_i_13,9214,optimal,0.0,0.01334956,0.01334956,-3.354339420198362,10
134,lcvx_N_200_i_14,9214,optimal,0.0,0.014117024,0.014117024,-3.3543361604940345,11
135,lcvx_N_200_i_15,9214,optimal,0.0,0.013832191,0.013832191,-3.3543355670238344,10
136,lcvx_N_200_i_16,9214,optimal,0.0,0.013228635,0.013228635,-3.3543365222134605,9
137,lcvx_N_200_i_17,9214,optimal,0.0,0.014765205,0.014765205,-3.3543362398833843,11
138,lcvx_N_200_i_18,9214,optimal,0.0,0.013017191,0.013017191,-3.354342049324955,8
139,lcvx_N_200_i_19,9214,optimal,0.0,0.014632402,0.014632402,-3.354339010701052,11
140,lcvx_N_250_i_0,11514,optimal,0.0,0.015685278,0.015685278,-3.3545434642426843,9
141,lcvx_N_250_i_1,11514,optimal,0.0,0.016462982,0.016462982,-3.354540716508854,10
142,lcvx_N_250_i_2,11514,optimal,0.0,0.020698079,0.020698079,-3.354537437469783,11
143,lcvx_N_250_i_3,11514,optimal,0.0,0.013990493,0.013990493,-3.354542634237684,8
144,lcvx_N_250_i_4,11514,optimal,0.0,0.016896361,0.016896361,-3.3545415318732568,10
145,lcvx_N_250_i_5,11514,optimal,0.0,0.015797403,0.015797403,-3.3545359632625837,10
146,lcvx_N_250_i_6,11514,optimal,0.0,0.014697545,0.014697545,-3.354544160865143,8
147,lcvx_N_250_i_7,11514,optimal,0.0,0.016186714,0.016186714,-3.354540253867147,10
148,lcvx_N_250_i_8,11514,optimal,0.0,0.019051241,0.019051241,-3.354532671149802,12
149,lcvx_N_250_i_9,11514,optimal,0.0,0.013468875,0.013468875,-3.3545431877534666,8
150,lcvx_N_250_i_10,11514,optimal,0.0,0.019832674,0.019832674,-3.3545365719593425,12
151,lcvx_N_250_i_11,11514,optimal,0.0,0.019366151,0.019366151,-3.354538210543799,10
152,lcvx_N_250_i_12,11514,optimal,0.0,0.020700678,0.020700678,-3.354531213787137,13
153,lcvx_N_250_i_13,11514,optimal,0.0,0.017090385,0.017090385,-3.3545393353458186,10
154,lcvx_N_250_i_14,11514,optimal,0.0,0.018262101,0.018262101,-3.354540871511043,11
155,lcvx_N_250_i_15,11514,optimal,0.0,0.017778498,0.017778498,-3.3545404405244725,10
156,lcvx_N_250_i_16,11514,optimal,0.0,0.016245258,0.016245258,-3.354541073850956,10
157,lcvx_N_250_i_17,11514,optimal,0.0,0.014810599,0.014810599,-3.354542746971468,8
158,lcvx_N_250_i_18,11514,optimal,0.0,0.021799,0.021799,-3.3545312516317893,12
159,lcvx_N_250_i_19,11514,optimal,0.0,0.016147937,0.016147937,-3.354536545926154,10
160,lcvx_N_300_i_0,13814,optimal,0.0,0.021535108,0.021535108,-3.35467333173712,11
161,lcvx_N_300_i_1,13814,optimal,0.0,0.020825333,0.020825333,-3.354672223655917,11
162,lcvx_N_300_i_2,13814,optimal,0.0,0.018942851,0.018942851,-3.3546775916621847,9
163,lcvx_N_300_i_3,13814,optimal,0.0,0.020019868,0.020019868,-3.3546744111253477,10
164,lcvx_N_300_i_4,13814,optimal,0.0,0.021167734,0.021167734,-3.354672031939729,10
165,lcvx_N_300_i_5,13814,optimal,0.0,0.022954054,0.022954054,-3.3546675267073467,12
166,lcvx_N_300_i_6,13814,optimal,0.0,0.017391132,0.017391132,-3.354676982108269,9
167,lcvx_N_300_i_7,13814,optimal,0.0,0.019253192,0.019253192,-3.3546750664298237,10
168,lcvx_N_300_i_8,13814,optimal,0.0,0.022812992,0.022812992,-3.35467444465133,10
169,lcvx_N_300_i_9,13814,optimal,0.0,0.022000377,0.022000377,-3.354672815458539,11
170,lcvx_N_300_i_10,13814,optimal,0.0,0.019890555,0.019890555,-3.35467224941696,10
171,lcvx_N_300_i_11,13814,optimal,0.0,0.020042586,0.020042586,-3.354677141197123,10
172,lcvx_N_300_i_12,13814,optimal,0.0,0.021711575,0.021711575,-3.354673467399865,11
173,lcvx_N_300_i_13,13814,optimal,0.0,0.018645327,0.018645327,-3.354678621927527,8
174,lcvx_N_300_i_14,13814,optimal,0.0,0.023091834,0.023091834,-3.3546672533202333,11
175,lcvx_N_300_i_15,13814,optimal,0.0,0.022396839,0.022396839,-3.354674407915765,10
176,lcvx_N_300_i_16,13814,optimal,0.0,0.016365756,0.016365756,-3.354676591842994,8
177,lcvx_N_300_i_17,13814,optimal,0.0,0.018923367,0.018923367,-3.354671801895719,10
178,lcvx_N_300_i_18,13814,optimal,0.0,0.016627014,0.016627014,-3.3546777918106767,8
179,lcvx_N_300_i_19,13814,optimal,0.0,0.023125898,0.023125898,-3.354677412874317,10
180,lcvx_N_350_i_0,16114,optimal,0.0,0.024769478,0.024769478,-3.3547729633397587,10
181,lcvx_N_350_i_1,16114,optimal,0.0,0.024836832,0.024836832,-3.3547727995839454,9
182,lcvx_N_350_i_2,16114,optimal,0.0,0.025182468,0.025182468,-3.354768037795696,11
183,lcvx_N_350_i_3,16114,optimal,0.0,0.020757683,0.020757683,-3.3547707464854164,9
184,lcvx_N_350_i_4,16114,optimal,0.0,0.018817827,0.018817827,-3.354772776013472,8
185,lcvx_N_350_i_5,16114,optimal,0.0,0.029247024,0.029247024,-3.3547685782595407,11
186,lcvx_N_350_i_6,16114,optimal,0.0,0.023313071,0.023313071,-3.354772558286312,10
187,lcvx_N_350_i_7,16114,optimal,0.0,0.028109934,0.028109934,-3.3547665475637296,12
188,lcvx_N_350_i_8,16114,optimal,0.0,0.02218604,0.02218604,-3.3547706632917214,10
189,lcvx_N_350_i_9,16114,optimal,0.0,0.025344105,0.025344105,-3.354768511737442,11
190,lcvx_N_350_i_10,16114,optimal,0.0,0.021473989,0.021473989,-3.354773732078431,8
191,lcvx_N_350_i_11,16114,optimal,0.0,0.023938442,0.023938442,-3.354768026540012,10
192,lcvx_N_350_i_12,16114,optimal,0.0,0.023401501,0.023401501,-3.3547702693195416,10
193,lcvx_N_350_i_13,16114,optimal,0.0,0.029010059,0.029010059,-3.3547673780536917,11
194,lcvx_N_350_i_14,16114,optimal,0.0,0.023899556,0.023899556,-3.3547729185485538,10
195,lcvx_N_350_i_15,16114,optimal,0.0,0.025900396,0.025900396,-3.354767222357079,11
196,lcvx_N_350_i_16,16114,optimal,0.0,0.025647856,0.025647856,-3.35477038182646,11
197,lcvx_N_350_i_17,16114,optimal,0.0,0.018888693,0.018888693,-3.3547744807467024,8
198,lcvx_N_350_i_18,16114,optimal,0.0,0.024789814,0.024789814,-3.3547748722809327,9
199,lcvx_N_350_i_19,16114,optimal,0.0,0.022662634,0.022662634,-3.3547682050145244,10
200,group_lasso_N_1_i_0,761,optimal,0.0,0.000294142,0.000294142,6.611193963771614,4
201,group_lasso_N_1_i_1,761,optimal,0.0,0.000289981,0.000289981,5.283053876163833,4
202,group_lasso_N_1_i_2,761,optimal,0.0,0.000295622,0.000295622,4.569092252173903,4
203,group_lasso_N_1_i_3,761,optimal,0.0,0.000292531,0.000292531,4.8652349382839954,4
204,group_lasso_N_1_i_4,761,optimal,0.0,0.000294241,0.000294241,5.079370647731704,4
205,group_lasso_N_1_i_5,761,optimal,0.0,0.000294192,0.000294192,4.963371649703943,4
206,group_lasso_N_1_i_6,761,optimal,0.0,0.000267481,0.000267481,4.420056043262145,4
207,group_lasso_N_1_i_7,761,optimal,0.0,0.000301551,0.000301551,4.929906468715406,5
208,group_lasso_N_1_i_8,761,optimal,0.0,0.000293441,0.000293441,5.289924292516028,4
209,group_lasso_N_1_i_9,761,optimal,0.0,0.000426202,0.000426202,4.53281385379106,5
210,group_lasso_N_1_i_10,761,optimal,0.0,0.000274191,0.000274191,4.720500373179565,4
211,group_lasso_N_1_i_11,761,optimal,0.0,0.000290351,0.000290351,6.499747785268388,4
212,group_lasso_N_1_i_12,761,optimal,0.0,0.000325772,0.000325772,5.442425966536726,5
213,group_lasso_N_1_i_13,761,optimal,0.0,0.000269231,0.000269231,5.001868294346116,4
214,group_lasso_N_1_i_14,761,optimal,0.0,0.000289051,0.000289051,5.737814715407033,4
215,group_lasso_N_1_i_15,761,optimal,0.0,0.000268201,0.000268201,4.865775324865949,4
216,group_lasso_N_1_i_16,761,optimal,0.0,0.000270481,0.000270481,4.875678306410407,4
217,group_lasso_N_1_i_17,761,optimal,0.0,0.000290061,0.000290061,4.961587623953141,4
218,group_lasso_N_1_i_18,761,optimal,0.0,0.000298981,0.000298981,5.266247840607732,5
219,group_lasso_N_1_i_19,761,optimal,0.0,0.000301221,0.000301221,6.751355449709556,5
220,group_lasso_N_2_i_0,2022,optimal,0.0,0.000816304,0.000816304,4.027435252903087,6
221,group_lasso_N_2_i_1,2022,optimal,0.0,0.001005235,0.001005235,5.379108661623536,7
222,group_lasso_N_2_i_2,2022,optimal,0.0,0.000735993,0.000735993,4.5394165057290605,5
223,group_lasso_N_2_i_3,2022,optimal,0.0,0.000884495,0.000884495,4.416527956488645,7
224,group_lasso_N_2_i_4,2022,optimal,0.0,0.000903714,0.000903714,4.217826475227155,6
225,group_lasso_N_2_i_5,2022,optimal,0.0,0.000903794,0.000903794,3.6670286836406025,7
226,group_lasso_N_2_i_6,2022,optimal,0.0,0.000842005,0.000842005,3.960634351155576,6
227,group_lasso_N_2_i_7,2022,optimal,0.0,0.000840995,0.000840995,3.9460548596143945,6
228,group_lasso_N_2_i_8,2022,optimal,0.0,0.000823015,0.000823015,3.0490550659582887,6
229,group_lasso_N_2_i_9,2022,optimal,0.0,0.000823445,0.000823445,3.633080853954952,6
230,group_lasso_N_2_i_10,2022,optimal,0.0,0.000844285,0.000844285,2.82049508283468,6
231,group_lasso_N_2_i_11,2022,optimal,0.0,0.000896015,0.000896015,5.557424864150607,7
232,group_lasso_N_2_i_12,2022,optimal,0.0,0.000909675,0.000909675,4.146236160620379,6
233,group_lasso_N_2_i_13,2022,optimal,0.0,0.001004445,0.001004445,4.378880516073547,7
234,group_lasso_N_2_i_14,2022,optimal,0.0,0.000945185,0.000945185,3.2394052829554907,6
235,group_lasso_N_2_i_15,2022,optimal,0.0,0.000941415,0.000941415,4.172098433975906,6
236,group_lasso_N_2_i_16,2022,optimal,0.0,0.000856804,0.000856804,3.9833935128400086,6
237,group_lasso_N_2_i_17,2022,optimal,0.0,0.000837774,0.000837774,4.079410034250094,6
238,group_lasso_N_2_i_18,2022,optimal,0.0,0.000927945,0.000927945,5.223084607611931,7
239,group_lasso_N_2_i_19,2022,optimal,0.0,0.000813514,0.000813514,3.999850562026942,6
240,group_lasso_N_3_i_0,3783,optimal,0.0,0.00199327,0.00199327,2.6565723252584976,7
241,group_lasso_N_3_i_1,3783,optimal,0.0,0.001845489,0.001845489,4.17788292015814,7
242,group_lasso_N_3_i_2,3783,optimal,0.0,0.00183259,0.00183259,4.683242714678157,6
243,group_lasso_N_3_i_3,3783,optimal,0.0,0.001870489,0.001870489,5.031634848069146,6
244,group_lasso_N_3_i_4,3783,optimal,0.0,0.001829569,0.001829569,4.135347909163233,7
245,group_lasso_N_3_i_5,3783,optimal,0.0,0.00182544,0.00182544,3.141105022016031,6
246,group_lasso_N_3_i_6,3783,optimal,0.0,0.001686909,0.001686909,4.244147143843286,6
247,group_lasso_N_3_i_7,3783,optimal,0.0,0.002287042,0.002287042,3.103334697512756,7
248,group_lasso_N_3_i_8,3783,optimal,0.0,0.002172501,0.002172501,3.249527794611751,8
249,group_lasso_N_3_i_9,3783,optimal,0.0,0.001823559,0.001823559,2.920734768541327,7
250,group_lasso_N_3_i_10,3783,optimal,0.0,0.00183154,0.00183154,3.720716730797946,7
251,group_lasso_N_3_i_11,3783,optimal,0.0,0.002213443,0.002213443,3.862573274352988,8
252,group_lasso_N_3_i_12,3783,optimal,0.0,0.002154221,0.002154221,4.433221095682213,8
253,group_lasso_N_3_i_13,3783,optimal,0.0,0.001973318,0.001973318,3.315968429182234,7
254,group_lasso_N_3_i_14,3783,optimal,0.0,0.001935328,0.001935328,3.5315180406701976,8
255,group_lasso_N_3_i_15,3783,optimal,0.0,0.002108698,0.002108698,3.48983443622223,8
256,group_lasso_N_3_i_16,3783,optimal,0.0,0.002155118,0.002155118,3.882217409322173,8
257,group_lasso_N_3_i_17,3783,optimal,0.0,0.001812804,0.001812804,3.4493717256434264,7
258,group_lasso_N_3_i_18,3783,optimal,0.0,0.001970685,0.001970685,3.609200025758435,7
259,group_lasso_N_3_i_19,3783,optimal,0.0,0.002221866,0.002221866,4.31170027790902,7
260,group_lasso_N_4_i_0,6044,optimal,0.0,0.003141253,0.003141253,7.533529436376946,7
261,group_lasso_N_4_i_1,6044,optimal,0.0,0.003098231,0.003098231,7.16744836325683,7
262,group_lasso_N_4_i_2,6044,optimal,0.0,0.003074701,0.003074701,6.6146201912089495,7
263,group_lasso_N_4_i_3,6044,optimal,0.0,0.003465562,0.003465562,8.67132643282929,6
264,group_lasso_N_4_i_4,6044,optimal,0.0,0.003088239,0.003088239,5.791236108513685,6
265,group_lasso_N_4_i_5,6044,optimal,0.0,0.003110268,0.003110268,9.112860020349927,7
266,group_lasso_N_4_i_6,6044,optimal,0.0,0.003755742,0.003755742,6.159782632275448,8
267,group_lasso_N_4_i_7,6044,optimal,0.0,0.003592562,0.003592562,5.256296303524285,7
268,group_lasso_N_4_i_8,6044,optimal,0.0,0.003593581,0.003593581,6.367000088686609,7
269,group_lasso_N_4_i_9,6044,optimal,0.0,0.003296589,0.003296589,7.585092205984024,8
270,group_lasso_N_4_i_10,6044,optimal,0.0,0.003018168,0.003018168,5.092001822563674,7
271,group_lasso_N_4_i_11,6044,optimal,0.0,0.003039617,0.003039617,6.316697881698433,7
272,group_lasso_N_4_i_12,6044,optimal,0.0,0.00359575,0.00359575,7.053522170852125,8
273,group_lasso_N_4_i_13,6044,optimal,0.0,0.003721052,0.003721052,6.111865912650163,8
274,group_lasso_N_4_i_14,6044,optimal,0.0,0.003284431,0.003284431,7.882220667217732,7
275,group_lasso_N_4_i_15,6044,optimal,0.0,0.003250095,0.003250095,5.662718300707641,7
276,group_lasso_N_4_i_16,6044,optimal,0.0,0.003361038,0.003361038,7.628370071934354,7
277,group_lasso_N_4_i_17,6044,optimal,0.0,0.003268091,0.003268091,7.943056905571267,7
278,group_lasso_N_4_i_18,6044,optimal,0.0,0.003089472,0.003089472,7.027480422709248,7
279,group_lasso_N_4_i_19,6044,optimal,0.0,0.003021505,0.003021505,7.600741034560826,7
280,group_lasso_N_5_i_0,8805,optimal,0.0,0.004795379,0.004795379,6.776931563808053,7
281,group_lasso_N_5_i_1,8805,optimal,0.0,0.004844103,0.004844103,6.0797917345376,7
282,group_lasso_N_5_i_2,8805,optimal,0.0,0.005233575,0.005233575,8.467907164508937,7
283,group_lasso_N_5_i_3,8805,optimal,0.0,0.004798306,0.004798306,4.589180776413332,7
284,group_lasso_N_5_i_4,8805,optimal,0.0,0.005135947,0.005135947,6.7309251037498,7
285,group_lasso_N_5_i_5,8805,optimal,0.0,0.005549031,0.005549031,7.652502051120293,8
286,group_lasso_N_5_i_6,8805,optimal,0.0,0.005565281,0.005565281,6.460180909944487,8
287,group_lasso_N_5_i_7,8805,optimal,0.0,0.005645152,0.005645152,6.768700828118335,8
288,group_lasso_N_5_i_8,8805,optimal,0.0,0.005319871,0.005319871,7.020689217664702,7
289,group_lasso_N_5_i_9,8805,optimal,0.0,0.005141371,0.005141371,6.067830254497505,8
290,group_lasso_N_5_i_10,8805,optimal,0.0,0.005999228,0.005999228,4.950225099253961,8
291,group_lasso_N_5_i_11,8805,optimal,0.0,0.004808065,0.004808065,7.253937810583343,7
292,group_lasso_N_5_i_12,8805,optimal,0.0,0.005207034,0.005207034,6.594368383071624,7
293,group_lasso_N_5_i_13,8805,optimal,0.0,0.005254972,0.005254972,6.772705894490664,7
294,group_lasso_N_5_i_14,8805,optimal,0.0,0.005729693,0.005729693,5.042440892950255,8
295,group_lasso_N_5_i_15,8805,optimal,0.0,0.004484055,0.004484055,6.54496560637359,6
296,group_lasso_N_5_i_16,8805,optimal,0.0,0.005046276,0.005046276,7.014158151516547,8
297,group_lasso_N_5_i_17,8805,optimal,0.0,0.005299988,0.005299988,6.337117588246882,7
298,group_lasso_N_5_i_18,8805,optimal,0.0,0.005585538,0.005585538,8.308432105710454,8
299,group_lasso_N_5_i_19,8805,optimal,0.0,0.004860684,0.004860684,9.031891819930866,7
300,group_lasso_N_8_i_0,20088,optimal,0.0,0.016996252,0.016996252,10.056830536371452,8
301,group_lasso_N_8_i_1,20088,optimal,0.0,0.016001648,0.016001648,13.048161480494716,8
302,group_lasso_N_8_i_2,20088,optimal,0.0,0.016391359,0.016391359,10.014414462706556,8
303,group_lasso_N_8_i_3,20088,optimal,0.0,0.016000527,0.016000527,13.808171398721704,8
304,group_lasso_N_8_i_4,20088,optimal,0.0,0.017008631,0.017008631,10.597111022464318,8
305,group_lasso_N_8_i_5,20088,optimal,0.0,0.016145907,0.016145907,11.028224280781211,8
306,group_lasso_N_8_i_6,20088,optimal,0.0,0.01481116,0.01481116,11.38776662173317,7
307,group_lasso_N_8_i_7,20088,optimal,0.0,0.015840974,0.015840974,14.580853034495298,8
308,group_lasso_N_8_i_8,20088,optimal,0.0,0.016991961,0.016991961,14.16497571528121,8
309,group_lasso_N_8_i_9,20088,optimal,0.0,0.017175414,0.017175414,13.150944599656208,8
310,group_lasso_N_8_i_10,20088,optimal,0.0,0.015650491,0.015650491,14.017647969839796,8
311,group_lasso_N_8_i_11,20088,optimal,0.0,0.017271148,0.017271148,12.771616415803882,8
312,group_lasso_N_8_i_12,20088,optimal,0.0,0.01477806,0.01477806,10.360943046482674,7
313,group_lasso_N_8_i_13,20088,optimal,0.0,0.016945791,0.016945791,11.742358175321424,8
314,group_lasso_N_8_i_14,20088,optimal,0.0,0.016392296,0.016392296,12.740738770271545,7
315,group_lasso_N_8_i_15,20088,optimal,0.0,0.015849961,0.015849961,12.256413478813824,8
316,group_lasso_N_8_i_16,20088,optimal,0.0,0.015633968,0.015633968,12.582771044065517,8
317,group_lasso_N_8_i_17,20088,optimal,0.0,0.015144684,0.015144684,13.773451204578386,7
318,group_lasso_N_8_i_18,20088,optimal,0.0,0.01645828,0.01645828,12.008678514591416,7
319,group_lasso_N_8_i_19,20088,optimal,0.0,0.015753245,0.015753245,11.931021259425805,8
320,group_lasso_N_10_i_0,30110,optimal,0.0,0.03002306,0.03002306,17.466278004898985,8
321,group_lasso_N_10_i_1,30110,optimal,0.0,0.027759856,0.027759856,17.38665250689084,8
322,group_lasso_N_10_i_2,30110,optimal,0.0,0.028061695,0.028061695,14.455954352614285,8
323,group_lasso_N_10_i_3,30110,optimal,0.0,0.02741411,0.02741411,15.211234319342664,8
324,group_lasso_N_10_i_4,30110,optimal,0.0,0.027430029,0.027430029,16.141414306034978,8
325,group_lasso_N_10_i_5,30110,optimal,0.0,0.027462749,0.027462749,13.803504917121396,8
326,group_lasso_N_10_i_6,30110,optimal,0.0,0.027972991,0.027972991,17.312658606354894,8
327,group_lasso_N_10_i_7,30110,optimal,0.0,0.027612898,0.027612898,15.723311755093222,8
328,group_lasso_N_10_i_8,30110,optimal,0.0,0.02817495,0.02817495,14.890742410178616,8
329,group_lasso_N_10_i_9,30110,optimal,0.0,0.026682463,0.026682463,14.662310773210033,7
330,group_lasso_N_10_i_10,30110,optimal,0.0,0.029732106,0.029732106,15.374477889240085,8
331,group_lasso_N_10_i_11,30110,optimal,0.0,0.026819362,0.026819362,15.245372528807462,7
332,group_lasso_N_10_i_12,30110,optimal,0.0,0.028081388,0.028081388,12.997574106406702,8
333,group_lasso_N_10_i_13,30110,optimal,0.0,0.029799023,0.029799023,15.711667031944248,8
334,group_lasso_N_10_i_14,30110,optimal,0.0,0.02776856,0.02776856,17.46581228782176,8
335,group_lasso_N_10_i_15,30110,optimal,0.0,0.030073544,0.030073544,16.594060976146384,8
336,group_lasso_N_10_i_16,30110,optimal,0.0,0.030334626,0.030334626,16.776512662545073,8
337,group_lasso_N_10_i_17,30110,optimal,0.0,0.027946801,0.027946801,18.399579502668573,8
338,group_lasso_N_10_i_18,30110,optimal,0.0,0.027982593,0.027982593,15.819263075017938,8
339,group_lasso_N_10_i_19,30110,optimal,0.0,0.026493448,0.026493448,15.39590577189702,7
340,group_lasso_N_12_i_0,42132,optimal,0.0,0.044132429,0.044132429,19.5438844865847,8
341,group_lasso_N_12_i_1,42132,optimal,0.0,0.044982055,0.044982055,20.23539261475028,8
342,group_lasso_N_12_i_2,42132,optimal,0.0,0.046038793,0.046038793,18.9311921900803,7
343,group_lasso_N_12_i_3,42132,optimal,0.0,0.044522027,0.044522027,16.801061513381317,8
344,group_lasso_N_12_i_4,42132,optimal,0.0,0.047746623,0.047746623,21.027836764992557,8
345,group_lasso_N_12_i_5,42132,optimal,0.0,0.047765185,0.047765185,15.62824406291762,8
346,group_lasso_N_12_i_6,42132,optimal,0.0,0.048025887,0.048025887,17.224350232908876,8
347,group_lasso_N_12_i_7,42132,optimal,0.0,0.045971238,0.045971238,18.834233606528127,8
348,group_lasso_N_12_i_8,42132,optimal,0.0,0.047967087,0.047967087,17.478764296017044,8
349,group_lasso_N_12_i_9,42132,optimal,0.0,0.048686183,0.048686183,20.04175994550767,8
350,group_lasso_N_12_i_10,42132,optimal,0.0,0.045405256,0.045405256,19.730758252735345,8
351,group_lasso_N_12_i_11,42132,optimal,0.0,0.044620867,0.044620867,18.92086924353849,8
352,group_lasso_N_12_i_12,42132,optimal,0.0,0.04779773,0.04779773,19.38709109166568,8
353,group_lasso_N_12_i_13,42132,optimal,0.0,0.046771537,0.046771537,19.380047223115756,8
354,group_lasso_N_12_i_14,42132,optimal,0.0,0.044148501,0.044148501,18.1975732417795,8
355,group_lasso_N_12_i_15,42132,optimal,0.0,0.044952754,0.044952754,17.19782149593552,8
356,group_lasso_N_12_i_16,42132,optimal,0.0,0.04422249,0.04422249,17.795882433852253,8
357,group_lasso_N_12_i_17,42132,optimal,0.0,0.048212418,0.048212418,18.399641749694357,8
358,group_lasso_N_12_i_18,42132,optimal,0.0,0.044879962,0.044879962,18.40733069429107,8
359,group_lasso_N_12_i_19,42132,optimal,0.0,0.048147658,0.048147658,20.32290643132013,8
360,group_lasso_N_14_i_0,56154,optimal,0.0,0.069460015,0.069460015,21.12124284195829,7
361,group_lasso_N_14_i_1,56154,optimal,0.0,0.065433935,0.065433935,21.491007991757236,8
362,group_lasso_N_14_i_2,56154,optimal,0.0,0.066396278,0.066396278,21.08723788477482,8
363,group_lasso_N_14_i_3,56154,optimal,0.0,0.070827943,0.070827943,21.82014049721412,8
364,group_lasso_N_14_i_4,56154,optimal,0.0,0.06682842,0.06682842,23.564853124513437,8
365,group_lasso_N_14_i_5,56154,optimal,0.0,0.069354677,0.069354677,18.524776394108667,7
366,group_lasso_N_14_i_6,56154,optimal,0.0,0.066952348,0.066952348,22.73270924672024,8
367,group_lasso_N_14_i_7,56154,optimal,0.0,0.07158725,0.07158725,21.58893680273729,8
368,group_lasso_N_14_i_8,56154,optimal,0.0,0.06641338,0.06641338,17.58125426621004,8
369,group_lasso_N_14_i_9,56154,optimal,0.0,0.069812389,0.069812389,23.787202413570345,7
370,group_lasso_N_14_i_10,56154,optimal,0.0,0.064424736,0.064424736,23.273307202674754,7
371,group_lasso_N_14_i_11,56154,optimal,0.0,0.072417167,0.072417167,21.307581413946775,8
372,group_lasso_N_14_i_12,56154,optimal,0.0,0.064488759,0.064488759,22.51262179560964,7
373,group_lasso_N_14_i_13,56154,optimal,0.0,0.066920529,0.066920529,20.138325107493152,8
374,group_lasso_N_14_i_14,56154,optimal,0.0,0.064089456,0.064089456,20.16942854862443,7
375,group_lasso_N_14_i_15,56154,optimal,0.0,0.06383284,0.06383284,21.46843909651617,7
376,group_lasso_N_14_i_16,56154,optimal,0.0,0.0666865,0.0666865,20.81030071347758,8
377,group_lasso_N_14_i_17,56154,optimal,0.0,0.066915571,0.066915571,20.282631974395105,8
378,group_lasso_N_14_i_18,56154,optimal,0.0,0.069027048,0.069027048,21.8714304917478,7
379,group_lasso_N_14_i_19,56154,optimal,0.0,0.072167274,0.072167274,21.379225969265537,8
380,group_lasso_N_16_i_0,72176,optimal,0.0,0.090290937,0.090290937,22.880327580108187,7
381,group_lasso_N_16_i_1,72176,optimal,0.0,0.095446688,0.095446688,22.368834077778043,8
382,group_lasso_N_16_i_2,72176,optimal,0.0,0.091898943,0.091898943,24.130454289604533,7
383,group_lasso_N_16_i_3,72176,optimal,0.0,0.091833511,0.091833511,23.201387953007277,7
384,group_lasso_N_16_i_4,72176,optimal,0.0,0.091580878,0.091580878,22.75723027951581,7
385,group_lasso_N_16_i_5,72176,optimal,0.0,0.098552005,0.098552005,21.854472087389897,7
386,group_lasso_N_16_i_6,72176,optimal,0.0,0.09462788,0.09462788,27.449951175154588,8
387,group_lasso_N_16_i_7,72176,optimal,0.0,0.09866795,0.09866795,28.341621810519165,7
388,group_lasso_N_16_i_8,72176,optimal,0.0,0.090997274,0.090997274,27.2244894539804,7
389,group_lasso_N_16_i_9,72176,optimal,0.0,0.102523076,0.102523076,25.07804656553336,8
390,group_lasso_N_16_i_10,72176,optimal,0.0,0.09477623,0.09477623,24.573362392031548,8
391,group_lasso_N_16_i_11,72176,optimal,0.0,0.102616901,0.102616901,23.94858605997443,8
392,group_lasso_N_16_i_12,72176,optimal,0.0,0.094900045,0.094900045,22.74118725516661,8
393,group_lasso_N_16_i_13,72176,optimal,0.0,0.094664992,0.094664992,27.814136258004616,8
394,group_lasso_N_16_i_14,72176,optimal,0.0,0.094764394,0.094764394,28.43207749428833,8
395,group_lasso_N_16_i_15,72176,optimal,0.0,0.102633492,0.102633492,26.608031372480223,8
396,group_lasso_N_16_i_16,72176,optimal,0.0,0.095149783,0.095149783,24.63469841423283,8
397,group_lasso_N_16_i_17,72176,optimal,0.0,0.091287997,0.091287997,25.14440656195182,7
398,group_lasso_N_16_i_18,72176,optimal,0.0,0.094417303,0.094417303,25.51899715533464,8
399,group_lasso_N_16_i_19,72176,optimal,0.0,0.091897764,0.091897764,25.878312189484724,7
400,robust_kalman_filter_N_25_i_0,775,optimal,0.0,0.000835384,0.000835384,766.18050378651,12
401,robust_kalman_filter_N_25_i_1,775,optimal,0.0,0.000733544,0.000733544,464.9850471437688,10
402,robust_kalman_filter_N_25_i_2,775,optimal,0.0,0.000862254,0.000862254,1534.6659751947209,11
403,robust_kalman_filter_N_25_i_3,775,optimal,0.0,0.000810104,0.000810104,706.2163162004948,10
404,robust_kalman_filter_N_25_i_4,775,optimal,0.0,0.000862864,0.000862864,914.443218510352,11
405,robust_kalman_filter_N_25_i_5,775,optimal,0.0,0.000796914,0.000796914,299.9203372393185,10
406,robust_kalman_filter_N_25_i_6,775,optimal,0.0,0.000778344,0.000778344,1116.2452471328245,11
407,robust_kalman_filter_N_25_i_7,775,optimal,0.0,0.000711644,0.000711644,1301.0375582641789,10
408,robust_kalman_filter_N_25_i_8,775,optimal,0.0,0.000809404,0.000809404,1041.876829084731,10
409,robust_kalman_filter_N_25_i_9,775,optimal,0.0,0.000655633,0.000655633,650.0235608113851,9
410,robust_kalman_filter_N_25_i_10,775,optimal,0.0,0.000877194,0.000877194,1205.4704960024903,11
411,robust_kalman_filter_N_25_i_11,775,optimal,0.0,0.000929525,0.000929525,1435.8281680129166,12
412,robust_kalman_filter_N_25_i_12,775,optimal,0.0,0.000803415,0.000803415,337.36480277761274,10
413,robust_kalman_filter_N_25_i_13,775,optimal,0.0,0.000679294,0.000679294,574.9030018762105,8
414,robust_kalman_filter_N_25_i_14,775,optimal,0.0,0.000804544,0.000804544,632.7262508597895,10
415,robust_kalman_filter_N_25_i_15,775,optimal,0.0,0.000798094,0.000798094,324.21760571850973,10
416,robust_kalman_filter_N_25_i_16,775,optimal,0.0,0.000807835,0.000807835,1002.2603302413058,10
417,robust_kalman_filter_N_25_i_17,775,optimal,0.0,0.000739103,0.000739103,565.6364879244887,9
418,robust_kalman_filter_N_25_i_18,775,optimal,0.0,0.000867954,0.000867954,1030.1790104561546,11
419,robust_kalman_filter_N_25_i_19,775,optimal,0.0,0.000869025,0.000869025,1125.0839665157416,11
420,robust_kalman_filter_N_50_i_0,1550,optimal,0.0,0.00196084,0.00196084,1242.505727232601,13
421,robust_kalman_filter_N_50_i_1,1550,optimal,0.0,0.00186707,0.00186707,2986.414167261601,14
422,robust_kalman_filter_N_50_i_2,1550,optimal,0.0,0.001475538,0.001475538,2914.381796319798,11
423,robust_kalman_filter_N_50_i_3,1550,optimal,0.0,0.001681329,0.001681329,2462.56575317478,11
424,robust_kalman_filter_N_50_i_4,1550,optimal,0.0,0.001664719,0.001664719,888.2934217946901,11
425,robust_kalman_filter_N_50_i_5,1550,optimal,0.0,0.001685139,0.001685139,2676.556502440076,11
426,robust_kalman_filter_N_50_i_6,1550,optimal,0.0,0.001833349,0.001833349,2493.980707077702,12
427,robust_kalman_filter_N_50_i_7,1550,optimal,0.0,0.001577638,0.001577638,1707.4562457096563,10
428,robust_kalman_filter_N_50_i_8,1550,optimal,0.0,0.001666038,0.001666038,1174.7189485016172,11
429,robust_kalman_filter_N_50_i_9,1550,optimal,0.0,0.001774469,0.001774469,1733.0776614063004,12
430,robust_kalman_filter_N_50_i_10,1550,optimal,0.0,0.001530668,0.001530668,1707.4888288981035,11
431,robust_kalman_filter_N_50_i_11,1550,optimal,0.0,0.001521668,0.001521668,2305.701237397235,11
432,robust_kalman_filter_N_50_i_12,1550,optimal,0.0,0.001602188,0.001602188,2691.980068413641,12
433,robust_kalman_filter_N_50_i_13,1550,optimal,0.0,0.001793079,0.001793079,2125.9505918275872,13
434,robust_kalman_filter_N_50_i_14,1550,optimal,0.0,0.00194428,0.00194428,1614.7514295751507,13
435,robust_kalman_filter_N_50_i_15,1550,optimal,0.0,0.001551788,0.001551788,2204.506349774708,11
436,robust_kalman_filter_N_50_i_16,1550,optimal,0.0,0.001656128,0.001656128,1245.3581246108367,12
437,robust_kalman_filter_N_50_i_17,1550,optimal,0.0,0.001672619,0.001672619,2792.4885965551557,13
438,robust_kalman_filter_N_50_i_18,1550,optimal,0.0,0.001526318,0.001526318,2480.0657320974424,11
439,robust_kalman_filter_N_50_i_19,1550,optimal,0.0,0.001772969,0.001772969,1544.7495751736192,13
440,robust_kalman_filter_N_75_i_0,2325,optimal,0.0,0.002547143,0.002547143,2944.2084282337064,13
441,robust_kalman_filter_N_75_i_1,2325,optimal,0.0,0.002690324,0.002690324,2400.2980927617527,12
442,robust_kalman_filter_N_75_i_2,2325,optimal,0.0,0.002311382,0.002311382,3077.582623657599,11
443,robust_kalman_filter_N_75_i_3,2325,optimal,0.0,0.002577104,0.002577104,3226.052700848178,13
444,robust_kalman_filter_N_75_i_4,2325,optimal,0.0,0.002623304,0.002623304,2618.143217702608,13
445,robust_kalman_filter_N_75_i_5,2325,optimal,0.0,0.002416412,0.002416412,2054.456740064527,12
446,robust_kalman_filter_N_75_i_6,2325,optimal,0.0,0.002709924,0.002709924,3079.565614186712,12
447,robust_kalman_filter_N_75_i_7,2325,optimal,0.0,0.002405362,0.002405362,2465.041220417498,12
448,robust_kalman_filter_N_75_i_8,2325,optimal,0.0,0.002439042,0.002439042,2664.8453646748435,12
449,robust_kalman_filter_N_75_i_9,2325,optimal,0.0,0.002368472,0.002368472,3413.5743204976043,12
450,robust_kalman_filter_N_75_i_10,2325,optimal,0.0,0.002714304,0.002714304,3635.602864294728,14
451,robust_kalman_filter_N_75_i_11,2325,optimal,0.0,0.002890635,0.002890635,1792.583512868563,13
452,robust_kalman_filter_N_75_i_12,2325,optimal,0.0,0.002734944,0.002734944,2056.9292661785685,12
453,robust_kalman_filter_N_75_i_13,2325,optimal,0.0,0.002895085,0.002895085,2471.853364685259,13
454,robust_kalman_filter_N_75_i_14,2325,optimal,0.0,0.002908825,0.002908825,3987.164949296586,13
455,robust_kalman_filter_N_75_i_15,2325,optimal,0.0,0.002801754,0.002801754,3902.388632453057,14
456,robust_kalman_filter_N_75_i_16,2325,optimal,0.0,0.002649053,0.002649053,3152.275085351177,13
457,robust_kalman_filter_N_75_i_17,2325,optimal,0.0,0.002405233,0.002405233,1988.0369310532756,12
458,robust_kalman_filter_N_75_i_18,2325,optimal,0.0,0.002897205,0.002897205,3710.0217160960574,13
459,robust_kalman_filter_N_75_i_19,2325,optimal,0.0,0.002689404,0.002689404,2921.785915114545,12
460,robust_kalman_filter_N_125_i_0,3875,optimal,0.0,0.004279372,0.004279372,4610.249865574393,13
461,robust_kalman_filter_N_125_i_1,3875,optimal,0.0,0.00461586,0.00461586,5218.367162329728,14
462,robust_kalman_filter_N_125_i_2,3875,optimal,0.0,0.004404352,0.004404352,3762.156690513641,13
463,robust_kalman_filter_N_125_i_3,3875,optimal,0.0,0.004234113,0.004234113,4684.0886732356685,13
464,robust_kalman_filter_N_125_i_4,3875,optimal,0.0,0.004863153,0.004863153,4409.280598824812,13
465,robust_kalman_filter_N_125_i_5,3875,optimal,0.0,0.004334295,0.004334295,5764.840396424596,13
466,robust_kalman_filter_N_125_i_6,3875,optimal,0.0,0.004520725,0.004520725,3371.2733187970407,14
467,robust_kalman_filter_N_125_i_7,3875,optimal,0.0,0.004458266,0.004458266,4485.7590740379255,13
468,robust_kalman_filter_N_125_i_8,3875,optimal,0.0,0.004197737,0.004197737,4066.292786090568,11
469,robust_kalman_filter_N_125_i_9,3875,optimal,0.0,0.004570168,0.004570168,4752.407271447168,12
470,robust_kalman_filter_N_125_i_10,3875,optimal,0.0,0.004950098,0.004950098,5458.097568916455,15
471,robust_kalman_filter_N_125_i_11,3875,optimal,0.0,0.004326039,0.004326039,5452.756491094008,13
472,robust_kalman_filter_N_125_i_12,3875,optimal,0.0,0.00485209,0.00485209,5607.609207152189,13
473,robust_kalman_filter_N_125_i_13,3875,optimal,0.0,0.003816591,0.003816591,4602.191289628404,11
474,robust_kalman_filter_N_125_i_14,3875,optimal,0.0,0.005175692,0.005175692,5002.749746249653,14
475,robust_kalman_filter_N_125_i_15,3875,optimal,0.0,0.004363442,0.004363442,5330.90251111648,13
476,robust_kalman_filter_N_125_i_16,3875,optimal,0.0,0.004595413,0.004595413,4090.054484629643,12
477,robust_kalman_filter_N_125_i_17,3875,optimal,0.0,0.004862954,0.004862954,5958.668357871521,13
478,robust_kalman_filter_N_125_i_18,3875,optimal,0.0,0.004236924,0.004236924,6237.305461320509,13
479,robust_kalman_filter_N_125_i_19,3875,optimal,0.0,0.004500524,0.004500524,6406.233681150251,14
480,robust_kalman_filter_N_175_i_0,5425,optimal,0.0,0.006138337,0.006138337,6240.554057009363,13
481,robust_kalman_filter_N_175_i_1,5425,optimal,0.0,0.006958463,0.006958463,7311.0635500627395,13
482,robust_kalman_filter_N_175_i_2,5425,optimal,0.0,0.006191593,0.006191593,6488.000778648759,13
483,robust_kalman_filter_N_175_i_3,5425,optimal,0.0,0.006762125,0.006762125,7386.595342544084,13
484,robust_kalman_filter_N_175_i_4,5425,optimal,0.0,0.006049344,0.006049344,7350.354581980907,13
485,robust_kalman_filter_N_175_i_5,5425,optimal,0.0,0.007306917,0.007306917,6405.171394149151,14
486,robust_kalman_filter_N_175_i_6,5425,optimal,0.0,0.007020247,0.007020247,7623.096160649785,15
487,robust_kalman_filter_N_175_i_7,5425,optimal,0.0,0.006348076,0.006348076,7765.780285176642,14
488,robust_kalman_filter_N_175_i_8,5425,optimal,0.0,0.00722903,0.00722903,8195.908417407089,14
489,robust_kalman_filter_N_175_i_9,5425,optimal,0.0,0.006378847,0.006378847,7013.4632473271495,14
490,robust_kalman_filter_N_175_i_10,5425,optimal,0.0,0.006189447,0.006189447,7241.575558447552,13
491,robust_kalman_filter_N_175_i_11,5425,optimal,0.0,0.00681035,0.00681035,7583.203946519645,13
492,robust_kalman_filter_N_175_i_12,5425,optimal,0.0,0.006565589,0.006565589,5754.3253772397065,14
493,robust_kalman_filter_N_175_i_13,5425,optimal,0.0,0.005644487,0.005644487,5987.189950631501,12
494,robust_kalman_filter_N_175_i_14,5425,optimal,0.0,0.005908328,0.005908328,7040.915201716423,13
495,robust_kalman_filter_N_175_i_15,5425,optimal,0.0,0.00647328,0.00647328,6186.140638784005,14
496,robust_kalman_filter_N_175_i_16,5425,optimal,0.0,0.00639579,0.00639579,6136.545107288126,12
497,robust_kalman_filter_N_175_i_17,5425,optimal,0.0,0.00635997,0.00635997,7406.21309123913,14
498,robust_kalman_filter_N_175_i_18,5425,optimal,0.0,0.00618625,0.00618625,8149.917931126318,13
499,robust_kalman_filter_N_175_i_19,5425,optimal,0.0,0.0060679,0.0060679,6103.372902884396,13
500,robust_kalman_filter_N_225_i_0,6975,optimal,0.0,0.007896536,0.007896536,9170.849139282347,13
501,robust_kalman_filter_N_225_i_1,6975,optimal,0.0,0.007719747,0.007719747,7303.442237232371,13
502,robust_kalman_filter_N_225_i_2,6975,optimal,0.0,0.00881885,0.00881885,8738.797864710094,13
503,robust_kalman_filter_N_225_i_3,6975,optimal,0.0,0.007397385,0.007397385,9557.862688617372,12
504,robust_kalman_filter_N_225_i_4,6975,optimal,0.0,0.007855368,0.007855368,7139.51463164968,13
505,robust_kalman_filter_N_225_i_5,6975,optimal,0.0,0.007917088,0.007917088,9754.143125458364,13
506,robust_kalman_filter_N_225_i_6,6975,optimal,0.0,0.008840971,0.008840971,9015.738515829227,13
507,robust_kalman_filter_N_225_i_7,6975,optimal,0.0,0.008854372,0.008854372,9389.097749228296,13
508,robust_kalman_filter_N_225_i_8,6975,optimal,0.0,0.008871582,0.008871582,9448.355654510597,13
509,robust_kalman_filter_N_225_i_9,6975,optimal,0.0,0.007482507,0.007482507,7474.880798070254,12
510,robust_kalman_filter_N_225_i_10,6975,optimal,0.0,0.009398534,0.009398534,10880.025788483248,14
511,robust_kalman_filter_N_225_i_11,6975,optimal,0.0,0.008582282,0.008582282,9252.740180102895,14
512,robust_kalman_filter_N_225_i_12,6975,optimal,0.0,0.007107216,0.007107216,9011.4670656833,12
513,robust_kalman_filter_N_225_i_13,6975,optimal,0.0,0.007777659,0.007777659,7800.719418994914,13
514,robust_kalman_filter_N_225_i_14,6975,optimal,0.0,0.00795727,0.00795727,10350.32950205034,13
515,robust_kalman_filter_N_225_i_15,6975,optimal,0.0,0.009295864,0.009295864,13742.380403721638,14
516,robust_kalman_filter_N_225_i_16,6975,optimal,0.0,0.00793044,0.00793044,10497.241515694765,13
517,robust_kalman_filter_N_225_i_17,6975,optimal,0.0,0.008226721,0.008226721,10223.623502114726,14
518,robust_kalman_filter_N_225_i_18,6975,optimal,0.0,0.007669889,0.007669889,10145.995810295812,13
519,robust_kalman_filter_N_225_i_19,6975,optimal,0.0,0.008860693,0.008860693,9103.163541521268,13
520,robust_kalman_filter_N_300_i_0,9300,optimal,0.0,0.010874081,0.010874081,12843.672675044225,14
521,robust_kalman_filter_N_300_i_1,9300,optimal,0.0,0.010220448,0.010220448,9408.158992593488,13
522,robust_kalman_filter_N_300_i_2,9300,optimal,0.0,0.012371087,0.012371087,12488.581482024716,14
523,robust_kalman_filter_N_300_i_3,9300,optimal,0.0,0.010312949,0.010312949,13544.526531275957,13
524,robust_kalman_filter_N_300_i_4,9300,optimal,0.0,0.01037527,0.01037527,11107.04488173568,13
525,robust_kalman_filter_N_300_i_5,9300,optimal,0.0,0.01042604,0.01042604,10601.43267815024,13
526,robust_kalman_filter_N_300_i_6,9300,optimal,0.0,0.010392651,0.010392651,10698.24257908176,13
527,robust_kalman_filter_N_300_i_7,9300,optimal,0.0,0.011048183,0.011048183,16162.601036467207,14
528,robust_kalman_filter_N_300_i_8,9300,optimal,0.0,0.010681211,0.010681211,9485.28096807608,13
529,robust_kalman_filter_N_300_i_9,9300,optimal,0.0,0.012463279,0.012463279,13406.387890093609,14
530,robust_kalman_filter_N_300_i_10,9300,optimal,0.0,0.01039266,0.01039266,12506.383379234794,13
531,robust_kalman_filter_N_300_i_11,9300,optimal,0.0,0.010395951,0.010395951,11136.749238324794,13
532,robust_kalman_filter_N_300_i_12,9300,optimal,0.0,0.011067463,0.011067463,12813.153730761993,14
533,robust_kalman_filter_N_300_i_13,9300,optimal,0.0,0.011805177,0.011805177,12230.910557808873,13
534,robust_kalman_filter_N_300_i_14,9300,optimal,0.0,0.01251499,0.01251499,13286.18453253615,14
535,robust_kalman_filter_N_300_i_15,9300,optimal,0.0,0.011689202,0.011689202,10714.4418124211,13
536,robust_kalman_filter_N_300_i_16,9300,optimal,0.0,0.012383765,0.012383765,12858.457637284291,16
537,robust_kalman_filter_N_300_i_17,9300,optimal,0.0,0.010304929,0.010304929,10040.308020491158,13
538,robust_kalman_filter_N_300_i_18,9300,optimal,0.0,0.010304548,0.010304548,11787.379183497012,13
539,robust_kalman_filter_N_300_i_19,9300,optimal,0.0,0.010268996,0.010268996,13205.765085984034,13
540,robust_kalman_filter_N_375_i_0,11625,optimal,0.0,0.013046812,0.013046812,14947.356605120283,13
541,robust_kalman_filter_N_375_i_1,11625,optimal,0.0,0.013399252,0.013399252,14542.68846311543,13
542,robust_kalman_filter_N_375_i_2,11625,optimal,0.0,0.012463815,0.012463815,14123.802732782917,12
543,robust_kalman_filter_N_375_i_3,11625,optimal,0.0,0.014743227,0.014743227,14884.693049649346,13
544,robust_kalman_filter_N_375_i_4,11625,optimal,0.0,0.013165536,0.013165536,13918.084753279503,13
545,robust_kalman_filter_N_375_i_5,11625,optimal,0.0,0.012403951,0.012403951,15489.105115777264,12
546,robust_kalman_filter_N_375_i_6,11625,optimal,0.0,0.015559557,0.015559557,14340.890980026448,14
547,robust_kalman_filter_N_375_i_7,11625,optimal,0.0,0.015720686,0.015720686,14380.474962692748,14
548,robust_kalman_filter_N_375_i_8,11625,optimal,0.0,0.013273292,0.013273292,13989.850115229725,13
549,robust_kalman_filter_N_375_i_9,11625,optimal,0.0,0.014548027,0.014548027,16546.507851976552,14
550,robust_kalman_filter_N_375_i_10,11625,optimal,0.0,0.014423405,0.014423405,20095.4756324075,14
551,robust_kalman_filter_N_375_i_11,11625,optimal,0.0,0.012516504,0.012516504,15327.340512534249,12
552,robust_kalman_filter_N_375_i_12,11625,optimal,0.0,0.013596759,0.013596759,15572.369033295216,13
553,robust_kalman_filter_N_375_i_13,11625,optimal,0.0,0.013062186,0.013062186,14959.85755304835,13
554,robust_kalman_filter_N_375_i_14,11625,optimal,0.0,0.015641218,0.015641218,15573.62303977458,14
555,robust_kalman_filter_N_375_i_15,11625,optimal,0.0,0.014035469,0.014035469,17285.88375562843,14
556,robust_kalman_filter_N_375_i_16,11625,optimal,0.0,0.014827183,0.014827183,15913.316457238612,13
557,robust_kalman_filter_N_375_i_17,11625,optimal,0.0,0.013320495,0.013320495,13480.686749515731,13
558,robust_kalman_filter_N_375_i_18,11625,optimal,0.0,0.013108623,0.013108623,14709.4231217458,13
559,robust_kalman_filter_N_375_i_19,11625,optimal,0.0,0.013692996,0.013692996,16719.729366183372,14
560,robust_kalman_filter_N_450_i_0,13950,optimal,0.0,0.015837056,0.015837056,18302.222630402062,13
561,robust_kalman_filter_N_450_i_1,13950,optimal,0.0,0.016226617,0.016226617,17630.557505272,13
562,robust_kalman_filter_N_450_i_2,13950,optimal,0.0,0.017722314,0.017722314,20306.79029852916,13
563,robust_kalman_filter_N_450_i_3,13950,optimal,0.0,0.017644233,0.017644233,19447.10399459874,13
564,robust_kalman_filter_N_450_i_4,13950,optimal,0.0,0.015823614,0.015823614,17868.57291113602,13
565,robust_kalman_filter_N_450_i_5,13950,optimal,0.0,0.016531767,0.016531767,18044.961322673767,14
566,robust_kalman_filter_N_450_i_6,13950,optimal,0.0,0.016841388,0.016841388,20043.0248893052,14
567,robust_kalman_filter_N_450_i_7,13950,optimal,0.0,0.016237455,0.016237455,18901.610942756324,13
568,robust_kalman_filter_N_450_i_8,13950,optimal,0.0,0.018939657,0.018939657,15356.406735199842,14
569,robust_kalman_filter_N_450_i_9,13950,optimal,0.0,0.01757612,0.01757612,19904.471449879544,13
570,robust_kalman_filter_N_450_i_10,13950,optimal,0.0,0.016500625,0.016500625,20062.422659217023,14
571,robust_kalman_filter_N_450_i_11,13950,optimal,0.0,0.014671527,0.014671527,17509.69089576308,12
572,robust_kalman_filter_N_450_i_12,13950,optimal,0.0,0.017826409,0.017826409,19155.859833809503,15
573,robust_kalman_filter_N_450_i_13,13950,optimal,0.0,0.015866072,0.015866072,20530.152684769924,13
574,robust_kalman_filter_N_450_i_14,13950,optimal,0.0,0.016211623,0.016211623,20505.868117543283,13
575,robust_kalman_filter_N_450_i_15,13950,optimal,0.0,0.016666925,0.016666925,19116.4798420966,14
576,robust_kalman_filter_N_450_i_16,13950,optimal,0.0,0.016587685,0.016587685,19874.6451616612,14
577,robust_kalman_filter_N_450_i_17,13950,optimal,0.0,0.015779116,0.015779116,17840.874801909806,13
578,robust_kalman_filter_N_450_i_18,13950,optimal,0.0,0.016990361,0.016990361,19145.051248448148,14
579,robust_kalman_filter_N_450_i_19,13950,optimal,0.0,0.017580141,0.017580141,18530.21182433985,13
580,robust_kalman_filter_N_500_i_0,15500,optimal,0.0,0.018376473,0.018376473,22787.043322692803,14
581,robust_kalman_filter_N_500_i_1,15500,optimal,0.0,0.017584526,0.017584526,19242.928890439965,13
582,robust_kalman_filter_N_500_i_2,15500,optimal,0.0,0.017536923,0.017536923,19944.898425476167,13
583,robust_kalman_filter_N_500_i_3,15500,optimal,0.0,0.019653102,0.019653102,23529.89496872021,13
584,robust_kalman_filter_N_500_i_4,15500,optimal,0.0,0.017522649,0.017522649,19384.22804678509,13
585,robust_kalman_filter_N_500_i_5,15500,optimal,0.0,0.017756537,0.017756537,22293.58760529644,13
586,robust_kalman_filter_N_500_i_6,15500,optimal,0.0,0.01857968,0.01857968,17425.530929244822,14
587,robust_kalman_filter_N_500_i_7,15500,optimal,0.0,0.019618405,0.019618405,20393.066831957047,13
588,robust_kalman_filter_N_500_i_8,15500,optimal,0.0,0.02094907,0.02094907,24320.695115612874,14
589,robust_kalman_filter_N_500_i_9,15500,optimal,0.0,0.019551181,0.019551181,20588.72729204909,13
590,robust_kalman_filter_N_500_i_10,15500,optimal,0.0,0.018771107,0.018771107,23409.818674287857,14
591,robust_kalman_filter_N_500_i_11,15500,optimal,0.0,0.01954773,0.01954773,20009.163621733085,13
592,robust_kalman_filter_N_500_i_12,15500,optimal,0.0,0.017682659,0.017682659,19165.51622651533,13
593,robust_kalman_filter_N_500_i_13,15500,optimal,0.0,0.016742983,0.016742983,19323.68547639196,12
594,robust_kalman_filter_N_500_i_14,15500,optimal,0.0,0.017545157,0.017545157,20777.909088215438,13
595,robust_kalman_filter_N_500_i_15,15500,optimal,0.0,0.0182974,0.0182974,22829.694265438306,14
596,robust_kalman_filter_N_500_i_16,15500,optimal,0.0,0.017881738,0.017881738,23315.36772101872,13
597,robust_kalman_filter_N_500_i_17,15500,optimal,0.0,0.017424935,0.017424935,19727.956488137133,13
598,robust_kalman_filter_N_500_i_18,15500,optimal,0.0,0.017430605,0.017430605,20633.872915237516,13
599,robust_kalman_filter_N_500_i_19,15500,optimal,0.0,0.019604605,0.019604605,22585.04910965734,13
600,oscillating_masses_N_8_i_0,1344,optimal,0.0,0.000525332,0.000525332,447.2992917191572,5
601,oscillating_masses_N_8_i_1,1344,optimal,0.0,0.000530892,0.000530892,283.7780347633713,5
602,oscillating_masses_N_8_i_2,1344,optimal,0.0,0.000519553,0.000519553,429.3685685709046,5
603,oscillating_masses_N_8_i_3,1344,optimal,0.0,0.000523173,0.000523173,143.03501972376512,5
604,oscillating_masses_N_8_i_4,1344,optimal,0.0,0.000484592,0.000484592,350.3333545590364,5
605,oscillating_masses_N_8_i_5,1344,optimal,0.0,0.000471522,0.000471522,305.6541399884064,5
606,oscillating_masses_N_8_i_6,1344,optimal,0.0,0.000829024,0.000829024,714.1937458466467,10
607,oscillating_masses_N_8_i_7,1344,optimal,0.0,0.000516482,0.000516482,235.4748339643886,5
608,oscillating_masses_N_8_i_8,1344,optimal,0.0,0.000523273,0.000523273,339.9994434682391,5
609,oscillating_masses_N_8_i_9,1344,optimal,0.0,0.000483883,0.000483883,87.69336722222694,5
610,oscillating_masses_N_8_i_10,1344,optimal,0.0,0.000480373,0.000480373,87.56459499985071,5
611,oscillating_masses_N_8_i_11,1344,optimal,0.0,0.000527532,0.000527532,88.7728447029356,5
612,oscillating_masses_N_8_i_12,1344,optimal,0.0,0.000520192,0.000520192,196.76191382296523,5
613,oscillating_masses_N_8_i_13,1344,optimal,0.0,0.000480912,0.000480912,64.88961432688701,5
614,oscillating_masses_N_8_i_14,1344,optimal,0.0,0.000484622,0.000484622,266.12371539555727,5
615,oscillating_masses_N_8_i_15,1344,optimal,0.0,0.000479082,0.000479082,250.32165902825696,5
616,oscillating_masses_N_8_i_16,1344,optimal,0.0,0.000543922,0.000543922,313.8640685093344,6
617,oscillating_masses_N_8_i_17,1344,optimal,0.0,0.000472952,0.000472952,197.63540959753013,5
618,oscillating_masses_N_8_i_18,1344,optimal,0.0,0.000479102,0.000479102,409.46888210015976,5
619,oscillating_masses_N_8_i_19,1344,optimal,0.0,0.000535493,0.000535493,410.8354933502094,5
620,oscillating_masses_N_20_i_0,3312,optimal,0.0,0.001165175,0.001165175,564.1290229630982,5
621,oscillating_masses_N_20_i_1,3312,optimal,0.0,0.001216295,0.001216295,308.5963995294138,5
622,oscillating_masses_N_20_i_2,3312,optimal,0.0,0.001159676,0.001159676,149.41078620398648,5
623,oscillating_masses_N_20_i_3,3312,optimal,0.0,0.001642137,0.001642137,464.7552028981831,7
624,oscillating_masses_N_20_i_4,3312,optimal,0.0,0.001583767,0.001583767,664.5771038741789,7
625,oscillating_masses_N_20_i_5,3312,optimal,0.0,0.001255775,0.001255775,330.0411591752543,5
626,oscillating_masses_N_20_i_6,3312,optimal,0.0,0.001256655,0.001256655,259.4076454083316,5
627,oscillating_masses_N_20_i_7,3312,optimal,0.0,0.001169086,0.001169086,412.9066882084885,5
628,oscillating_masses_N_20_i_8,3312,optimal,0.0,0.001179805,0.001179805,406.76059703720927,5
629,oscillating_masses_N_20_i_9,3312,optimal,0.0,0.001153945,0.001153945,248.07285391338831,5
630,oscillating_masses_N_20_i_10,3312,optimal,0.0,0.001178976,0.001178976,300.313932338977,5
631,oscillating_masses_N_20_i_11,3312,optimal,0.0,0.001185895,0.001185895,256.3199116514768,5
632,oscillating_masses_N_20_i_12,3312,optimal,0.0,0.001163525,0.001163525,336.55726989647115,5
633,oscillating_masses_N_20_i_13,3312,optimal,0.0,0.001141796,0.001141796,216.6516128366868,5
634,oscillating_masses_N_20_i_14,3312,optimal,0.0,0.001137985,0.001137985,258.17594696692595,5
635,oscillating_masses_N_20_i_15,3312,optimal,0.0,0.001267606,0.001267606,383.7717577433463,5
636,oscillating_masses_N_20_i_16,3312,optimal,0.0,0.001279086,0.001279086,191.17565445147568,5
637,oscillating_masses_N_20_i_17,3312,optimal,0.0,0.001190245,0.001190245,535.5482488721985,5
638,oscillating_masses_N_20_i_18,3312,optimal,0.0,0.001127055,0.001127055,166.20185602431357,5
639,oscillating_masses_N_20_i_19,3312,optimal,0.0,0.001126105,0.001126105,467.5361775457818,5
640,oscillating_masses_N_32_i_0,5280,optimal,0.0,0.001805649,0.001805649,299.68273993997434,5
641,oscillating_masses_N_32_i_1,5280,optimal,0.0,0.002014939,0.002014939,325.83793094579823,5
642,oscillating_masses_N_32_i_2,5280,optimal,0.0,0.002027429,0.002027429,185.75571697368676,5
643,oscillating_masses_N_32_i_3,5280,optimal,0.0,0.002535312,0.002535312,83.58300927851536,7
644,oscillating_masses_N_32_i_4,5280,optimal,0.0,0.002860653,0.002860653,966.5824218668224,9
645,oscillating_masses_N_32_i_5,5280,optimal,0.0,0.001986599,0.001986599,327.58882334707846,5
646,oscillating_masses_N_32_i_6,5280,optimal,0.0,0.00227771,0.00227771,164.24939261726342,6
647,oscillating_masses_N_32_i_7,5280,optimal,0.0,0.002280701,0.002280701,314.99928551203465,6
648,oscillating_masses_N_32_i_8,5280,optimal,0.0,0.001831179,0.001831179,266.4210243007575,5
649,oscillating_masses_N_32_i_9,5280,optimal,0.0,0.001848638,0.001848638,102.03714752080946,5
650,oscillating_masses_N_32_i_10,5280,optimal,0.0,0.002088399,0.002088399,206.3741144515141,6
651,oscillating_masses_N_32_i_11,5280,optimal,0.0,0.001787438,0.001787438,235.2459402939286,5
652,oscillating_masses_N_32_i_12,5280,optimal,0.0,0.001756277,0.001756277,69.96122572000216,5
653,oscillating_masses_N_32_i_13,5280,optimal,0.0,0.001809308,0.001809308,350.525898431728,5
654,oscillating_masses_N_32_i_14,5280,optimal,0.0,0.002087419,0.002087419,67.08973531861861,6
655,oscillating_masses_N_32_i_15,5280,optimal,0.0,0.001990569,0.001990569,183.49861026888516,5
656,oscillating_masses_N_32_i_16,5280,optimal,0.0,0.002019219,0.002019219,232.21615790186692,5
657,oscillating_masses_N_32_i_17,5280,optimal,0.0,0.002013309,0.002013309,184.0138281103703,5
658,oscillating_masses_N_32_i_18,5280,optimal,0.0,0.001996199,0.001996199,450.7116854780545,5
659,oscillating_masses_N_32_i_19,5280,optimal,0.0,0.001798118,0.001798118,259.6264261082827,5
660,oscillating_masses_N_44_i_0,7248,optimal,0.0,0.002436742,0.002436742,80.85387678296786,5
661,oscillating_masses_N_44_i_1,7248,optimal,0.0,0.002879253,0.002879253,230.4455341404141,6
662,oscillating_masses_N_44_i_2,7248,optimal,0.0,0.003189415,0.003189415,156.0369228389814,6
663,oscillating_masses_N_44_i_3,7248,optimal,0.0,0.002495672,0.002495672,298.45602370632594,5
664,oscillating_masses_N_44_i_4,7248,optimal,0.0,0.002733432,0.002733432,464.8442885872176,5
665,oscillating_masses_N_44_i_5,7248,optimal,0.0,0.002445051,0.002445051,118.5061498749894,5
666,oscillating_masses_N_44_i_6,7248,optimal,0.0,0.002993644,0.002993644,590.2692828527091,6
667,oscillating_masses_N_44_i_7,7248,optimal,0.0,0.002741493,0.002741493,146.88618696260963,5
668,oscillating_masses_N_44_i_8,7248,optimal,0.0,0.002800713,0.002800713,243.29005866662985,5
669,oscillating_masses_N_44_i_9,7248,optimal,0.0,0.002414281,0.002414281,157.06916490381067,5
670,oscillating_masses_N_44_i_10,7248,optimal,0.0,0.002512051,0.002512051,334.8948100879644,5
671,oscillating_masses_N_44_i_11,7248,optimal,0.0,0.002746593,0.002746593,145.02545835085755,5
672,oscillating_masses_N_44_i_12,7248,optimal,0.0,0.002738763,0.002738763,189.89242292307733,5
673,oscillating_masses_N_44_i_13,7248,optimal,0.0,0.002738953,0.002738953,176.71108810553224,5
674,oscillating_masses_N_44_i_14,7248,optimal,0.0,0.002800103,0.002800103,358.96343631169015,5
675,oscillating_masses_N_44_i_15,7248,optimal,0.0,0.002742662,0.002742662,258.7915671656718,5
676,oscillating_masses_N_44_i_16,7248,optimal,0.0,0.002398171,0.002398171,237.29021887298424,5
677,oscillating_masses_N_44_i_17,7248,optimal,0.0,0.002475761,0.002475761,337.5834497768023,5
678,oscillating_masses_N_44_i_18,7248,optimal,0.0,0.002505101,0.002505101,251.59643792650533,5
679,oscillating_masses_N_44_i_19,7248,optimal,0.0,0.002547531,0.002547531,231.46646344129604,5
680,oscillating_masses_N_56_i_0,9216,optimal,0.0,0.003527205,0.003527205,395.4185046640711,5
681,oscillating_masses_N_56_i_1,9216,optimal,0.0,0.004128799,0.004128799,90.56971939669008,5
682,oscillating_masses_N_56_i_2,9216,optimal,0.0,0.003067804,0.003067804,90.92090532613167,5
683,oscillating_masses_N_56_i_3,9216,optimal,0.0,0.003287215,0.003287215,357.18505758858043,5
684,oscillating_masses_N_56_i_4,9216,optimal,0.0,0.003515256,0.003515256,297.4544604238331,5
685,oscillating_masses_N_56_i_5,9216,optimal,0.0,0.0045402,0.0045402,244.51570628125512,7
686,oscillating_masses_N_56_i_6,9216,optimal,0.0,0.003527086,0.003527086,214.93374044034883,5
687,oscillating_masses_N_56_i_7,9216,optimal,0.0,0.003482006,0.003482006,306.7092426757849,5
688,oscillating_masses_N_56_i_8,9216,optimal,0.0,0.003132505,0.003132505,343.0388138068788,5
689,oscillating_masses_N_56_i_9,9216,optimal,0.0,0.003990468,0.003990468,308.8514650988711,6
690,oscillating_masses_N_56_i_10,9216,optimal,0.0,0.003188055,0.003188055,382.07765034665385,5
691,oscillating_masses_N_56_i_11,9216,optimal,0.0,0.003141614,0.003141614,261.7256353398341,5
692,oscillating_masses_N_56_i_12,9216,optimal,0.0,0.003482246,0.003482246,276.7087821439262,5
693,oscillating_masses_N_56_i_13,9216,optimal,0.0,0.003078354,0.003078354,202.2760994218661,5
694,oscillating_masses_N_56_i_14,9216,optimal,0.0,0.003201825,0.003201825,142.31656619897728,5
695,oscillating_masses_N_56_i_15,9216,optimal,0.0,0.003811567,0.003811567,354.7808408789173,6
696,oscillating_masses_N_56_i_16,9216,optimal,0.0,0.003231385,0.003231385,266.3143333843525,5
697,oscillating_masses_N_56_i_17,9216,optimal,0.0,0.003520556,0.003520556,311.073730823936,6
698,oscillating_masses_N_56_i_18,9216,optimal,0.0,0.003549406,0.003549406,313.1843539420619,5
699,oscillating_masses_N_56_i_19,9216,optimal,0.0,0.004722351,0.004722351,752.1097485835419,7
700,oscillating_masses_N_76_i_0,12496,optimal,0.0,0.004151639,0.004151639,141.0193650103934,5
701,oscillating_masses_N_76_i_1,12496,optimal,0.0,0.005532646,0.005532646,319.74405847722386,6
702,oscillating_masses_N_76_i_2,12496,optimal,0.0,0.004184259,0.004184259,266.4747781983228,5
703,oscillating_masses_N_76_i_3,12496,optimal,0.0,0.00423808,0.00423808,124.26094084370165,5
704,oscillating_masses_N_76_i_4,12496,optimal,0.0,0.004194079,0.004194079,371.1241917820864,5
705,oscillating_masses_N_76_i_5,12496,optimal,0.0,0.004286619,0.004286619,162.62996786259734,5
706,oscillating_masses_N_76_i_6,12496,optimal,0.0,0.004714801,0.004714801,216.71277630265465,5
707,oscillating_masses_N_76_i_7,12496,optimal,0.0,0.004725531,0.004725531,196.0963056921256,5
708,oscillating_masses_N_76_i_8,12496,optimal,0.0,0.005467675,0.005467675,200.83539757434824,6
709,oscillating_masses_N_76_i_9,12496,optimal,0.0,0.004283869,0.004283869,250.38238693291865,5
710,oscillating_masses_N_76_i_10,12496,optimal,0.0,0.005249694,0.005249694,164.34485247830744,6
711,oscillating_masses_N_76_i_11,12496,optimal,0.0,0.004771732,0.004771732,204.2250298603548,5
712,oscillating_masses_N_76_i_12,12496,optimal,0.0,0.005533686,0.005533686,749.718634547634,7
713,oscillating_masses_N_76_i_13,12496,optimal,0.0,0.006185888,0.006185888,299.3981472403448,7
714,oscillating_masses_N_76_i_14,12496,optimal,0.0,0.004249369,0.004249369,447.9150579861923,5
715,oscillating_masses_N_76_i_15,12496,optimal,0.0,0.004298549,0.004298549,156.52656540663148,5
716,oscillating_masses_N_76_i_16,12496,optimal,0.0,0.004765762,0.004765762,96.3499945029031,5
717,oscillating_masses_N_76_i_17,12496,optimal,0.0,0.004773212,0.004773212,345.0202238713114,5
718,oscillating_masses_N_76_i_18,12496,optimal,0.0,0.00420334,0.00420334,505.94561329867366,5
719,oscillating_masses_N_76_i_19,12496,optimal,0.0,0.004713001,0.004713001,191.3252571844199,5
720,oscillating_masses_N_96_i_0,15776,optimal,0.0,0.005369675,0.005369675,149.86097373641863,5
721,oscillating_masses_N_96_i_1,15776,optimal,0.0,0.006114867,0.006114867,449.2603752540639,6
722,oscillating_masses_N_96_i_2,15776,optimal,0.0,0.005285204,0.005285204,129.21784694753885,5
723,oscillating_masses_N_96_i_3,15776,optimal,0.0,0.005340263,0.005340263,147.97012555389642,5
724,oscillating_masses_N_96_i_4,15776,optimal,0.0,0.005835647,0.005835647,45.24013070834345,5
725,oscillating_masses_N_96_i_5,15776,optimal,0.0,0.005547875,0.005547875,362.2263678588562,5
726,oscillating_masses_N_96_i_6,15776,optimal,0.0,0.005313214,0.005313214,179.15607454106637,5
727,oscillating_masses_N_96_i_7,15776,optimal,0.0,0.005343365,0.005343365,455.5347375861916,5
728,oscillating_masses_N_96_i_8,15776,optimal,0.0,0.005429545,0.005429545,300.8737164113252,5
729,oscillating_masses_N_96_i_9,15776,optimal,0.0,0.005294584,0.005294584,193.0580549289176,5
730,oscillating_masses_N_96_i_10,15776,optimal,0.0,0.00661708,0.00661708,78.5079089957559,6
731,oscillating_masses_N_96_i_11,15776,optimal,0.0,0.006861552,0.006861552,507.1660847759839,6
732,oscillating_masses_N_96_i_12,15776,optimal,0.0,0.005280282,0.005280282,190.5157038590707,5
733,oscillating_masses_N_96_i_13,15776,optimal,0.0,0.005307911,0.005307911,361.9163777484905,5
734,oscillating_masses_N_96_i_14,15776,optimal,0.0,0.005555633,0.005555633,356.2437244941225,5
735,oscillating_masses_N_96_i_15,15776,optimal,0.0,0.006124066,0.006124066,508.0831920638048,6
736,oscillating_masses_N_96_i_16,15776,optimal,0.0,0.006103035,0.006103035,230.12363873548816,5
737,oscillating_masses_N_96_i_17,15776,optimal,0.0,0.005968365,0.005968365,163.27981559905118,5
738,oscillating_masses_N_96_i_18,15776,optimal,0.0,0.0051749,0.0051749,54.52747188018103,5
739,oscillating_masses_N_96_i_19,15776,optimal,0.0,0.00519881,0.00519881,179.60980081496427,5
740,oscillating_masses_N_116_i_0,19056,optimal,0.0,0.007268681,0.007268681,330.5353109782785,5
741,oscillating_masses_N_116_i_1,19056,optimal,0.0,0.00715705,0.00715705,238.59937869154248,6
742,oscillating_masses_N_116_i_2,19056,optimal,0.0,0.006781978,0.006781978,165.23528077344346,5
743,oscillating_masses_N_116_i_3,19056,optimal,0.0,0.006474677,0.006474677,141.00191378989666,5
744,oscillating_masses_N_116_i_4,19056,optimal,0.0,0.00717815,0.00717815,366.7837495469669,5
745,oscillating_masses_N_116_i_5,19056,optimal,0.0,0.007352111,0.007352111,412.6326433207349,6
746,oscillating_masses_N_116_i_6,19056,optimal,0.0,0.006888718,0.006888718,45.20257224532326,6
747,oscillating_masses_N_116_i_7,19056,optimal,0.0,0.006703977,0.006703977,481.0027170883768,5
748,oscillating_masses_N_116_i_8,19056,optimal,0.0,0.008583807,0.008583807,477.2735162648572,7
749,oscillating_masses_N_116_i_9,19056,optimal,0.0,0.006756527,0.006756527,449.7070929544062,5
750,oscillating_masses_N_116_i_10,19056,optimal,0.0,0.00720646,0.00720646,109.74967731631676,5
751,oscillating_masses_N_116_i_11,19056,optimal,0.0,0.007042318,0.007042318,79.57571710889768,5
752,oscillating_masses_N_116_i_12,19056,optimal,0.0,0.006478775,0.006478775,136.60509297881725,5
753,oscillating_masses_N_116_i_13,19056,optimal,0.0,0.007207638,0.007207638,288.2963426345077,5
754,oscillating_masses_N_116_i_14,19056,optimal,0.0,0.008349005,0.008349005,182.9171606076748,6
755,oscillating_masses_N_116_i_15,19056,optimal,0.0,0.006423384,0.006423384,394.8817719548073,5
756,oscillating_masses_N_116_i_16,19056,optimal,0.0,0.006491474,0.006491474,129.95176021120548,5
757,oscillating_masses_N_116_i_17,19056,optimal,0.0,0.006524414,0.006524414,475.1493024932549,5
758,oscillating_masses_N_116_i_18,19056,optimal,0.0,0.006533275,0.006533275,231.50795756845295,5
759,oscillating_masses_N_116_i_19,19056,optimal,0.0,0.006575705,0.006575705,497.74236130010905,5
760,oscillating_masses_N_136_i_0,22336,optimal,0.0,0.010995547,0.010995547,363.8870647706894,5
761,oscillating_masses_N_136_i_1,22336,optimal,0.0,0.007496039,0.007496039,457.4159088516242,5
762,oscillating_masses_N_136_i_2,22336,optimal,0.0,0.008670945,0.008670945,475.4327687367949,5
763,oscillating_masses_N_136_i_3,22336,optimal,0.0,0.00780341,0.00780341,246.59165088178136,5
764,oscillating_masses_N_136_i_4,22336,optimal,0.0,0.008425723,0.008425723,265.39648848302875,5
765,oscillating_masses_N_136_i_5,22336,optimal,0.0,0.011038766,0.011038766,218.98408620814317,5
766,oscillating_masses_N_136_i_6,22336,optimal,0.0,0.007944399,0.007944399,428.3965821660422,5
767,oscillating_masses_N_136_i_7,22336,optimal,0.0,0.00780154,0.00780154,164.07772921780736,5
768,oscillating_masses_N_136_i_8,22336,optimal,0.0,0.007721809,0.007721809,230.7200338669198,5
769,oscillating_masses_N_136_i_9,22336,optimal,0.0,0.007494568,0.007494568,182.73418117910816,5
770,oscillating_masses_N_136_i_10,22336,optimal,0.0,0.009518838,0.009518838,270.3885335501519,6
771,oscillating_masses_N_136_i_11,22336,optimal,0.0,0.008321532,0.008321532,118.18571313359524,6
772,oscillating_masses_N_136_i_12,22336,optimal,0.0,0.007710268,0.007710268,312.36558378524126,5
773,oscillating_masses_N_136_i_13,22336,optimal,0.0,0.00798389,0.00798389,695.7446590926568,5
774,oscillating_masses_N_136_i_14,22336,optimal,0.0,0.007438437,0.007438437,477.1373540370213,5
775,oscillating_masses_N_136_i_15,22336,optimal,0.0,0.009395606,0.009395606,156.22619744374242,6
776,oscillating_masses_N_136_i_16,22336,optimal,0.0,0.008309901,0.008309901,99.54678010137744,6
777,oscillating_masses_N_136_i_17,22336,optimal,0.0,0.009400466,0.009400466,121.58081741206678,6
778,oscillating_masses_N_136_i_18,22336,optimal,0.0,0.007418476,0.007418476,303.9729327229989,5
779,oscillating_masses_N_136_i_19,22336,optimal,0.0,0.008606423,0.008606423,221.4510468141574,6
780,oscillating_masses_N_156_i_0,25616,optimal,0.0,0.010757513,0.010757513,476.19500259170735,6
781,oscillating_masses_N_156_i_1,25616,optimal,0.0,0.009544477,0.009544477,119.85711506729528,6
782,oscillating_masses_N_156_i_2,25616,optimal,0.0,0.012589101,0.012589101,217.58095768728,7
783,oscillating_masses_N_156_i_3,25616,optimal,0.0,0.009038244,0.009038244,182.2732524142133,5
784,oscillating_masses_N_156_i_4,25616,optimal,0.0,0.010805793,0.010805793,147.6415419483457,6
785,oscillating_masses_N_156_i_5,25616,optimal,0.0,0.008612212,0.008612212,125.47306393913108,5
786,oscillating_masses_N_156_i_6,25616,optimal,0.0,0.009286265,0.009286265,176.01448401499687,5
787,oscillating_masses_N_156_i_7,25616,optimal,0.0,0.009511326,0.009511326,72.56810079131537,5
788,oscillating_masses_N_156_i_8,25616,optimal,0.0,0.008806323,0.008806323,302.63297837655915,5
789,oscillating_masses_N_156_i_9,25616,optimal,0.0,0.008608992,0.008608992,376.6752929901009,5
790,oscillating_masses_N_156_i_10,25616,optimal,0.0,0.010192809,0.010192809,394.7111038062367,6
791,oscillating_masses_N_156_i_11,25616,optimal,0.0,0.008605852,0.008605852,60.45436858989652,5
792,oscillating_masses_N_156_i_12,25616,optimal,0.0,0.008954063,0.008954063,341.4339046008385,5
793,oscillating_masses_N_156_i_13,25616,optimal,0.0,0.009782247,0.009782247,264.6668386744246,5
794,oscillating_masses_N_156_i_14,25616,optimal,0.0,0.009631586,0.009631586,152.02484368801169,6
795,oscillating_masses_N_156_i_15,25616,optimal,0.0,0.008883423,0.008883423,164.7306560690516,5
796,oscillating_masses_N_156_i_16,25616,optimal,0.0,0.009579916,0.009579916,86.8022649237571,6
797,oscillating_masses_N_156_i_17,25616,optimal,0.0,0.008597382,0.008597382,305.18038806282163,5
798,oscillating_masses_N_156_i_18,25616,optimal,0.0,0.011902427,0.011902427,412.95467011970266,7
799,oscillating_masses_N_156_i_19,25616,optimal,0.0,0.009919267,0.009919267,216.13363310791297,5
800,portfolio_N_2_i_0,804,optimal,0.0,0.000420282,0.000420282,-2.1699869228016966,9
801,portfolio_N_2_i_1,804,optimal,0.0,0.000411892,0.000411892,-1.8900183380967115,9
802,portfolio_N_2_i_2,804,optimal,0.0,0.000373181,0.000373181,-1.9782135691893867,8
803,portfolio_N_2_i_3,804,optimal,0.0,0.000380022,0.000380022,-2.4448746068981952,8
804,portfolio_N_2_i_4,804,optimal,0.0,0.000404712,0.000404712,-2.031124615776306,9
805,portfolio_N_2_i_5,804,optimal,0.0,0.000490582,0.000490582,-2.1010952410866914,10
806,portfolio_N_2_i_6,804,optimal,0.0,0.000456762,0.000456762,-1.984335200265073,10
807,portfolio_N_2_i_7,804,optimal,0.0,0.000378862,0.000378862,-3.403628163535331,8
808,portfolio_N_2_i_8,804,optimal,0.0,0.000407942,0.000407942,-2.274170267302118,9
809,portfolio_N_2_i_9,804,optimal,0.0,0.000642193,0.000642193,-2.619175930349712,16
810,portfolio_N_2_i_10,804,optimal,0.0,0.000452352,0.000452352,-2.492713161709879,10
811,portfolio_N_2_i_11,804,optimal,0.0,0.000495382,0.000495382,-1.9531984949400143,10
812,portfolio_N_2_i_12,804,optimal,0.0,0.000483672,0.000483672,-2.2329373192925352,10
813,portfolio_N_2_i_13,804,optimal,0.0,0.000450052,0.000450052,-2.1666525824792897,9
814,portfolio_N_2_i_14,804,optimal,0.0,0.000454472,0.000454472,-3.029231992043936,9
815,portfolio_N_2_i_15,804,optimal,0.0,0.000449812,0.000449812,-1.7148069521265226,9
816,portfolio_N_2_i_16,804,optimal,0.0,0.000439942,0.000439942,-2.1427114770056006,10
817,portfolio_N_2_i_17,804,optimal,0.0,0.000382681,0.000382681,-2.879567059402283,8
818,portfolio_N_2_i_18,804,optimal,0.0,0.000419682,0.000419682,-2.046634433372783,9
819,portfolio_N_2_i_19,804,optimal,0.0,0.000442942,0.000442942,-2.5317350421902183,10
820,portfolio_N_4_i_0,2008,optimal,0.0,0.001125666,0.001125666,-2.7877068565791387,10
821,portfolio_N_4_i_1,2008,optimal,0.0,0.001099706,0.001099706,-1.943525297224916,10
822,portfolio_N_4_i_2,2008,optimal,0.0,0.001199206,0.001199206,-2.4962740293954377,11
823,portfolio_N_4_i_3,2008,optimal,0.0,0.001193156,0.001193156,-2.5644396749110205,11
824,portfolio_N_4_i_4,2008,optimal,0.0,0.001021515,0.001021515,-3.121685487568964,9
825,portfolio_N_4_i_5,2008,optimal,0.0,0.001185456,0.001185456,-2.745663360506877,11
826,portfolio_N_4_i_6,2008,optimal,0.0,0.001194806,0.001194806,-2.2732446961138755,10
827,portfolio_N_4_i_7,2008,optimal,0.0,0.001255266,0.001255266,-2.307017899399373,11
828,portfolio_N_4_i_8,2008,optimal,0.0,0.001262756,0.001262756,-2.300290298848217,11
829,portfolio_N_4_i_9,2008,optimal,0.0,0.001297275,0.001297275,-2.228633116158805,11
830,portfolio_N_4_i_10,2008,optimal,0.0,0.001297588,0.001297588,-2.053719310010904,11
831,portfolio_N_4_i_11,2008,optimal,0.0,0.001095336,0.001095336,-2.22878526558418,9
832,portfolio_N_4_i_12,2008,optimal,0.0,0.001349007,0.001349007,-2.1175495335016947,12
833,portfolio_N_4_i_13,2008,optimal,0.0,0.001099356,0.001099356,-2.2347701232980977,10
834,portfolio_N_4_i_14,2008,optimal,0.0,0.001095216,0.001095216,-2.6173535020182435,10
835,portfolio_N_4_i_15,2008,optimal,0.0,0.001176246,0.001176246,-2.264277113138408,11
836,portfolio_N_4_i_16,2008,optimal,0.0,0.001300617,0.001300617,-2.038259837109688,11
837,portfolio_N_4_i_17,2008,optimal,0.0,0.001122396,0.001122396,-3.263658111090044,9
838,portfolio_N_4_i_18,2008,optimal,0.0,0.001287397,0.001287397,-2.46417987893324,11
839,portfolio_N_4_i_19,2008,optimal,0.0,0.001114055,0.001114055,-2.733163461920096,9
840,portfolio_N_6_i_0,3612,optimal,0.0,0.002491053,0.002491053,-2.603797649838832,13
841,portfolio_N_6_i_1,3612,optimal,0.0,0.002638393,0.002638393,-2.719649037050241,14
842,portfolio_N_6_i_2,3612,optimal,0.0,0.00213484,0.00213484,-2.257348593551128,12
843,portfolio_N_6_i_3,3612,optimal,0.0,0.002818285,0.002818285,-2.1908747042220247,15
844,portfolio_N_6_i_4,3612,optimal,0.0,0.0021292,0.0021292,-2.5037398702204023,12
845,portfolio_N_6_i_5,3612,optimal,0.0,0.002225891,0.002225891,-2.561967382986268,11
846,portfolio_N_6_i_6,3612,optimal,0.0,0.00207691,0.00207691,-2.5635571397987214,10
847,portfolio_N_6_i_7,3612,optimal,0.0,0.002170681,0.002170681,-2.377709659224553,12
848,portfolio_N_6_i_8,3612,optimal,0.0,0.002353071,0.002353071,-2.5880718153491995,12
849,portfolio_N_6_i_9,3612,optimal,0.0,0.002531322,0.002531322,-2.3181617944900657,13
850,portfolio_N_6_i_10,3612,optimal,0.0,0.00218433,0.00218433,-2.2546702991505803,11
851,portfolio_N_6_i_11,3612,optimal,0.0,0.00220527,0.00220527,-2.7243216460796384,11
852,portfolio_N_6_i_12,3612,optimal,0.0,0.00205452,0.00205452,-2.548351586938472,12
853,portfolio_N_6_i_13,3612,optimal,0.0,0.002220711,0.002220711,-2.7981565479587176,11
854,portfolio_N_6_i_14,3612,optimal,0.0,0.002321981,0.002321981,-2.05871276935451,13
855,portfolio_N_6_i_15,3612,optimal,0.0,0.00214443,0.00214443,-1.7614562514209295,12
856,portfolio_N_6_i_16,3612,optimal,0.0,0.002249541,0.002249541,-2.352458383307432,11
857,portfolio_N_6_i_17,3612,optimal,0.0,0.002519802,0.002519802,-2.1860015745856183,13
858,portfolio_N_6_i_18,3612,optimal,0.0,0.002400161,0.002400161,-2.81961488110721,12
859,portfolio_N_6_i_19,3612,optimal,0.0,0.002201056,0.002201056,-2.668144568550864,13
860,portfolio_N_8_i_0,5616,optimal,0.0,0.003761955,0.003761955,-2.249223757749055,11
861,portfolio_N_8_i_1,5616,optimal,0.0,0.003955906,0.003955906,-2.5312178863393884,12
862,portfolio_N_8_i_2,5616,optimal,0.0,0.003585432,0.003585432,-2.434511117907597,12
863,portfolio_N_8_i_3,5616,optimal,0.0,0.003687553,0.003687553,-1.892287162339944,13
864,portfolio_N_8_i_4,5616,optimal,0.0,0.003673193,0.003673193,-2.3691206606929667,13
865,portfolio_N_8_i_5,5616,optimal,0.0,0.003600022,0.003600022,-2.2875807406024906,12
866,portfolio_N_8_i_6,5616,optimal,0.0,0.003881394,0.003881394,-2.351958765002485,14
867,portfolio_N_8_i_7,5616,optimal,0.0,0.003919504,0.003919504,-2.450191099435839,12
868,portfolio_N_8_i_8,5616,optimal,0.0,0.004168766,0.004168766,-2.4874243681764483,13
869,portfolio_N_8_i_9,5616,optimal,0.0,0.003833783,0.003833783,-2.4385217376783217,14
870,portfolio_N_8_i_10,5616,optimal,0.0,0.004168145,0.004168145,-2.3401129128203837,13
871,portfolio_N_8_i_11,5616,optimal,0.0,0.003915014,0.003915014,-1.9874765577043467,12
872,portfolio_N_8_i_12,5616,optimal,0.0,0.003714552,0.003714552,-2.656849965917168,11
873,portfolio_N_8_i_13,5616,optimal,0.0,0.004382306,0.004382306,-2.5872559044039187,14
874,portfolio_N_8_i_14,5616,optimal,0.0,0.003973393,0.003973393,-2.52383614452795,12
875,portfolio_N_8_i_15,5616,optimal,0.0,0.003883833,0.003883833,-2.3866503786605766,14
876,portfolio_N_8_i_16,5616,optimal,0.0,0.004421116,0.004421116,-2.5110263988076222,14
877,portfolio_N_8_i_17,5616,optimal,0.0,0.003622571,0.003622571,-2.3372215760262725,12
878,portfolio_N_8_i_18,5616,optimal,0.0,0.00348394,0.00348394,-2.4316580306909112,12
879,portfolio_N_8_i_19,5616,optimal,0.0,0.003577301,0.003577301,-2.467285852281019,12
880,portfolio_N_10_i_0,8020,optimal,0.0,0.005764444,0.005764444,-2.6755714269501776,13
881,portfolio_N_10_i_1,8020,optimal,0.0,0.005642303,0.005642303,-2.551157878868455,12
882,portfolio_N_10_i_2,8020,optimal,0.0,0.006005635,0.006005635,-2.409543709762381,14
883,portfolio_N_10_i_3,8020,optimal,0.0,0.006134076,0.006134076,-2.7903882501477715,14
884,portfolio_N_10_i_4,8020,optimal,0.0,0.005570082,0.005570082,-2.3625528355828407,12
885,portfolio_N_10_i_5,8020,optimal,0.0,0.005317091,0.005317091,-2.290938692431141,11
886,portfolio_N_10_i_6,8020,optimal,0.0,0.006214896,0.006214896,-2.9160339901571284,14
887,portfolio_N_10_i_7,8020,optimal,0.0,0.006018425,0.006018425,-2.402593583407524,14
888,portfolio_N_10_i_8,8020,optimal,0.0,0.005883654,0.005883654,-2.4763344979302317,13
889,portfolio_N_10_i_9,8020,optimal,0.0,0.005683293,0.005683293,-2.256096526939523,12
890,portfolio_N_10_i_10,8020,optimal,0.0,0.005836174,0.005836174,-2.402074411759184,13
891,portfolio_N_10_i_11,8020,optimal,0.0,0.005983454,0.005983454,-2.6345797767172265,14
892,portfolio_N_10_i_12,8020,optimal,0.0,0.005654573,0.005654573,-2.400522048983505,13
893,portfolio_N_10_i_13,8020,optimal,0.0,0.005679703,0.005679703,-3.0481275165946564,13
894,portfolio_N_10_i_14,8020,optimal,0.0,0.005884727,0.005884727,-2.3905532159542613,13
895,portfolio_N_10_i_15,8020,optimal,0.0,0.005436574,0.005436574,-2.5530404145913304,12
896,portfolio_N_10_i_16,8020,optimal,0.0,0.005975312,0.005975312,-2.287022470539384,13
897,portfolio_N_10_i_17,8020,optimal,0.0,0.005764083,0.005764083,-2.1870741341719384,13
898,portfolio_N_10_i_18,8020,optimal,0.0,0.005670259,0.005670259,-2.500241111300012,13
899,portfolio_N_10_i_19,8020,optimal,0.0,0.005902434,0.005902434,-2.345557601062581,13
900,portfolio_N_15_i_0,15780,optimal,0.0,0.018216826,0.018216826,-2.520466844135924,13
901,portfolio_N_15_i_1,15780,optimal,0.0,0.016348384,0.016348384,-2.310373826665804,13
902,portfolio_N_15_i_2,15780,optimal,0.0,0.016492564,0.016492564,-2.4057300471552807,13
903,portfolio_N_15_i_3,15780,optimal,0.0,0.015910225,0.015910225,-2.393641607562259,12
904,portfolio_N_15_i_4,15780,optimal,0.0,0.016064966,0.016064966,-2.352455913391051,13
905,portfolio_N_15_i_5,15780,optimal,0.0,0.016396306,0.016396306,-2.5258169115701694,13
906,portfolio_N_15_i_6,15780,optimal,0.0,0.018630771,0.018630771,-2.5867122432794294,14
907,portfolio_N_15_i_7,15780,optimal,0.0,0.016536749,0.016536749,-2.627405856838909,13
908,portfolio_N_15_i_8,15780,optimal,0.0,0.016624559,0.016624559,-2.56402175316261,14
909,portfolio_N_15_i_9,15780,optimal,0.0,0.016095857,0.016095857,-2.469428964569539,13
910,portfolio_N_15_i_10,15780,optimal,0.0,0.01656786,0.01656786,-2.600205457635448,14
911,portfolio_N_15_i_11,15780,optimal,0.0,0.01611735,0.01611735,-2.627183341317699,13
912,portfolio_N_15_i_12,15780,optimal,0.0,0.018652976,0.018652976,-2.5950322195073854,14
913,portfolio_N_15_i_13,15780,optimal,0.0,0.017847834,0.017847834,-2.4400785065776214,13
914,portfolio_N_15_i_14,15780,optimal,0.0,0.015765121,0.015765121,-2.561784475327211,12
915,portfolio_N_15_i_15,15780,optimal,0.0,0.019291508,0.019291508,-2.7602732792049247,15
916,portfolio_N_15_i_16,15780,optimal,0.0,0.017423365,0.017423365,-2.373470951982027,12
917,portfolio_N_15_i_17,15780,optimal,0.0,0.018029127,0.018029127,-2.618452029690717,13
918,portfolio_N_15_i_18,15780,optimal,0.0,0.018011959,0.018011959,-2.477299829530584,13
919,portfolio_N_15_i_19,15780,optimal,0.0,0.017649118,0.017649118,-2.6475195822613298,12
920,portfolio_N_20_i_0,26040,optimal,0.0,0.01842054,0.01842054,-2.439519111215288,13
921,portfolio_N_20_i_1,26040,optimal,0.0,0.016849107,0.016849107,-2.5034122124081657,13
922,portfolio_N_20_i_2,26040,optimal,0.0,0.018606812,0.018606812,-2.443000235542633,13
923,portfolio_N_20_i_3,26040,optimal,0.0,0.015267695,0.015267695,-2.707938500260994,13
924,portfolio_N_20_i_4,26040,optimal,0.0,0.018216573,0.018216573,-2.447153993039599,15
925,portfolio_N_20_i_5,26040,optimal,0.0,0.018632084,0.018632084,-2.7408560896199754,13
926,portfolio_N_20_i_6,26040,optimal,0.0,0.017489502,0.017489502,-2.5255088043744904,14
927,portfolio_N_20_i_7,26040,optimal,0.0,0.018528815,0.018528815,-2.490502499669073,15
928,portfolio_N_20_i_8,26040,optimal,0.0,0.01591086,0.01591086,-2.630522566196549,13
929,portfolio_N_20_i_9,26040,optimal,0.0,0.017363214,0.017363214,-2.544147078305301,14
930,portfolio_N_20_i_10,26040,optimal,0.0,0.017740455,0.017740455,-2.4221021056006107,14
931,portfolio_N_20_i_11,26040,optimal,0.0,0.015927901,0.015927901,-2.5300919287577828,13
932,portfolio_N_20_i_12,26040,optimal,0.0,0.018253998,0.018253998,-2.5639921347074925,15
933,portfolio_N_20_i_13,26040,optimal,0.0,0.015908472,0.015908472,-2.352922902837,13
934,portfolio_N_20_i_14,26040,optimal,0.0,0.015909453,0.015909453,-2.7048650096871434,13
935,portfolio_N_20_i_15,26040,optimal,0.0,0.016191014,0.016191014,-2.5044799560331947,13
936,portfolio_N_20_i_16,26040,optimal,0.0,0.018580521,0.018580521,-2.3672950055613526,13
937,portfolio_N_20_i_17,26040,optimal,0.0,0.016146755,0.016146755,-2.5449402726288235,13
938,portfolio_N_20_i_18,26040,optimal,0.0,0.016469196,0.016469196,-2.561846294581243,13
939,portfolio_N_20_i_19,26040,optimal,0.0,0.01746032,0.01746032,-2.46697669558956,14
940,portfolio_N_25_i_0,38800,optimal,0.0,0.029333393,0.029333393,-2.534877857699612,15
941,portfolio_N_25_i_1,38800,optimal,0.0,0.029496635,0.029496635,-2.5752078575745827,13
942,portfolio_N_25_i_2,38800,optimal,0.0,0.02728381,0.02728381,-2.5208613264395288,14
943,portfolio_N_25_i_3,38800,optimal,0.0,0.033523759,0.033523759,-2.7242328247351546,15
944,portfolio_N_25_i_4,38800,optimal,0.0,0.025374966,0.025374966,-2.484336222855739,13
945,portfolio_N_25_i_5,38800,optimal,0.0,0.027207792,0.027207792,-2.5853484906089634,14
946,portfolio_N_25_i_6,38800,optimal,0.0,0.031474006,0.031474006,-2.4984482712423444,14
947,portfolio_N_25_i_7,38800,optimal,0.0,0.027471344,0.027471344,-2.476281374933526,14
948,portfolio_N_25_i_8,38800,optimal,0.0,0.027569735,0.027569735,-2.5249790230175275,14
949,portfolio_N_25_i_9,38800,optimal,0.0,0.027956497,0.027956497,-2.665438795945926,14
950,portfolio_N_25_i_10,38800,optimal,0.0,0.031327768,0.031327768,-2.627270522540322,14
951,portfolio_N_25_i_11,38800,optimal,0.0,0.028822231,0.028822231,-2.5628808159954177,15
952,portfolio_N_25_i_12,38800,optimal,0.0,0.029268043,0.029268043,-2.637749351720992,15
953,portfolio_N_25_i_13,38800,optimal,0.0,0.03112244,0.03112244,-2.44588439686929,16
954,portfolio_N_25_i_14,38800,optimal,0.0,0.027165457,0.027165457,-2.6777862008044946,14
955,portfolio_N_25_i_15,38800,optimal,0.0,0.026135565,0.026135565,-2.50613081498714,13
956,portfolio_N_25_i_16,38800,optimal,0.0,0.027259029,0.027259029,-2.3212514699114344,14
957,portfolio_N_25_i_17,38800,optimal,0.0,0.02747031,0.02747031,-2.485137127591337,14
958,portfolio_N_25_i_18,38800,optimal,0.0,0.029646367,0.029646367,-2.468880873061764,15
959,portfolio_N_25_i_19,38800,optimal,0.0,0.027503901,0.027503901,-2.623706921909788,14
960,portfolio_N_30_i_0,54060,optimal,0.0,0.041827419,0.041827419,-2.56631300565028,15
961,portfolio_N_30_i_1,54060,optimal,0.0,0.042740243,0.042740243,-2.4230891447855623,15
962,portfolio_N_30_i_2,54060,optimal,0.0,0.040011895,0.040011895,-2.459828595734918,14
963,portfolio_N_30_i_3,54060,optimal,0.0,0.039227173,0.039227173,-2.8054200892741266,14
964,portfolio_N_30_i_4,54060,optimal,0.0,0.039440225,0.039440225,-2.7256747775583485,14
965,portfolio_N_30_i_5,54060,optimal,0.0,0.039335735,0.039335735,-2.576332862967285,14
966,portfolio_N_30_i_6,54060,optimal,0.0,0.035355851,0.035355851,-2.4538253748731376,12
967,portfolio_N_30_i_7,54060,optimal,0.0,0.040003498,0.040003498,-2.4955119266349883,14
968,portfolio_N_30_i_8,54060,optimal,0.0,0.048906799,0.048906799,-2.5331778402686176,15
969,portfolio_N_30_i_9,54060,optimal,0.0,0.040004045,0.040004045,-2.366490797525938,14
970,portfolio_N_30_i_10,54060,optimal,0.0,0.036962509,0.036962509,-2.38278763221641,13
971,portfolio_N_30_i_11,54060,optimal,0.0,0.04117354,0.04117354,-2.526826756614132,14
972,portfolio_N_30_i_12,54060,optimal,0.0,0.039522061,0.039522061,-2.5831788092358776,14
973,portfolio_N_30_i_13,54060,optimal,0.0,0.041980006,0.041980006,-2.609450567702996,15
974,portfolio_N_30_i_14,54060,optimal,0.0,0.044409451,0.044409451,-2.6110163273855544,16
975,portfolio_N_30_i_15,54060,optimal,0.0,0.040202279,0.040202279,-2.536019198365828,14
976,portfolio_N_30_i_16,54060,optimal,0.0,0.04236334,0.04236334,-2.616134124017993,15
977,portfolio_N_30_i_17,54060,optimal,0.0,0.044523293,0.044523293,-2.51120588164625,16
978,portfolio_N_30_i_18,54060,optimal,0.0,0.041747597,0.041747597,-2.392021789175105,15
979,portfolio_N_30_i_19,54060,optimal,0.0,0.044709756,0.044709756,-2.516936611734784,16
980,portfolio_N_35_i_0,71820,optimal,0.0,0.058667652,0.058667652,-2.5972915875927347,15
981,portfolio_N_35_i_1,71820,optimal,0.0,0.05947176,0.05947176,-2.485289752524384,15
982,portfolio_N_35_i_2,71820,optimal,0.0,0.055909522,0.055909522,-2.4197011670537787,14
983,portfolio_N_35_i_3,71820,optimal,0.0,0.058775574,0.058775574,-2.7403709300915824,15
984,portfolio_N_35_i_4,71820,optimal,0.0,0.061704763,0.061704763,-2.613506332312446,16
985,portfolio_N_35_i_5,71820,optimal,0.0,0.062517605,0.062517605,-2.604349050576466,14
986,portfolio_N_35_i_6,71820,optimal,0.0,0.05915143,0.05915143,-2.592395012144028,15
987,portfolio_N_35_i_7,71820,optimal,0.0,0.067063973,0.067063973,-2.504751096065925,17
988,portfolio_N_35_i_8,71820,optimal,0.0,0.059421733,0.059421733,-2.7265964141691037,15
989,portfolio_N_35_i_9,71820,optimal,0.0,0.056915153,0.056915153,-2.706378416873932,14
990,portfolio_N_35_i_10,71820,optimal,0.0,0.060116568,0.060116568,-2.677471643166448,15
991,portfolio_N_35_i_11,71820,optimal,0.0,0.059555693,0.059555693,-2.4962239527950394,15
992,portfolio_N_35_i_12,71820,optimal,0.0,0.068161158,0.068161158,-2.4273362711031448,15
993,portfolio_N_35_i_13,71820,optimal,0.0,0.059885837,0.059885837,-2.721563766501545,15
994,portfolio_N_35_i_14,71820,optimal,0.0,0.06295944,0.06295944,-2.783906224645936,16
995,portfolio_N_35_i_15,71820,optimal,0.0,0.06822409,0.06822409,-2.504001818720053,15
996,portfolio_N_35_i_16,71820,optimal,0.0,0.062767884,0.062767884,-2.498542127967452,14
997,portfolio_N_35_i_17,71820,optimal,0.0,0.051680488,0.051680488,-2.4990873068753183,13
998,portfolio_N_35_i_18,71820,optimal,0.0,0.063525155,0.063525155,-2.709628850658233,16
999,portfolio_N_35_i_19,71820,optimal,0.0,0.064384894,0.064384894,-2.579836908062469,16
