,Unnamed: 0,size,status,setup_time,solve_time,run_time,obj
0,lcvx_N_15_i_0,704,optimal_inaccurate,,,,
1,lcvx_N_15_i_1,704,optimal_inaccurate,,,,
2,lcvx_N_15_i_2,704,optimal,0.000148913,0.000994626,0.001143539,-3.3410555914658344
3,lcvx_N_15_i_3,704,optimal,0.00015378,0.000987031,0.001140811,-3.3410614136610914
4,lcvx_N_15_i_4,704,optimal,0.000150812,0.000983846,0.001134658,-3.3410573234926124
5,lcvx_N_15_i_5,704,optimal_inaccurate,,,,
6,lcvx_N_15_i_6,704,optimal,0.000166243,0.001014666,0.001180909,-3.341062295479408
7,lcvx_N_15_i_7,704,optimal,0.000244255,0.001557049,0.001801304,-3.341057935281396
8,lcvx_N_15_i_8,704,optimal_inaccurate,,,,
9,lcvx_N_15_i_9,704,optimal,0.000233078,0.001520699,0.001753777,-3.34105936597946
10,lcvx_N_15_i_10,704,optimal_inaccurate,,,,
11,lcvx_N_15_i_11,704,optimal_inaccurate,,,,
12,lcvx_N_15_i_12,704,optimal,0.000232718,0.001466241,0.001698959,-3.34105816416305
13,lcvx_N_15_i_13,704,optimal,0.000223064,0.00120813,0.001431194,-3.341061952412455
14,lcvx_N_15_i_14,704,optimal,0.00022381,0.001418993,0.001642803,-3.341061290921451
15,lcvx_N_15_i_15,704,optimal,0.000211941,0.001319749,0.00153169,-3.341060706951849
16,lcvx_N_15_i_16,704,optimal,0.000214068,0.001151059,0.001365127,-3.341062009213524
17,lcvx_N_15_i_17,704,optimal,0.000215982,0.001432097,0.001648079,-3.3410593568417286
18,lcvx_N_15_i_18,704,optimal_inaccurate,,,,
19,lcvx_N_15_i_19,704,optimal,0.000225386,0.001490119,0.001715505,-3.3410579145107566
20,lcvx_N_50_i_0,2314,optimal_inaccurate,,,,
21,lcvx_N_50_i_1,2314,optimal,0.0006662,0.004830787,0.005496987,-3.351262038842533
22,lcvx_N_50_i_2,2314,optimal,0.000441126,0.003211345,0.003652471,-3.3512624037518366
23,lcvx_N_50_i_3,2314,optimal,0.000441912,0.003807607,0.004249519,-3.3512611962225445
24,lcvx_N_50_i_4,2314,optimal,0.000602225,0.004524889,0.0051271139999999,-3.3512644651538155
25,lcvx_N_50_i_5,2314,optimal,0.000623462,0.004613366,0.005236828,-3.3512660657282565
26,lcvx_N_50_i_6,2314,optimal,0.000632882,0.004594753,0.005227635,-3.35126169718048
27,lcvx_N_50_i_7,2314,optimal,0.000625333,0.004591012,0.005216345,-3.3512652350873178
28,lcvx_N_50_i_8,2314,optimal,0.000440902,0.003202433,0.003643335,-3.3512575460723064
29,lcvx_N_50_i_9,2314,optimal,0.000439636,0.00320434,0.003643976,-3.3512590536986835
30,lcvx_N_50_i_10,2314,optimal,0.000678715,0.00494166,0.0056203749999999,-3.351257847653825
31,lcvx_N_50_i_11,2314,optimal_inaccurate,,,,
32,lcvx_N_50_i_12,2314,optimal,0.000608032,0.004481659,0.0050896909999999,-3.3512625002798035
33,lcvx_N_50_i_13,2314,optimal_inaccurate,,,,
34,lcvx_N_50_i_14,2314,optimal,0.000572205,0.004218324,0.004790529,-3.3512577337462166
35,lcvx_N_50_i_15,2314,optimal,0.000408286,0.002989252,0.003397538,-3.351262008737537
36,lcvx_N_50_i_16,2314,optimal,0.000410154,0.00297003,0.0033801839999999,-3.3512622845533127
37,lcvx_N_50_i_17,2314,optimal,0.000589468,0.005041087,0.005630555,-3.351262434436866
38,lcvx_N_50_i_18,2314,optimal,0.000554327,0.004009584,0.004563911,-3.351265552393649
39,lcvx_N_50_i_19,2314,optimal,0.000605767,0.005081957,0.005687724,-3.3512586690600146
40,lcvx_N_75_i_0,3464,optimal,0.000786783,0.005999609,0.006786392,-3.352637718329821
41,lcvx_N_75_i_1,3464,optimal,0.000757725,0.006563209,0.007320934,-3.3526401417864995
42,lcvx_N_75_i_2,3464,optimal,0.000614283,0.005336637,0.00595092,-3.352643363639338
43,lcvx_N_75_i_3,3464,optimal,0.001035637,0.008014801,0.009050438,-3.3526433872449988
44,lcvx_N_75_i_4,3464,optimal,0.000755338,0.006586281,0.007341619,-3.352640719310395
45,lcvx_N_75_i_5,3464,optimal,0.000862211,0.00663565,0.007497861,-3.3526398020857515
46,lcvx_N_75_i_6,3464,optimal,0.000815687,0.006192631,0.0070083179999999,-3.35264521149913
47,lcvx_N_75_i_7,3464,optimal_inaccurate,,,,
48,lcvx_N_75_i_8,3464,optimal,0.000869694,0.007692095,0.008561789,-3.352643275338745
49,lcvx_N_75_i_9,3464,optimal,0.000875836,0.00753527,0.008411106,-3.3526374985068284
50,lcvx_N_75_i_10,3464,optimal,0.000820068,0.006333897,0.007153965,-3.352639529733656
51,lcvx_N_75_i_11,3464,optimal,0.000635307,0.0048535,0.005488807,-3.352643382378578
52,lcvx_N_75_i_12,3464,optimal,0.000619784,0.005536434,0.006156218,-3.352639782374293
53,lcvx_N_75_i_13,3464,optimal,0.000874467,0.007681199,0.008555666,-3.352645125346601
54,lcvx_N_75_i_14,3464,optimal_inaccurate,,,,
55,lcvx_N_75_i_15,3464,optimal,0.000809257,0.006999223,0.00780848,-3.352641331191577
56,lcvx_N_75_i_16,3464,optimal,0.000608097,0.005314768,0.005922865,-3.352643202458164
57,lcvx_N_75_i_17,3464,optimal,0.000932445,0.008045695,0.00897814,-3.352635642054461
58,lcvx_N_75_i_18,3464,optimal,0.00105904,0.008036761,0.009095801,-3.352636044014477
59,lcvx_N_75_i_19,3464,optimal,0.000933672,0.007160383,0.008094055,-3.3526410169301317
60,lcvx_N_100_i_0,4614,optimal,0.000832507,0.006635331,0.007467838,-3.3533233225174093
61,lcvx_N_100_i_1,4614,optimal,0.00118432,0.01066407,0.01184839,-3.3533246974213062
62,lcvx_N_100_i_2,4614,optimal,0.001182382,0.010573515,0.011755897,-3.3533198684389167
63,lcvx_N_100_i_3,4614,optimal,0.000830992,0.007279947,0.008110939,-3.3533248830569304
64,lcvx_N_100_i_4,4614,optimal,0.001280091,0.010147166,0.011427257,-3.3533265285249634
65,lcvx_N_100_i_5,4614,optimal,0.00123766,0.01089099,0.01212865,-3.353320260264442
66,lcvx_N_100_i_6,4614,optimal,0.001190964,0.011076338,0.012267302,-3.3533233300444585
67,lcvx_N_100_i_7,4614,optimal_inaccurate,,,,
68,lcvx_N_100_i_8,4614,optimal,0.001145094,0.009022313,0.010167407,-3.353325445748063
69,lcvx_N_100_i_9,4614,optimal,0.000834419,0.006545773,0.007380192,-3.3533258213658623
70,lcvx_N_100_i_10,4614,optimal,0.001183981,0.011074084,0.012258065,-3.353325178527531
71,lcvx_N_100_i_11,4614,optimal,0.001110006,0.010410364,0.01152037,-3.353325009415999
72,lcvx_N_100_i_12,4614,optimal,0.001168821,0.010208318,0.011377139,-3.3533235510906234
73,lcvx_N_100_i_13,4614,optimal_inaccurate,,,,
74,lcvx_N_100_i_14,4614,optimal,0.001584873,0.014396169,0.015981042,-3.3533199493064494
75,lcvx_N_100_i_15,4614,optimal,0.000998347,0.009327126,0.010325473,-3.3533225722720794
76,lcvx_N_100_i_16,4614,optimal_inaccurate,,,,
77,lcvx_N_100_i_17,4614,optimal,0.001026068,0.009199103,0.010225171,-3.3533203847747286
78,lcvx_N_100_i_18,4614,optimal_inaccurate,,,,
79,lcvx_N_100_i_19,4614,optimal,0.001001602,0.009144768,0.01014637,-3.353320488150868
80,lcvx_N_125_i_0,5764,optimal_inaccurate,,,,
81,lcvx_N_125_i_1,5764,optimal,0.001280325,0.012039175,0.0133195,-3.353729531162285
82,lcvx_N_125_i_2,5764,optimal,0.001258838,0.011496162,0.012755,-3.353727372099704
83,lcvx_N_125_i_3,5764,optimal,0.00096486,0.009084533,0.010049393,-3.353729649827617
84,lcvx_N_125_i_4,5764,optimal_inaccurate,,,,
85,lcvx_N_125_i_5,5764,optimal_inaccurate,,,,
86,lcvx_N_125_i_6,5764,optimal,0.000965461,0.009249778,0.010215239,-3.3537262888976573
87,lcvx_N_125_i_7,5764,optimal_inaccurate,,,,
88,lcvx_N_125_i_8,5764,optimal_inaccurate,,,,
89,lcvx_N_125_i_9,5764,optimal,0.001265488,0.011172559,0.012438047,-3.353731589904856
90,lcvx_N_125_i_10,5764,optimal_inaccurate,,,,
91,lcvx_N_125_i_11,5764,optimal_inaccurate,,,,
92,lcvx_N_125_i_12,5764,optimal,0.001254588,0.011344774,0.012599362,-3.353733482320864
93,lcvx_N_125_i_13,5764,optimal_inaccurate,,,,
94,lcvx_N_125_i_14,5764,optimal,0.001239739,0.012028706,0.013268445,-3.35372845083908
95,lcvx_N_125_i_15,5764,optimal_inaccurate,,,,
96,lcvx_N_125_i_16,5764,optimal,0.001235844,0.011569911,0.012805755,-3.3537271328294307
97,lcvx_N_125_i_17,5764,optimal_inaccurate,,,,
98,lcvx_N_125_i_18,5764,optimal_inaccurate,,,,
99,lcvx_N_125_i_19,5764,optimal,0.001429304,0.012843162,0.014272466,-3.3537268155532285
100,lcvx_N_150_i_0,6914,optimal_inaccurate,,,,
101,lcvx_N_150_i_1,6914,optimal_inaccurate,,,,
102,lcvx_N_150_i_2,6914,optimal,0.001596027,0.014424444,0.016020471,-3.3540051299874194
103,lcvx_N_150_i_3,6914,optimal,0.001123593,0.010166205,0.011289798,-3.3540031709394187
104,lcvx_N_150_i_4,6914,optimal,0.001562326,0.01460792,0.016170246,-3.3540042732080164
105,lcvx_N_150_i_5,6914,optimal_inaccurate,,,,
106,lcvx_N_150_i_6,6914,optimal_inaccurate,,,,
107,lcvx_N_150_i_7,6914,optimal,0.001642628,0.015739105,0.017381733,-3.3540000438752897
108,lcvx_N_150_i_8,6914,optimal,0.001553632,0.014926969,0.016480601,-3.353999156866444
109,lcvx_N_150_i_9,6914,optimal_inaccurate,,,,
110,lcvx_N_150_i_10,6914,optimal,0.001574954,0.014284307,0.015859261,-3.3539994622035088
111,lcvx_N_150_i_11,6914,optimal,0.001112732,0.010463567,0.011576299,-3.354001849962056
112,lcvx_N_150_i_12,6914,optimal,0.001588138,0.014974481,0.016562619,-3.354003341635136
113,lcvx_N_150_i_13,6914,optimal_inaccurate,,,,
114,lcvx_N_150_i_14,6914,optimal,0.001752567,0.016570929,0.018323496,-3.354004490152885
115,lcvx_N_150_i_15,6914,optimal,0.001581436,0.014578567,0.016160003,-3.3540022091977217
116,lcvx_N_150_i_16,6914,optimal,0.001181818,0.01066945,0.011851268,-3.3539976528283546
117,lcvx_N_150_i_17,6914,optimal,0.001593081,0.015513486,0.017106567,-3.3539989670630623
118,lcvx_N_150_i_18,6914,optimal,0.001138427,0.011086209,0.012224636,-3.353999961110688
119,lcvx_N_150_i_19,6914,optimal,0.00157679,0.01524763,0.01682442,-3.354000184870844
120,lcvx_N_200_i_0,9214,optimal,0.00197458,0.017810968,0.019785548,-3.35433977748136
121,lcvx_N_200_i_1,9214,optimal,0.002134395,0.018979069,0.021113464,-3.354338741824692
122,lcvx_N_200_i_2,9214,optimal,0.001979441,0.017841666,0.0198211069999999,-3.3543420372678057
123,lcvx_N_200_i_3,9214,optimal,0.002033252,0.018397997,0.020431249,-3.3543363009108016
124,lcvx_N_200_i_4,9214,optimal_inaccurate,,,,
125,lcvx_N_200_i_5,9214,optimal,0.002188966,0.020163001,0.022351967,-3.354336847506858
126,lcvx_N_200_i_6,9214,optimal,0.002039448,0.018866789,0.0209062369999999,-3.354338352263895
127,lcvx_N_200_i_7,9214,optimal_inaccurate,,,,
128,lcvx_N_200_i_8,9214,optimal,0.002184871,0.01960598,0.021790851,-3.354339082679651
129,lcvx_N_200_i_9,9214,optimal,0.002199774,0.020486408,0.022686182,-3.3543390761675926
130,lcvx_N_200_i_10,9214,optimal_inaccurate,,,,
131,lcvx_N_200_i_11,9214,optimal,0.002111385,0.01924535,0.021356735,-3.354341349121495
132,lcvx_N_200_i_12,9214,optimal,0.001569967,0.014239793,0.01580976,-3.354340194403429
133,lcvx_N_200_i_13,9214,optimal,0.002045701,0.018571512,0.020617213,-3.3543391844204806
134,lcvx_N_200_i_14,9214,optimal_inaccurate,,,,
135,lcvx_N_200_i_15,9214,optimal,0.001614722,0.014285362,0.015900084,-3.354334944561351
136,lcvx_N_200_i_16,9214,optimal,0.002171622,0.020456269,0.0226278909999999,-3.354336180300523
137,lcvx_N_200_i_17,9214,optimal,0.001570434,0.014030918,0.0156013519999999,-3.354335613699848
138,lcvx_N_200_i_18,9214,optimal,0.001987808,0.018338473,0.020326281,-3.354342097046983
139,lcvx_N_200_i_19,9214,optimal_inaccurate,,,,
140,lcvx_N_250_i_0,11514,optimal_inaccurate,,,,
141,lcvx_N_250_i_1,11514,optimal_inaccurate,,,,
142,lcvx_N_250_i_2,11514,optimal,0.001992299,0.018533168,0.020525467,-3.3545367539953928
143,lcvx_N_250_i_3,11514,optimal_inaccurate,,,,
144,lcvx_N_250_i_4,11514,optimal,0.00258913,0.023845334,0.0264344639999999,-3.354541371504208
145,lcvx_N_250_i_5,11514,optimal,0.002638942,0.025354888,0.0279938299999999,-3.354535195361999
146,lcvx_N_250_i_6,11514,optimal,0.00217901,0.019523939,0.021702949,-3.35454423313594
147,lcvx_N_250_i_7,11514,optimal,0.002865572,0.027409377,0.030274949,-3.3545400011813458
148,lcvx_N_250_i_8,11514,optimal_inaccurate,,,,
149,lcvx_N_250_i_9,11514,optimal_inaccurate,,,,
150,lcvx_N_250_i_10,11514,optimal,0.002455778,0.022252804,0.024708582,-3.354535862493321
151,lcvx_N_250_i_11,11514,optimal,0.002474418,0.022751194,0.0252256119999999,-3.35453776875684
152,lcvx_N_250_i_12,11514,optimal_inaccurate,,,,
153,lcvx_N_250_i_13,11514,optimal,0.002445226,0.022488859,0.024934085,-3.354539028507598
154,lcvx_N_250_i_14,11514,optimal,0.002444708,0.022281635,0.024726343,-3.354540546913971
155,lcvx_N_250_i_15,11514,optimal,0.002533027,0.0238465,0.026379527,-3.3545402047408537
156,lcvx_N_250_i_16,11514,optimal,0.00203491,0.019344951,0.021379861,-3.35454088804024
157,lcvx_N_250_i_17,11514,optimal,0.002866156,0.026627205,0.029493361,-3.3545427896722178
158,lcvx_N_250_i_18,11514,optimal_inaccurate,,,,
159,lcvx_N_250_i_19,11514,optimal,0.00207377,0.019307523,0.021381293,-3.354535934709733
160,lcvx_N_300_i_0,13814,optimal_inaccurate,,,,
161,lcvx_N_300_i_1,13814,optimal,0.002379003,0.021578617,0.02395762,-3.354671715028032
162,lcvx_N_300_i_2,13814,optimal_inaccurate,,,,
163,lcvx_N_300_i_3,13814,optimal,0.003524777,0.036999729,0.040524506,-3.3546740054342967
164,lcvx_N_300_i_4,13814,optimal_inaccurate,,,,
165,lcvx_N_300_i_5,13814,optimal,0.003576337,0.037325026,0.0409013629999999,-3.354666272474129
166,lcvx_N_300_i_6,13814,optimal,0.002956823,0.027734903,0.030691726,-3.354677029678581
167,lcvx_N_300_i_7,13814,optimal_inaccurate,,,,
168,lcvx_N_300_i_8,13814,optimal,0.003705987,0.03385242,0.037558407,-3.3546741426151945
169,lcvx_N_300_i_9,13814,optimal,0.002240337,0.020220994,0.0224613309999999,-3.354672259518555
170,lcvx_N_300_i_10,13814,optimal,0.002365909,0.024108898,0.026474807,-3.3546716338774405
171,lcvx_N_300_i_11,13814,optimal,0.002496575,0.022198924,0.024695499,-3.354677047532948
172,lcvx_N_300_i_12,13814,optimal,0.0025245,0.023325476,0.025849976,-3.3546730035643293
173,lcvx_N_300_i_13,13814,optimal,0.002892283,0.026242495,0.029134778,-3.3546787047662567
174,lcvx_N_300_i_14,13814,optimal,0.003576732,0.034008868,0.0375856,-3.3546663010868767
175,lcvx_N_300_i_15,13814,optimal,0.003532081,0.034347548,0.037879629,-3.354674183959782
176,lcvx_N_300_i_16,13814,optimal_inaccurate,,,,
177,lcvx_N_300_i_17,13814,optimal_inaccurate,,,,
178,lcvx_N_300_i_18,13814,optimal_inaccurate,,,,
179,lcvx_N_300_i_19,13814,optimal,0.003556933,0.032787483,0.036344416,-3.3546773177240063
180,lcvx_N_350_i_0,16114,optimal,0.002885641,0.026140574,0.029026215,-3.354772881138948
181,lcvx_N_350_i_1,16114,optimal,0.003068834,0.031417095,0.034485929,-3.354772746187363
182,lcvx_N_350_i_2,16114,optimal,0.002917938,0.025680334,0.028598272,-3.354767455390041
183,lcvx_N_350_i_3,16114,optimal,0.00261993,0.024214063,0.026833993,-3.354770668104209
184,lcvx_N_350_i_4,16114,optimal,0.003550846,0.031909708,0.035460554,-3.354772889585938
185,lcvx_N_350_i_5,16114,optimal,0.002791544,0.024794998,0.027586542,-3.3547680677820764
186,lcvx_N_350_i_6,16114,optimal,0.00282036,0.024441907,0.027262267,-3.354772460236213
187,lcvx_N_350_i_7,16114,optimal,0.002626188,0.023980662,0.02660685,-3.354765761561546
188,lcvx_N_350_i_8,16114,optimal_inaccurate,,,,
189,lcvx_N_350_i_9,16114,optimal,0.002809351,0.024850468,0.027659819,-3.354767988971837
190,lcvx_N_350_i_10,16114,optimal,0.004006719,0.037211563,0.041218282,-3.354773827308714
191,lcvx_N_350_i_11,16114,optimal,0.00354766,0.035773659,0.039321319,-3.3547674267686305
192,lcvx_N_350_i_12,16114,optimal,0.0035741,0.035831866,0.039405966,-3.3547698807294184
193,lcvx_N_350_i_13,16114,optimal,0.002619155,0.027097748,0.029716903,-3.3547666378450067
194,lcvx_N_350_i_14,16114,optimal_inaccurate,,,,
195,lcvx_N_350_i_15,16114,optimal,0.003553853,0.031836658,0.035390511,-3.3547665675574048
196,lcvx_N_350_i_16,16114,optimal,0.003556047,0.032191874,0.035747921,-3.354770049469647
197,lcvx_N_350_i_17,16114,optimal,0.002759658,0.025516948,0.028276606,-3.354774559629708
198,lcvx_N_350_i_18,16114,optimal_inaccurate,,,,
199,lcvx_N_350_i_19,16114,optimal_inaccurate,,,,
200,group_lasso_N_1_i_0,761,optimal,0.000216195,0.001402579,0.001618774,6.61119396335044
201,group_lasso_N_1_i_1,761,optimal,0.000205915,0.001342889,0.001548804,5.2830538765269015
202,group_lasso_N_1_i_2,761,optimal,0.000222784,0.001212626,0.00143541,4.569092252149976
203,group_lasso_N_1_i_3,761,optimal,0.000292947,0.002065364,0.002358311,4.865234937418789
204,group_lasso_N_1_i_4,761,optimal,0.00028193,0.001849794,0.002131724,5.079370648273067
205,group_lasso_N_1_i_5,761,optimal,0.000282981,0.001874531,0.002157512,4.963371649722446
206,group_lasso_N_1_i_6,761,optimal,0.000209156,0.001333965,0.001543121,4.42005604354426
207,group_lasso_N_1_i_7,761,optimal,0.000211555,0.001186277,0.001397832,4.929906468685424
208,group_lasso_N_1_i_8,761,optimal,0.000215994,0.001467131,0.001683125,5.289924292537364
209,group_lasso_N_1_i_9,761,optimal,0.000210606,0.001188341,0.001398947,4.532813853781835
210,group_lasso_N_1_i_10,761,optimal,0.000217464,0.001115398,0.001332862,4.720500372898785
211,group_lasso_N_1_i_11,761,optimal,0.000222236,0.001423557,0.001645793,6.499747785701033
212,group_lasso_N_1_i_12,761,optimal,0.000284145,0.001446673,0.001730818,5.44242597514865
213,group_lasso_N_1_i_13,761,optimal,0.000296025,0.001842895,0.00213892,5.001868293768009
214,group_lasso_N_1_i_14,761,optimal,0.000282696,0.001950661,0.002233357,5.737814714710741
215,group_lasso_N_1_i_15,761,optimal,0.000213462,0.001347998,0.00156146,4.8657753248829385
216,group_lasso_N_1_i_16,761,optimal,0.000213443,0.001333382,0.001546825,4.875678306744725
217,group_lasso_N_1_i_17,761,optimal,0.000210111,0.00151396,0.001724071,4.961587623979154
218,group_lasso_N_1_i_18,761,optimal,0.000218135,0.001409497,0.001627632,5.266247841248429
219,group_lasso_N_1_i_19,761,optimal,0.000209106,0.001179352,0.001388458,6.751355449781935
220,group_lasso_N_2_i_0,2022,optimal,0.000451004,0.004492516,0.00494352,4.027435250926351
221,group_lasso_N_2_i_1,2022,optimal,0.000321839,0.003322851,0.00364469,5.379108655109657
222,group_lasso_N_2_i_2,2022,optimal,0.000330855,0.003419964,0.003750819,4.539416496989468
223,group_lasso_N_2_i_3,2022,optimal,0.00043317,0.004783202,0.005216372,4.416528201393221
224,group_lasso_N_2_i_4,2022,optimal,0.000327351,0.003323361,0.003650712,4.217826474042335
225,group_lasso_N_2_i_5,2022,optimal,0.000338656,0.003317317,0.003655973,3.667028660888616
226,group_lasso_N_2_i_6,2022,optimal,0.000442944,0.00431025,0.004753194,3.960634350975771
227,group_lasso_N_2_i_7,2022,optimal,0.000328765,0.003054892,0.003383657,3.946054881951
228,group_lasso_N_2_i_8,2022,optimal,0.000344552,0.003187455,0.003532007,3.0490550931415608
229,group_lasso_N_2_i_9,2022,optimal,0.0004457,0.004338339,0.004784039,3.633080824584553
230,group_lasso_N_2_i_10,2022,optimal,0.00033006,0.003341272,0.003671332,2.8204950798491675
231,group_lasso_N_2_i_11,2022,optimal,0.000344062,0.003474672,0.003818734,5.557424860540424
232,group_lasso_N_2_i_12,2022,optimal,0.000332212,0.003135972,0.003468184,4.146236134854869
233,group_lasso_N_2_i_13,2022,optimal,0.000344582,0.00417808,0.004522662,4.378880733346855
234,group_lasso_N_2_i_14,2022,optimal,0.000334742,0.003545181,0.003879923,3.2394053731045664
235,group_lasso_N_2_i_15,2022,optimal,0.000453602,0.004390754,0.004844356,4.172098426509997
236,group_lasso_N_2_i_16,2022,optimal,0.000345287,0.0033533,0.003698587,3.983393512116393
237,group_lasso_N_2_i_17,2022,optimal,0.000345597,0.003479147,0.003824744,4.079410048974725
238,group_lasso_N_2_i_18,2022,optimal,0.00033593,0.003298695,0.003634625,5.223084683936359
239,group_lasso_N_2_i_19,2022,optimal,0.000345863,0.003218738,0.003564601,3.999850515190734
240,group_lasso_N_3_i_0,3783,optimal,0.0018138,0.015798197,0.017611997,2.6565723566470054
241,group_lasso_N_3_i_1,3783,optimal,0.001375461,0.012193357,0.013568818,4.177882912888378
242,group_lasso_N_3_i_2,3783,optimal,0.001235201,0.010131362,0.011366563,4.683242647806787
243,group_lasso_N_3_i_3,3783,optimal,0.001233868,0.01028593,0.011519798,5.031634817179372
244,group_lasso_N_3_i_4,3783,optimal,0.001219365,0.011018319,0.012237684,4.135347833791994
245,group_lasso_N_3_i_5,3783,optimal,0.001246446,0.010397201,0.011643647,3.141105034353134
246,group_lasso_N_3_i_6,3783,optimal,0.001770361,0.016811528,0.018581889,4.244147103549339
247,group_lasso_N_3_i_7,3783,optimal,0.001218962,0.011158412,0.012377374,3.1033346171432807
248,group_lasso_N_3_i_8,3783,optimal,0.001752655,0.01629936,0.0180520149999999,3.249527807586009
249,group_lasso_N_3_i_9,3783,optimal,0.001235462,0.011362365,0.0125978269999999,2.920734748013164
250,group_lasso_N_3_i_10,3783,optimal,0.00123396,0.010940286,0.012174246,3.720716712728545
251,group_lasso_N_3_i_11,3783,optimal,0.00122334,0.011012251,0.012235591,3.8625732817091287
252,group_lasso_N_3_i_12,3783,optimal,0.001214876,0.011077087,0.012291963,4.433221229604785
253,group_lasso_N_3_i_13,3783,optimal,0.00156545,0.01420654,0.01577199,3.315968431137619
254,group_lasso_N_3_i_14,3783,optimal,0.001239219,0.010885269,0.012124488,3.5315180399439323
255,group_lasso_N_3_i_15,3783,optimal,0.001831934,0.015638564,0.017470498,3.489834451018692
256,group_lasso_N_3_i_16,3783,optimal,0.001215358,0.010253468,0.011468826,3.88221740919446
257,group_lasso_N_3_i_17,3783,optimal,0.001226408,0.009984079,0.011210487,3.4493717242603354
258,group_lasso_N_3_i_18,3783,optimal,0.001226791,0.010984274,0.012211065,3.609200018857557
259,group_lasso_N_3_i_19,3783,optimal,0.001803624,0.016431975,0.018235599,4.311700264991264
260,group_lasso_N_4_i_0,6044,optimal,0.002231585,0.014441176,0.016672761,7.53352940818737
261,group_lasso_N_4_i_1,6044,optimal,0.002213735,0.015205804,0.017419539,7.167448352759683
262,group_lasso_N_4_i_2,6044,optimal,0.002226246,0.014744828,0.016971074,6.614620136275018
263,group_lasso_N_4_i_3,6044,optimal,0.002266056,0.016151104,0.01841716,8.671326388244298
264,group_lasso_N_4_i_4,6044,optimal,0.002256097,0.013110135,0.015366232,5.791236046158145
265,group_lasso_N_4_i_5,6044,optimal,0.002203147,0.014915968,0.017119115,9.112860003602616
266,group_lasso_N_4_i_6,6044,optimal,0.002192163,0.015407171,0.017599334,6.159782700963817
267,group_lasso_N_4_i_7,6044,optimal,0.002228433,0.015225787,0.01745422,5.256296294511315
268,group_lasso_N_4_i_8,6044,optimal,0.002198788,0.016206502,0.01840529,6.367000102219136
269,group_lasso_N_4_i_9,6044,optimal,0.002221802,0.017031041,0.019252843,7.585092195998902
270,group_lasso_N_4_i_10,6044,optimal,0.002192544,0.016719681,0.018912225,5.092001819571232
271,group_lasso_N_4_i_11,6044,optimal,0.002198769,0.015007333,0.017206102,6.316697878943139
272,group_lasso_N_4_i_12,6044,optimal,0.002272895,0.016735641,0.019008536,7.0535220775773695
273,group_lasso_N_4_i_13,6044,optimal,0.002219967,0.016547256,0.018767223,6.111865876117037
274,group_lasso_N_4_i_14,6044,optimal,0.00219191,0.014953735,0.017145645,7.882220640706338
275,group_lasso_N_4_i_15,6044,optimal,0.002195416,0.014487434,0.01668285,5.662718276277578
276,group_lasso_N_4_i_16,6044,optimal,0.002232012,0.016909072,0.019141084,7.628370046120864
277,group_lasso_N_4_i_17,6044,optimal,0.002217662,0.01721608,0.019433742,7.9430568913198
278,group_lasso_N_4_i_18,6044,optimal,0.002194962,0.017223706,0.019418668,7.027480309014884
279,group_lasso_N_4_i_19,6044,optimal,0.002207046,0.014701357,0.016908403,7.600741027805824
280,group_lasso_N_5_i_0,8805,optimal,0.003920252,0.021383573,0.025303825,6.776931513253016
281,group_lasso_N_5_i_1,8805,optimal,0.00389247,0.021487242,0.025379712,6.079791725220124
282,group_lasso_N_5_i_2,8805,optimal,0.003935086,0.024914858,0.028849944,8.467907101818728
283,group_lasso_N_5_i_3,8805,optimal,0.003913474,0.023328902,0.027242376,4.589180718947789
284,group_lasso_N_5_i_4,8805,optimal,0.003947417,0.024694622,0.028642039,6.730925067962653
285,group_lasso_N_5_i_5,8805,optimal,0.003896457,0.023478677,0.027375134,7.652502049283161
286,group_lasso_N_5_i_6,8805,optimal,0.003914498,0.026762975,0.030677473,6.460180764870647
287,group_lasso_N_5_i_7,8805,optimal,0.003905787,0.02351012,0.027415907,6.768700509884372
288,group_lasso_N_5_i_8,8805,optimal,0.003941602,0.024221112,0.028162714,7.020689180569468
289,group_lasso_N_5_i_9,8805,optimal,0.003896428,0.019995077,0.023891505,6.067830221219622
290,group_lasso_N_5_i_10,8805,optimal,0.003899555,0.023634677,0.027534232,4.950225092671506
291,group_lasso_N_5_i_11,8805,optimal,0.003978681,0.021269658,0.025248339,7.253937803712562
292,group_lasso_N_5_i_12,8805,optimal,0.003950743,0.021104597,0.02505534,6.594368306806659
293,group_lasso_N_5_i_13,8805,optimal,0.003912498,0.025433871,0.029346369,6.772705882028934
294,group_lasso_N_5_i_14,8805,optimal,0.0039238,0.024509631,0.028433431,5.042440879426885
295,group_lasso_N_5_i_15,8805,optimal,0.003912406,0.020969944,0.02488235,6.544965555448114
296,group_lasso_N_5_i_16,8805,optimal,0.003918701,0.025517151,0.029435852,7.014158067767927
297,group_lasso_N_5_i_17,8805,optimal,0.003936088,0.020041432,0.02397752,6.337117575009194
298,group_lasso_N_5_i_18,8805,optimal,0.003881788,0.021497034,0.025378822,8.308432118595126
299,group_lasso_N_5_i_19,8805,optimal,0.00400731,0.024295488,0.028302798,9.031891803550147
300,group_lasso_N_8_i_0,20088,optimal,0.015511563,0.053450525,0.068962088,10.056830492458204
301,group_lasso_N_8_i_1,20088,optimal,0.015488033,0.044559725,0.060047758,13.048161468730513
302,group_lasso_N_8_i_2,20088,optimal,0.015588356,0.04277403,0.0583623859999999,10.014414546497871
303,group_lasso_N_8_i_3,20088,optimal,0.015517117,0.046085588,0.0616027049999999,13.80817142564202
304,group_lasso_N_8_i_4,20088,optimal,0.015563899,0.050263728,0.065827627,10.59711102367735
305,group_lasso_N_8_i_5,20088,optimal,0.015545801,0.050393279,0.06593908,11.028224289497734
306,group_lasso_N_8_i_6,20088,optimal,0.015571823,0.042134993,0.057706816,11.387766286950352
307,group_lasso_N_8_i_7,20088,optimal,0.015567309,0.044379108,0.059946417,14.580853015428994
308,group_lasso_N_8_i_8,20088,optimal,0.021597458,0.060583507,0.082180965,14.164975396766838
309,group_lasso_N_8_i_9,20088,optimal,0.015557546,0.04946581,0.065023356,13.150944588307254
310,group_lasso_N_8_i_10,20088,optimal,0.01553483,0.044836774,0.060371604,14.01764796297222
311,group_lasso_N_8_i_11,20088,optimal,0.015560341,0.046076371,0.0616367119999999,12.77161640573273
312,group_lasso_N_8_i_12,20088,optimal,0.020473191,0.049705194,0.070178385,10.360943008991155
313,group_lasso_N_8_i_13,20088,optimal,0.02170207,0.055757993,0.077460063,11.742358181538236
314,group_lasso_N_8_i_14,20088,optimal,0.015500443,0.045028573,0.060529016,12.740738600738029
315,group_lasso_N_8_i_15,20088,optimal,0.015558539,0.045485745,0.061044284,12.256413493578686
316,group_lasso_N_8_i_16,20088,optimal,0.015411739,0.050871849,0.066283588,12.582771021268131
317,group_lasso_N_8_i_17,20088,optimal,0.015536132,0.045088522,0.060624654,13.773451144394445
318,group_lasso_N_8_i_18,20088,optimal,0.022270928,0.057161721,0.079432649,12.00867844792166
319,group_lasso_N_8_i_19,20088,optimal,0.01547545,0.047224967,0.062700417,11.931021282763837
320,group_lasso_N_10_i_0,30110,optimal,0.039528118,0.092942643,0.132470761,17.46627803858798
321,group_lasso_N_10_i_1,30110,optimal,0.016690012,0.045598869,0.062288881,17.386652336193073
322,group_lasso_N_10_i_2,30110,optimal,0.017235673,0.04470021,0.061935883,14.455954208791232
323,group_lasso_N_10_i_3,30110,optimal,0.024031858,0.059767069,0.083798927,15.21123430996706
324,group_lasso_N_10_i_4,30110,optimal,0.028190327,0.072059807,0.100250134,16.141414317746968
325,group_lasso_N_10_i_5,30110,optimal,0.017210158,0.0441838,0.061393958,13.80350487650086
326,group_lasso_N_10_i_6,30110,optimal,0.01638143,0.04487998,0.06126141,17.31265831548032
327,group_lasso_N_10_i_7,30110,optimal,0.028302959,0.055856153,0.084159112,15.723311683323216
328,group_lasso_N_10_i_8,30110,optimal,0.017315247,0.040849233,0.05816448,14.890742342057948
329,group_lasso_N_10_i_9,30110,optimal,0.016725079,0.039717251,0.05644233,14.662310506902834
330,group_lasso_N_10_i_10,30110,optimal,0.022416265,0.058274423,0.080690688,15.37447786633042
331,group_lasso_N_10_i_11,30110,optimal,0.024171448,0.059896752,0.0840682,15.245372123626424
332,group_lasso_N_10_i_12,30110,optimal,0.035233344,0.077918134,0.113151478,12.997574136198272
333,group_lasso_N_10_i_13,30110,optimal,0.015864986,0.039481621,0.055346607,15.711667028520134
334,group_lasso_N_10_i_14,30110,optimal,0.016011925,0.040612094,0.056624019,17.4658123077721
335,group_lasso_N_10_i_15,30110,optimal,0.016183218,0.044319866,0.060503084,16.594060915111367
336,group_lasso_N_10_i_16,30110,optimal,0.024033187,0.057593492,0.081626679,16.776512642936645
337,group_lasso_N_10_i_17,30110,optimal,0.022197893,0.047195032,0.069392925,18.399579749280683
338,group_lasso_N_10_i_18,30110,optimal,0.016192864,0.041017306,0.05721017,15.819263265103702
339,group_lasso_N_10_i_19,30110,optimal,0.022916626,0.045812759,0.068729385,15.39590571735479
340,group_lasso_N_12_i_0,42132,optimal,0.028480397,0.050448917,0.078929314,19.543884611713832
341,group_lasso_N_12_i_1,42132,optimal,0.027623177,0.049724757,0.077347934,20.23539281477216
342,group_lasso_N_12_i_2,42132,optimal,0.028707267,0.055402127,0.084109394,18.931191737858907
343,group_lasso_N_12_i_3,42132,optimal,0.027540282,0.05815351,0.0856937919999999,16.801061279178658
344,group_lasso_N_12_i_4,42132,optimal,0.028733758,0.053132665,0.081866423,21.027836749653957
345,group_lasso_N_12_i_5,42132,optimal,0.027887072,0.04977879,0.077665862,15.628244022396242
346,group_lasso_N_12_i_6,42132,optimal,0.028861439,0.056116201,0.08497764,17.224350365427725
347,group_lasso_N_12_i_7,42132,optimal,0.027608705,0.054541199,0.082149904,18.834233770851878
348,group_lasso_N_12_i_8,42132,optimal,0.028878895,0.056493893,0.085372788,17.47876438688913
349,group_lasso_N_12_i_9,42132,optimal,0.027256512,0.04954217,0.076798682,20.04176021856196
350,group_lasso_N_12_i_10,42132,optimal,0.027555498,0.049541062,0.07709656,19.730758248504134
351,group_lasso_N_12_i_11,42132,optimal,0.027622998,0.048909392,0.07653239,18.92086927537969
352,group_lasso_N_12_i_12,42132,optimal,0.027441075,0.049663426,0.0771045009999999,19.3870912958289
353,group_lasso_N_12_i_13,42132,optimal,0.027452528,0.053864854,0.081317382,19.38004725420819
354,group_lasso_N_12_i_14,42132,optimal,0.02871295,0.051160189,0.079873139,18.197573269653496
355,group_lasso_N_12_i_15,42132,optimal,0.027478871,0.053885417,0.0813642879999999,17.197821505070365
356,group_lasso_N_12_i_16,42132,optimal,0.027676666,0.050827376,0.078504042,17.79588255081572
357,group_lasso_N_12_i_17,42132,optimal,0.028700693,0.05582244,0.084523133,18.39964201305389
358,group_lasso_N_12_i_18,42132,optimal,0.026931253,0.054851753,0.081783006,18.407330850257885
359,group_lasso_N_12_i_19,42132,optimal,0.027185247,0.04931801,0.076503257,20.32290641497576
360,group_lasso_N_14_i_0,56154,optimal,0.042935328,0.063608168,0.106543496,21.12124252984304
361,group_lasso_N_14_i_1,56154,optimal,0.042884678,0.068579903,0.111464581,21.49100807017462
362,group_lasso_N_14_i_2,56154,optimal,0.042393234,0.068642554,0.111035788,21.087238048502336
363,group_lasso_N_14_i_3,56154,optimal,0.042490935,0.06684787,0.109338805,21.820140517783276
364,group_lasso_N_14_i_4,56154,optimal,0.04194437,0.066813063,0.108757433,23.564853245817865
365,group_lasso_N_14_i_5,56154,optimal,0.044574737,0.064293481,0.108868218,18.5247761024406
366,group_lasso_N_14_i_6,56154,optimal,0.042615595,0.071771113,0.114386708,22.73270901859624
367,group_lasso_N_14_i_7,56154,optimal,0.044210303,0.075061027,0.11927133,21.588936625591703
368,group_lasso_N_14_i_8,56154,optimal,0.042848063,0.067934875,0.110782938,17.581254341375292
369,group_lasso_N_14_i_9,56154,optimal,0.042612033,0.062953391,0.1055654239999999,23.787202268229397
370,group_lasso_N_14_i_10,56154,optimal,0.041867747,0.062555146,0.104422893,23.27330707049458
371,group_lasso_N_14_i_11,56154,optimal,0.042261324,0.067536325,0.109797649,21.30758139454514
372,group_lasso_N_14_i_12,56154,optimal,0.042298158,0.066707421,0.109005579,22.512620984593145
373,group_lasso_N_14_i_13,56154,optimal,0.042765645,0.067728197,0.110493842,20.138325107705857
374,group_lasso_N_14_i_14,56154,optimal,0.042823144,0.067325607,0.1101487509999999,20.16942823683878
375,group_lasso_N_14_i_15,56154,optimal,0.04247152,0.068220998,0.110692518,21.46843895723096
376,group_lasso_N_14_i_16,56154,optimal,0.042380621,0.067423048,0.1098036689999999,20.810300699724863
377,group_lasso_N_14_i_17,56154,optimal,0.042535851,0.073593239,0.11612909,20.2826318150332
378,group_lasso_N_14_i_18,56154,optimal,0.042700549,0.067737038,0.110437587,21.871429717325977
379,group_lasso_N_14_i_19,56154,optimal,0.044157072,0.068489717,0.112646789,21.379226127915476
380,group_lasso_N_16_i_0,72176,optimal,0.061615075,0.08601211,0.147627185,22.88032670526558
381,group_lasso_N_16_i_1,72176,optimal,0.062048944,0.089233364,0.151282308,22.36883410829975
382,group_lasso_N_16_i_2,72176,optimal,0.061589467,0.099531775,0.161121242,24.13045338318301
383,group_lasso_N_16_i_3,72176,optimal,0.062543609,0.090353511,0.15289712,23.201387654731946
384,group_lasso_N_16_i_4,72176,optimal,0.061130512,0.089746666,0.150877178,22.757229371823968
385,group_lasso_N_16_i_5,72176,optimal,0.061940921,0.088650516,0.150591437,21.854471346509637
386,group_lasso_N_16_i_6,72176,optimal,0.062312368,0.08623852,0.148550888,27.44995148208198
387,group_lasso_N_16_i_7,72176,optimal,0.061809372,0.091044594,0.152853966,28.34162137108678
388,group_lasso_N_16_i_8,72176,optimal,0.062262601,0.084987974,0.147250575,27.22448862720201
389,group_lasso_N_16_i_9,72176,optimal,0.062101554,0.090190321,0.152291875,25.0780468365244
390,group_lasso_N_16_i_10,72176,optimal,0.061730739,0.087576501,0.14930724,24.57336243241436
391,group_lasso_N_16_i_11,72176,optimal,0.062778473,0.089933608,0.152712081,23.948586031372574
392,group_lasso_N_16_i_12,72176,optimal,0.061481787,0.089423119,0.150904906,22.74118727854111
393,group_lasso_N_16_i_13,72176,optimal,0.061564885,0.088545061,0.150109946,27.814136138511486
394,group_lasso_N_16_i_14,72176,optimal,0.062023084,0.09284691,0.154869994,28.4320774389112
395,group_lasso_N_16_i_15,72176,optimal,0.061588757,0.089582448,0.151171205,26.60803134529918
396,group_lasso_N_16_i_16,72176,optimal,0.063531034,0.094157047,0.1576880809999999,24.63469857727845
397,group_lasso_N_16_i_17,72176,optimal,0.061541448,0.088816041,0.150357489,25.14440584079952
398,group_lasso_N_16_i_18,72176,optimal,0.061384444,0.088557513,0.149941957,25.51899718989152
399,group_lasso_N_16_i_19,72176,optimal,0.061307971,0.09056534,0.151873311,25.878311408772053
400,robust_kalman_filter_N_25_i_0,775,optimal,0.00016448,0.001908069,0.002072549,766.1805083836326
401,robust_kalman_filter_N_25_i_1,775,optimal,0.000161532,0.001866919,0.002028451,464.98505057034447
402,robust_kalman_filter_N_25_i_2,775,optimal,0.000159929,0.002202774,0.002362703,1534.6659777808236
403,robust_kalman_filter_N_25_i_3,775,optimal,0.000158602,0.00214649,0.002305092,706.2163236587361
404,robust_kalman_filter_N_25_i_4,775,optimal,0.000159944,0.001748914,0.001908858,914.4432225455482
405,robust_kalman_filter_N_25_i_5,775,optimal,0.000159852,0.001759533,0.001919385,299.9203386125354
406,robust_kalman_filter_N_25_i_6,775,optimal,0.000159815,0.001861646,0.002021461,1116.245248878712
407,robust_kalman_filter_N_25_i_7,775,optimal,0.000205575,0.002744965,0.0029505399999999,1301.0375576705887
408,robust_kalman_filter_N_25_i_8,775,optimal,0.000201531,0.002261806,0.002463337,1041.8768304498906
409,robust_kalman_filter_N_25_i_9,775,optimal,0.000200909,0.002848773,0.003049682,650.0235657344803
410,robust_kalman_filter_N_25_i_10,775,optimal,0.000157342,0.001923472,0.002080814,1205.4705075768666
411,robust_kalman_filter_N_25_i_11,775,optimal,0.000159505,0.002235874,0.002395379,1435.8281736358854
412,robust_kalman_filter_N_25_i_12,775,optimal,0.000162788,0.002094325,0.002257113,337.3648029864557
413,robust_kalman_filter_N_25_i_13,775,optimal,0.000161622,0.002284451,0.002446073,574.9030046554819
414,robust_kalman_filter_N_25_i_14,775,optimal,0.000157534,0.00198123,0.002138764,632.7262577654237
415,robust_kalman_filter_N_25_i_15,775,optimal,0.000158704,0.001983133,0.002141837,324.2176074952624
416,robust_kalman_filter_N_25_i_16,775,optimal,0.000158887,0.002063668,0.0022225549999999,1002.260329989274
417,robust_kalman_filter_N_25_i_17,775,optimal,0.00015969,0.002186578,0.002346268,565.6364880954363
418,robust_kalman_filter_N_25_i_18,775,optimal,0.000159338,0.001939915,0.002099253,1030.1790165306993
419,robust_kalman_filter_N_25_i_19,775,optimal,0.000159945,0.002364714,0.002524659,1125.0839670999574
420,robust_kalman_filter_N_50_i_0,1550,optimal,0.000306785,0.004665292,0.004972077,1242.505730636069
421,robust_kalman_filter_N_50_i_1,1550,optimal,0.000305305,0.004623698,0.0049290029999999,2986.414169071008
422,robust_kalman_filter_N_50_i_2,1550,optimal,0.000307343,0.004960787,0.00526813,2914.381798633859
423,robust_kalman_filter_N_50_i_3,1550,optimal,0.000305102,0.004792132,0.005097234,2462.5657528127817
424,robust_kalman_filter_N_50_i_4,1550,optimal,0.0003042,0.004821576,0.005125776,888.2934371192559
425,robust_kalman_filter_N_50_i_5,1550,optimal,0.000305028,0.004775666,0.0050806939999999,2676.5565072637305
426,robust_kalman_filter_N_50_i_6,1550,optimal,0.000304283,0.004643173,0.0049474559999999,2493.9807067408374
427,robust_kalman_filter_N_50_i_7,1550,optimal,0.000304202,0.004353614,0.0046578159999999,1707.456245289652
428,robust_kalman_filter_N_50_i_8,1550,optimal,0.000396309,0.006321851,0.00671816,1174.7189491475283
429,robust_kalman_filter_N_50_i_9,1550,optimal,0.000385658,0.007451178,0.007836836,1733.0776614013566
430,robust_kalman_filter_N_50_i_10,1550,optimal,0.000300179,0.005161877,0.005462056,1707.4888292159965
431,robust_kalman_filter_N_50_i_11,1550,optimal,0.000300639,0.004732526,0.005033165,2305.701237326936
432,robust_kalman_filter_N_50_i_12,1550,optimal,0.000308633,0.004535371,0.004844004,2691.980070318064
433,robust_kalman_filter_N_50_i_13,1550,optimal,0.000305696,0.005211448,0.005517144,2125.950603394592
434,robust_kalman_filter_N_50_i_14,1550,optimal,0.00030843,0.004771943,0.005080373,1614.7514297876307
435,robust_kalman_filter_N_50_i_15,1550,optimal,0.000305237,0.004750125,0.005055362,2204.506350653988
436,robust_kalman_filter_N_50_i_16,1550,optimal,0.00030715,0.005262883,0.005570033,1245.35813652128
437,robust_kalman_filter_N_50_i_17,1550,optimal,0.000304252,0.005159616,0.0054638679999999,2792.488598500146
438,robust_kalman_filter_N_50_i_18,1550,optimal,0.000308863,0.004469236,0.004778099,2480.065734156159
439,robust_kalman_filter_N_50_i_19,1550,optimal,0.000306766,0.004696046,0.005002812,1544.7495754690055
440,robust_kalman_filter_N_75_i_0,2325,optimal,0.000471203,0.007092393,0.007563596,2944.2084287294265
441,robust_kalman_filter_N_75_i_1,2325,optimal,0.000474931,0.007372708,0.007847639,2400.2980965495626
442,robust_kalman_filter_N_75_i_2,2325,optimal,0.000474725,0.008410167,0.008884892,3077.5826253716577
443,robust_kalman_filter_N_75_i_3,2325,optimal,0.000463266,0.007717942,0.008181208,3226.052697439963
444,robust_kalman_filter_N_75_i_4,2325,optimal,0.000465985,0.008498992,0.008964977,2618.1432213020425
445,robust_kalman_filter_N_75_i_5,2325,optimal,0.000469842,0.008675215,0.009145057,2054.456744634072
446,robust_kalman_filter_N_75_i_6,2325,optimal,0.000466762,0.00832747,0.008794232,3079.565623041417
447,robust_kalman_filter_N_75_i_7,2325,optimal,0.000469117,0.009351519,0.009820636,2465.041223557844
448,robust_kalman_filter_N_75_i_8,2325,optimal,0.000465911,0.007922894,0.008388805,2664.8453736789
449,robust_kalman_filter_N_75_i_9,2325,optimal,0.000477318,0.007821242,0.00829856,3413.5743225555584
450,robust_kalman_filter_N_75_i_10,2325,optimal,0.000462725,0.008472446,0.008935171,3635.6028647104345
451,robust_kalman_filter_N_75_i_11,2325,optimal,0.000479845,0.008460932,0.0089407769999999,1792.5835129202055
452,robust_kalman_filter_N_75_i_12,2325,optimal,0.00046584,0.008049513,0.008515353,2056.9292673078294
453,robust_kalman_filter_N_75_i_13,2325,optimal,0.00059436,0.010084678,0.010679038,2471.853366565173
454,robust_kalman_filter_N_75_i_14,2325,optimal,0.000469128,0.007276028,0.007745156,3987.164949637166
455,robust_kalman_filter_N_75_i_15,2325,optimal,0.000469548,0.00842457,0.008894118,3902.3886363750257
456,robust_kalman_filter_N_75_i_16,2325,optimal,0.000461519,0.008137849,0.008599368,3152.275091392396
457,robust_kalman_filter_N_75_i_17,2325,optimal,0.000468672,0.007993182,0.008461854,1988.0369334015088
458,robust_kalman_filter_N_75_i_18,2325,optimal,0.000465775,0.007388805,0.00785458,3710.021724996158
459,robust_kalman_filter_N_75_i_19,2325,optimal,0.000462687,0.007283208,0.007745895,2921.7859148100924
460,robust_kalman_filter_N_125_i_0,3875,optimal,0.000816439,0.013858822,0.014675261,4610.249865546317
461,robust_kalman_filter_N_125_i_1,3875,optimal,0.000831179,0.015329314,0.016160493,5218.367162929672
462,robust_kalman_filter_N_125_i_2,3875,optimal,0.000835013,0.012790939,0.013625952,3762.156701285413
463,robust_kalman_filter_N_125_i_3,3875,optimal,0.000832735,0.01385123,0.014683965,4684.088678570843
464,robust_kalman_filter_N_125_i_4,3875,optimal,0.000817336,0.012710205,0.013527541,4409.280607701882
465,robust_kalman_filter_N_125_i_5,3875,optimal,0.000817867,0.017097812,0.017915679,5764.840397584781
466,robust_kalman_filter_N_125_i_6,3875,optimal,0.000811221,0.013229213,0.014040434,3371.27332864083
467,robust_kalman_filter_N_125_i_7,3875,optimal,0.000816026,0.013687015,0.014503041,4485.759076000433
468,robust_kalman_filter_N_125_i_8,3875,optimal,0.000814644,0.014583863,0.015398507,4066.2927903307886
469,robust_kalman_filter_N_125_i_9,3875,optimal,0.000812843,0.01517472,0.015987563,4752.407273284037
470,robust_kalman_filter_N_125_i_10,3875,optimal,0.000819223,0.015754066,0.016573289,5458.097568945477
471,robust_kalman_filter_N_125_i_11,3875,optimal,0.000816977,0.015350227,0.0161672039999999,5452.7564905497065
472,robust_kalman_filter_N_125_i_12,3875,optimal,0.000818942,0.014658433,0.015477375,5607.609208416169
473,robust_kalman_filter_N_125_i_13,3875,optimal,0.000820754,0.013913385,0.014734139,4602.191296740474
474,robust_kalman_filter_N_125_i_14,3875,optimal,0.000816871,0.014418158,0.015235029,5002.74974792832
475,robust_kalman_filter_N_125_i_15,3875,optimal,0.000817671,0.013465321,0.014282992,5330.902514226883
476,robust_kalman_filter_N_125_i_16,3875,optimal,0.00081351,0.014008889,0.014822399,4090.0544854487343
477,robust_kalman_filter_N_125_i_17,3875,optimal,0.000818034,0.014745174,0.015563208,5958.668363060064
478,robust_kalman_filter_N_125_i_18,3875,optimal,0.000817954,0.013823138,0.014641092,6237.305461720801
479,robust_kalman_filter_N_125_i_19,3875,optimal,0.000817535,0.01345301,0.0142705449999999,6406.233686848266
480,robust_kalman_filter_N_175_i_0,5425,optimal,0.00124793,0.021463185,0.022711115,6240.554061154412
481,robust_kalman_filter_N_175_i_1,5425,optimal,0.001230517,0.021964212,0.023194729,7311.063549586825
482,robust_kalman_filter_N_175_i_2,5425,optimal,0.001249237,0.021965454,0.023214691,6488.000779315906
483,robust_kalman_filter_N_175_i_3,5425,optimal,0.001247662,0.020401425,0.021649087,7386.595348136254
484,robust_kalman_filter_N_175_i_4,5425,optimal,0.001238482,0.02011034,0.021348822,7350.354599544413
485,robust_kalman_filter_N_175_i_5,5425,optimal,0.001226889,0.024002229,0.025229118,6405.171393585318
486,robust_kalman_filter_N_175_i_6,5425,optimal,0.001249266,0.02021289,0.021462156,7623.096162599848
487,robust_kalman_filter_N_175_i_7,5425,optimal,0.001243446,0.023118692,0.024362138,7765.780285258573
488,robust_kalman_filter_N_175_i_8,5425,optimal,0.001243144,0.021920757,0.023163901,8195.90842357845
489,robust_kalman_filter_N_175_i_9,5425,optimal,0.001245808,0.021576334,0.022822142,7013.463250239001
490,robust_kalman_filter_N_175_i_10,5425,optimal,0.001251417,0.02277515,0.024026567,7241.575558243766
491,robust_kalman_filter_N_175_i_11,5425,optimal,0.001298184,0.02299449,0.024292674,7583.203947980101
492,robust_kalman_filter_N_175_i_12,5425,optimal,0.001240132,0.020962978,0.02220311,5754.325378324643
493,robust_kalman_filter_N_175_i_13,5425,optimal,0.001245934,0.024132565,0.025378499,5987.189949137802
494,robust_kalman_filter_N_175_i_14,5425,optimal,0.001249113,0.021100836,0.022349949,7040.915202832085
495,robust_kalman_filter_N_175_i_15,5425,optimal,0.001243813,0.02449851,0.025742323,6186.140643819424
496,robust_kalman_filter_N_175_i_16,5425,optimal,0.00124273,0.020494822,0.021737552,6136.545110755284
497,robust_kalman_filter_N_175_i_17,5425,optimal,0.001233595,0.022886458,0.024120053,7406.213090854882
498,robust_kalman_filter_N_175_i_18,5425,optimal,0.001370346,0.025160782,0.026531128,8149.917931743005
499,robust_kalman_filter_N_175_i_19,5425,optimal,0.001245713,0.022310334,0.023556047,6103.37290340468
500,robust_kalman_filter_N_225_i_0,6975,optimal,0.00170937,0.029546165,0.031255535,9170.849143453206
501,robust_kalman_filter_N_225_i_1,6975,optimal,0.001710973,0.02945929,0.031170263,7303.442237680705
502,robust_kalman_filter_N_225_i_2,6975,optimal,0.001716415,0.031605291,0.033321706,8738.797865731929
503,robust_kalman_filter_N_225_i_3,6975,optimal,0.001721553,0.028069967,0.02979152,9557.862688924632
504,robust_kalman_filter_N_225_i_4,6975,optimal,0.001713602,0.031952441,0.033666043,7139.514629711416
505,robust_kalman_filter_N_225_i_5,6975,optimal,0.001716684,0.031398536,0.03311522,9754.143140459944
506,robust_kalman_filter_N_225_i_6,6975,optimal,0.001712033,0.033222164,0.034934197,9015.738517546017
507,robust_kalman_filter_N_225_i_7,6975,optimal,0.00171214,0.029568587,0.031280727,9389.097751605284
508,robust_kalman_filter_N_225_i_8,6975,optimal,0.001730606,0.029565767,0.031296373,9448.35566907794
509,robust_kalman_filter_N_225_i_9,6975,optimal,0.001722179,0.031191032,0.032913211,7474.8807965667
510,robust_kalman_filter_N_225_i_10,6975,optimal,0.001712494,0.031879423,0.033591917,10880.025788620243
511,robust_kalman_filter_N_225_i_11,6975,optimal,0.001709901,0.030464783,0.032174684,9252.740184939856
512,robust_kalman_filter_N_225_i_12,6975,optimal,0.001719019,0.031588782,0.033307801,9011.467081805931
513,robust_kalman_filter_N_225_i_13,6975,optimal,0.00171546,0.029772631,0.031488091,7800.719419602768
514,robust_kalman_filter_N_225_i_14,6975,optimal,0.001719358,0.029474932,0.03119429,10350.329508596884
515,robust_kalman_filter_N_225_i_15,6975,optimal,0.001721235,0.029412017,0.031133252,13742.380404613414
516,robust_kalman_filter_N_225_i_16,6975,optimal,0.001716673,0.029216732,0.0309334049999999,10497.24151499946
517,robust_kalman_filter_N_225_i_17,6975,optimal,0.001709693,0.027387011,0.029096704,10223.623504609706
518,robust_kalman_filter_N_225_i_18,6975,optimal,0.00171642,0.030750821,0.032467241,10145.99580947316
519,robust_kalman_filter_N_225_i_19,6975,optimal,0.001714674,0.030881638,0.032596312,9103.16354021258
520,robust_kalman_filter_N_300_i_0,9300,optimal,0.002502858,0.038879269,0.041382127,12843.67267114238
521,robust_kalman_filter_N_300_i_1,9300,optimal,0.002439248,0.041909412,0.04434866,9408.158997727136
522,robust_kalman_filter_N_300_i_2,9300,optimal,0.002427432,0.042793814,0.045221246,12488.581482622005
523,robust_kalman_filter_N_300_i_3,9300,optimal,0.002462112,0.044009731,0.046471843,13544.526548992628
524,robust_kalman_filter_N_300_i_4,9300,optimal,0.002483369,0.039685574,0.042168943,11107.04488515788
525,robust_kalman_filter_N_300_i_5,9300,optimal,0.00248522,0.042906145,0.045391365,10601.432678379368
526,robust_kalman_filter_N_300_i_6,9300,optimal,0.002517897,0.041449226,0.043967123,10698.242579635442
527,robust_kalman_filter_N_300_i_7,9300,optimal,0.002571812,0.041715033,0.044286845,16162.60105922288
528,robust_kalman_filter_N_300_i_8,9300,optimal,0.002489695,0.043316094,0.045805789,9485.280970223872
529,robust_kalman_filter_N_300_i_9,9300,optimal,0.002482403,0.044794059,0.047276462,13406.387897849754
530,robust_kalman_filter_N_300_i_10,9300,optimal,0.002503174,0.04083227,0.0433354439999999,12506.383380082128
531,robust_kalman_filter_N_300_i_11,9300,optimal,0.002473505,0.04252606,0.044999565,11136.749240370153
532,robust_kalman_filter_N_300_i_12,9300,optimal,0.002508252,0.044555085,0.047063337,12813.153723728314
533,robust_kalman_filter_N_300_i_13,9300,optimal,0.00251918,0.043000807,0.045519987,12230.910572060988
534,robust_kalman_filter_N_300_i_14,9300,optimal,0.002581178,0.043438642,0.04601982,13286.184538912456
535,robust_kalman_filter_N_300_i_15,9300,optimal,0.002475718,0.044780981,0.047256699,10714.441813561256
536,robust_kalman_filter_N_300_i_16,9300,optimal,0.002489378,0.044565142,0.04705452,12858.457637633535
537,robust_kalman_filter_N_300_i_17,9300,optimal,0.002521407,0.039139602,0.041661009,10040.308024651406
538,robust_kalman_filter_N_300_i_18,9300,optimal,0.002504202,0.042063417,0.0445676189999999,11787.379203432893
539,robust_kalman_filter_N_300_i_19,9300,optimal,0.002517072,0.041563251,0.044080323,13205.7650976034
540,robust_kalman_filter_N_375_i_0,11625,optimal,0.003358716,0.058126723,0.0614854389999999,14947.35661002216
541,robust_kalman_filter_N_375_i_1,11625,optimal,0.003334184,0.05675736,0.060091544,14542.688463300226
542,robust_kalman_filter_N_375_i_2,11625,optimal,0.003287971,0.057223408,0.060511379,14123.802740354537
543,robust_kalman_filter_N_375_i_3,11625,optimal,0.003297858,0.056328332,0.05962619,14884.693050463722
544,robust_kalman_filter_N_375_i_4,11625,optimal,0.003664738,0.054577779,0.058242517,13918.08475239605
545,robust_kalman_filter_N_375_i_5,11625,optimal,0.004461352,0.06454852,0.069009872,15489.105126275184
546,robust_kalman_filter_N_375_i_6,11625,optimal,0.003466841,0.054390682,0.057857523,14340.890984340962
547,robust_kalman_filter_N_375_i_7,11625,optimal,0.003316395,0.054027302,0.057343697,14380.474968190152
548,robust_kalman_filter_N_375_i_8,11625,optimal,0.00336874,0.055600188,0.058968928,13989.850135647965
549,robust_kalman_filter_N_375_i_9,11625,optimal,0.003295481,0.058441138,0.061736619,16546.507860294252
550,robust_kalman_filter_N_375_i_10,11625,optimal,0.00336682,0.054117492,0.057484312,20095.475657124596
551,robust_kalman_filter_N_375_i_11,11625,optimal,0.003326711,0.057650618,0.060977329,15327.340513761745
552,robust_kalman_filter_N_375_i_12,11625,optimal,0.003294669,0.053201473,0.056496142,15572.36905625256
553,robust_kalman_filter_N_375_i_13,11625,optimal,0.00339429,0.058797247,0.062191537,14959.85756310837
554,robust_kalman_filter_N_375_i_14,11625,optimal,0.00340244,0.057779159,0.0611815989999999,15573.623071763166
555,robust_kalman_filter_N_375_i_15,11625,optimal,0.003317914,0.056364067,0.0596819809999999,17285.883756476112
556,robust_kalman_filter_N_375_i_16,11625,optimal,0.003329951,0.058415295,0.061745246,15913.316470085108
557,robust_kalman_filter_N_375_i_17,11625,optimal,0.00326622,0.055814144,0.059080364,13480.686747151598
558,robust_kalman_filter_N_375_i_18,11625,optimal,0.003324456,0.051745718,0.055070174,14709.423134587743
559,robust_kalman_filter_N_375_i_19,11625,optimal,0.00327723,0.053117305,0.0563945349999999,16719.72937690478
560,robust_kalman_filter_N_450_i_0,13950,optimal,0.004391697,0.070365552,0.074757249,18302.222638413583
561,robust_kalman_filter_N_450_i_1,13950,optimal,0.004274828,0.070154901,0.074429729,17630.557519752503
562,robust_kalman_filter_N_450_i_2,13950,optimal,0.004393955,0.07075233,0.075146285,20306.79033152389
563,robust_kalman_filter_N_450_i_3,13950,optimal,0.004309195,0.072673239,0.076982434,19447.104009692503
564,robust_kalman_filter_N_450_i_4,13950,optimal,0.004341374,0.080317318,0.084658692,17868.57290020284
565,robust_kalman_filter_N_450_i_5,13950,optimal,0.004378005,0.068970888,0.073348893,18044.961326698656
566,robust_kalman_filter_N_450_i_6,13950,optimal,0.004279156,0.074587331,0.078866487,20043.024909469525
567,robust_kalman_filter_N_450_i_7,13950,optimal,0.004280942,0.068621197,0.0729021389999999,18901.61093157925
568,robust_kalman_filter_N_450_i_8,13950,optimal,0.004313215,0.072057503,0.0763707179999999,15356.40674388058
569,robust_kalman_filter_N_450_i_9,13950,optimal,0.004320232,0.075781623,0.080101855,19904.471464186718
570,robust_kalman_filter_N_450_i_10,13950,optimal,0.004311291,0.069731158,0.074042449,20062.42266584773
571,robust_kalman_filter_N_450_i_11,13950,optimal,0.004294957,0.066724658,0.071019615,17509.69092965281
572,robust_kalman_filter_N_450_i_12,13950,optimal,0.004322327,0.068090517,0.072412844,19155.85984350582
573,robust_kalman_filter_N_450_i_13,13950,optimal,0.00449759,0.068956684,0.073454274,20530.152692107866
574,robust_kalman_filter_N_450_i_14,13950,optimal,0.004258208,0.068940682,0.07319889,20505.86812416657
575,robust_kalman_filter_N_450_i_15,13950,optimal,0.004335461,0.074342508,0.078677969,19116.479839178955
576,robust_kalman_filter_N_450_i_16,13950,optimal,0.004267212,0.077000846,0.081268058,19874.645175127887
577,robust_kalman_filter_N_450_i_17,13950,optimal,0.004309892,0.071940533,0.076250425,17840.87480936339
578,robust_kalman_filter_N_450_i_18,13950,optimal,0.004529157,0.070292782,0.074821939,19145.051258648786
579,robust_kalman_filter_N_450_i_19,13950,optimal,0.004423011,0.065845004,0.070268015,18530.211843737598
580,robust_kalman_filter_N_500_i_0,15500,optimal,0.005084153,0.076579521,0.0816636739999999,22787.043340357628
581,robust_kalman_filter_N_500_i_1,15500,optimal,0.005080007,0.074196147,0.079276154,19242.928952866438
582,robust_kalman_filter_N_500_i_2,15500,optimal,0.005114423,0.075998317,0.0811127399999999,19944.898436969477
583,robust_kalman_filter_N_500_i_3,15500,optimal,0.005048956,0.081246757,0.086295713,23529.89498910236
584,robust_kalman_filter_N_500_i_4,15500,optimal,0.005000445,0.087281445,0.09228189,19384.2280523564
585,robust_kalman_filter_N_500_i_5,15500,optimal,0.005299865,0.075136853,0.080436718,22293.58761764846
586,robust_kalman_filter_N_500_i_6,15500,optimal,0.005283376,0.089439466,0.094722842,17425.530948055115
587,robust_kalman_filter_N_500_i_7,15500,optimal,0.005302316,0.077727075,0.083029391,20393.06687690299
588,robust_kalman_filter_N_500_i_8,15500,optimal,0.005232198,0.08224614,0.0874783379999999,24320.695142865512
589,robust_kalman_filter_N_500_i_9,15500,optimal,0.005102981,0.089024672,0.094127653,20588.727289623468
590,robust_kalman_filter_N_500_i_10,15500,optimal,0.005132371,0.077707983,0.0828403539999999,23409.818691128123
591,robust_kalman_filter_N_500_i_11,15500,optimal,0.00509358,0.082294807,0.087388387,20009.16361755104
592,robust_kalman_filter_N_500_i_12,15500,optimal,0.005216678,0.080578322,0.085795,19165.51625387813
593,robust_kalman_filter_N_500_i_13,15500,optimal,0.005044319,0.074062752,0.079107071,19323.6855028306
594,robust_kalman_filter_N_500_i_14,15500,optimal,0.005116654,0.075828568,0.080945222,20777.90911627039
595,robust_kalman_filter_N_500_i_15,15500,optimal,0.00511714,0.079207456,0.084324596,22829.69429860308
596,robust_kalman_filter_N_500_i_16,15500,optimal,0.005197535,0.077445019,0.082642554,23315.36772241241
597,robust_kalman_filter_N_500_i_17,15500,optimal,0.005066921,0.080423832,0.085490753,19727.95648171973
598,robust_kalman_filter_N_500_i_18,15500,optimal,0.00508048,0.076477644,0.081558124,20633.87292487936
599,robust_kalman_filter_N_500_i_19,15500,optimal,0.005037974,0.082279282,0.087317256,22585.04910996609
600,oscillating_masses_N_8_i_0,1344,optimal,0.00010896,0.001489123,0.001598083,447.2992910365217
601,oscillating_masses_N_8_i_1,1344,optimal,0.000105352,0.001546343,0.001651695,283.77803456729805
602,oscillating_masses_N_8_i_2,1344,optimal,0.000106408,0.001841046,0.001947454,429.3685678526494
603,oscillating_masses_N_8_i_3,1344,optimal,0.000107056,0.001556661,0.0016637169999999,143.0350197054599
604,oscillating_masses_N_8_i_4,1344,optimal,0.000106728,0.001311811,0.001418539,350.33335493927336
605,oscillating_masses_N_8_i_5,1344,optimal,0.000108716,0.001311796,0.001420512,305.6541400735616
606,oscillating_masses_N_8_i_6,1344,optimal,0.000107583,0.0014304,0.001537983,714.1937168368445
607,oscillating_masses_N_8_i_7,1344,optimal,0.000137751,0.001787194,0.001924945,235.47483406856543
608,oscillating_masses_N_8_i_8,1344,optimal,0.000139831,0.001958546,0.002098377,339.99944323921795
609,oscillating_masses_N_8_i_9,1344,optimal,0.00013332,0.002016427,0.002149747,87.6933671853615
610,oscillating_masses_N_8_i_10,1344,optimal,0.000137656,0.001903995,0.002041651,87.56459499143504
611,oscillating_masses_N_8_i_11,1344,optimal,0.000134833,0.001759744,0.001894577,88.7728446981284
612,oscillating_masses_N_8_i_12,1344,optimal,0.000135814,0.001865583,0.002001397,196.76191363670424
613,oscillating_masses_N_8_i_13,1344,optimal,0.00013507,0.001613883,0.001748953,64.88961437614279
614,oscillating_masses_N_8_i_14,1344,optimal,0.000109258,0.0013211,0.001430358,266.123715434605
615,oscillating_masses_N_8_i_15,1344,optimal,0.000105974,0.001445759,0.001551733,250.3216589648652
616,oscillating_masses_N_8_i_16,1344,optimal,0.00010667,0.001550533,0.0016572029999999,313.8640682321666
617,oscillating_masses_N_8_i_17,1344,optimal,0.000107492,0.001401506,0.001508998,197.63540962413344
618,oscillating_masses_N_8_i_18,1344,optimal,0.000106824,0.001305083,0.001411907,409.4688822068925
619,oscillating_masses_N_8_i_19,1344,optimal,0.00010621,0.001314961,0.001421171,410.83549411605605
620,oscillating_masses_N_20_i_0,3312,optimal,0.000248116,0.004034478,0.004282594,564.1290248796503
621,oscillating_masses_N_20_i_1,3312,optimal,0.000245244,0.003498748,0.003743992,308.5963993157209
622,oscillating_masses_N_20_i_2,3312,optimal,0.000251804,0.004065542,0.004317346,149.4107861732275
623,oscillating_masses_N_20_i_3,3312,optimal,0.000247611,0.003738409,0.00398602,464.75520265420414
624,oscillating_masses_N_20_i_4,3312,optimal,0.000252324,0.003848008,0.004100332,664.5771011064157
625,oscillating_masses_N_20_i_5,3312,optimal,0.00024537,0.003677844,0.003923214,330.0411591376512
626,oscillating_masses_N_20_i_6,3312,optimal,0.000320217,0.005499078,0.005819295,259.4076453722208
627,oscillating_masses_N_20_i_7,3312,optimal,0.000312425,0.004688197,0.005000622,412.9066879961749
628,oscillating_masses_N_20_i_8,3312,optimal,0.000307741,0.00435442,0.004662161,406.7605966486507
629,oscillating_masses_N_20_i_9,3312,optimal,0.000250761,0.004132661,0.004383422,248.0728538397884
630,oscillating_masses_N_20_i_10,3312,optimal,0.000239034,0.003569545,0.003808579,300.31393217697786
631,oscillating_masses_N_20_i_11,3312,optimal,0.000251586,0.003809248,0.004060834,256.31991159879203
632,oscillating_masses_N_20_i_12,3312,optimal,0.000253592,0.00394259,0.004196182,336.5572697843961
633,oscillating_masses_N_20_i_13,3312,optimal,0.000253884,0.003709811,0.003963695,216.65161279734215
634,oscillating_masses_N_20_i_14,3312,optimal,0.000249493,0.004053652,0.0043031449999999,258.17594690032445
635,oscillating_masses_N_20_i_15,3312,optimal,0.000247518,0.003515142,0.00376266,383.7717567797
636,oscillating_masses_N_20_i_16,3312,optimal,0.000251595,0.003836298,0.004087893,191.1756543124293
637,oscillating_masses_N_20_i_17,3312,optimal,0.000307817,0.00501084,0.005318657,535.5482476436699
638,oscillating_masses_N_20_i_18,3312,optimal,0.000304362,0.004826534,0.005130896,166.20185598582057
639,oscillating_masses_N_20_i_19,3312,optimal,0.000305283,0.005014276,0.005319559,467.5361776765385
640,oscillating_masses_N_32_i_0,5280,optimal,0.000376078,0.005631199,0.006007277,299.68273977722566
641,oscillating_masses_N_32_i_1,5280,optimal,0.000377926,0.005839635,0.006217561,325.8379308067603
642,oscillating_masses_N_32_i_2,5280,optimal,0.00038687,0.006199744,0.006586614,185.755716946528
643,oscillating_masses_N_32_i_3,5280,optimal,0.000393117,0.005523235,0.005916352,83.58300926731788
644,oscillating_masses_N_32_i_4,5280,optimal,0.000393156,0.006609507,0.0070026629999999,966.5824131676708
645,oscillating_masses_N_32_i_5,5280,optimal,0.000384097,0.006256297,0.006640394,327.58882332637586
646,oscillating_masses_N_32_i_6,5280,optimal,0.000498981,0.0073152,0.007814181,164.24939257634657
647,oscillating_masses_N_32_i_7,5280,optimal,0.000483044,0.007727072,0.008210116,314.9992854232359
648,oscillating_masses_N_32_i_8,5280,optimal,0.000483293,0.008315244,0.0087985369999999,266.4210242026149
649,oscillating_masses_N_32_i_9,5280,optimal,0.000390642,0.005859771,0.006250413,102.0371474820287
650,oscillating_masses_N_32_i_10,5280,optimal,0.000383673,0.006299829,0.006683502,206.37411436505815
651,oscillating_masses_N_32_i_11,5280,optimal,0.000384834,0.005451476,0.00583631,235.24594017314232
652,oscillating_masses_N_32_i_12,5280,optimal,0.000392721,0.006267682,0.006660403,69.96122570035796
653,oscillating_masses_N_32_i_13,5280,optimal,0.000391482,0.00650802,0.006899502,350.5258983201847
654,oscillating_masses_N_32_i_14,5280,optimal,0.00039088,0.006789883,0.007180763,67.08973531349166
655,oscillating_masses_N_32_i_15,5280,optimal,0.000474899,0.008216922,0.0086918209999999,183.49861022400887
656,oscillating_masses_N_32_i_16,5280,optimal,0.000479939,0.007832271,0.00831221,232.216157815588
657,oscillating_masses_N_32_i_17,5280,optimal,0.000380886,0.006141554,0.0065224399999999,184.01382806571357
658,oscillating_masses_N_32_i_18,5280,optimal,0.000384363,0.006336289,0.006720652,450.7116854212578
659,oscillating_masses_N_32_i_19,5280,optimal,0.00038596,0.006342046,0.006728006,259.6264260412285
660,oscillating_masses_N_44_i_0,7248,optimal,0.000531908,0.008556441,0.0090883489999999,80.85387674560954
661,oscillating_masses_N_44_i_1,7248,optimal,0.000526758,0.008911721,0.009438479,230.4455340551892
662,oscillating_masses_N_44_i_2,7248,optimal,0.000528865,0.008518725,0.00904759,156.03692282199518
663,oscillating_masses_N_44_i_3,7248,optimal,0.000531865,0.008201776,0.0087336409999999,298.45602371434217
664,oscillating_masses_N_44_i_4,7248,optimal,0.000678625,0.012217937,0.012896562,464.8442883472394
665,oscillating_masses_N_44_i_5,7248,optimal,0.000649677,0.009819594,0.0104692709999999,118.50614982383505
666,oscillating_masses_N_44_i_6,7248,optimal,0.000527916,0.008695867,0.009223783,590.2692823123855
667,oscillating_masses_N_44_i_7,7248,optimal,0.000523696,0.008788458,0.009312154,146.8861869128268
668,oscillating_masses_N_44_i_8,7248,optimal,0.000525888,0.008653757,0.009179645,243.2900585264296
669,oscillating_masses_N_44_i_9,7248,optimal,0.000536163,0.008554088,0.0090902509999999,157.06916484596624
670,oscillating_masses_N_44_i_10,7248,optimal,0.000640318,0.010508776,0.0111490939999999,334.8948100485987
671,oscillating_masses_N_44_i_11,7248,optimal,0.000520185,0.007995894,0.008516079,145.02545828789613
672,oscillating_masses_N_44_i_12,7248,optimal,0.000525775,0.008932831,0.009458606,189.8924229107495
673,oscillating_masses_N_44_i_13,7248,optimal,0.000531264,0.008248399,0.008779663,176.71108810198075
674,oscillating_masses_N_44_i_14,7248,optimal,0.000537803,0.009648234,0.010186037,358.96343615994806
675,oscillating_masses_N_44_i_15,7248,optimal,0.000629752,0.009586633,0.010216385,258.79156706285295
676,oscillating_masses_N_44_i_16,7248,optimal,0.000638225,0.011061591,0.011699816,237.2902188343933
677,oscillating_masses_N_44_i_17,7248,optimal,0.000524007,0.008643035,0.009167042,337.58344970309224
678,oscillating_masses_N_44_i_18,7248,optimal,0.000519997,0.007923025,0.008443022,251.59643782054968
679,oscillating_masses_N_44_i_19,7248,optimal,0.000535331,0.008275931,0.008811262,231.46646334159124
680,oscillating_masses_N_56_i_0,9216,optimal,0.000693001,0.011320462,0.012013463,395.4185044652985
681,oscillating_masses_N_56_i_1,9216,optimal,0.000671236,0.011685905,0.012357141,90.56971937356349
682,oscillating_masses_N_56_i_2,9216,optimal,0.000670239,0.011734767,0.012405006,90.9209052944102
683,oscillating_masses_N_56_i_3,9216,optimal,0.000695059,0.011493273,0.012188332,357.18505744503113
684,oscillating_masses_N_56_i_4,9216,optimal,0.000839009,0.013688974,0.014527983,297.4544602534768
685,oscillating_masses_N_56_i_5,9216,optimal,0.000672766,0.011649444,0.01232221,244.51570510937813
686,oscillating_masses_N_56_i_6,9216,optimal,0.000679077,0.010534341,0.011213418,214.93374038059497
687,oscillating_masses_N_56_i_7,9216,optimal,0.000673434,0.013942013,0.014615447,306.7092427023403
688,oscillating_masses_N_56_i_8,9216,optimal,0.000689029,0.010710553,0.011399582,343.0388136786178
689,oscillating_masses_N_56_i_9,9216,optimal,0.000838363,0.014711531,0.015549894,308.8514650319385
690,oscillating_masses_N_56_i_10,9216,optimal,0.00065696,0.01372757,0.01438453,382.0776503325016
691,oscillating_masses_N_56_i_11,9216,optimal,0.000684876,0.010604615,0.0112894909999999,261.7256352914713
692,oscillating_masses_N_56_i_12,9216,optimal,0.000676473,0.010955999,0.011632472,276.7087820561311
693,oscillating_masses_N_56_i_13,9216,optimal,0.000688212,0.010704368,0.01139258,202.2760993569604
694,oscillating_masses_N_56_i_14,9216,optimal,0.000844581,0.013649363,0.014493944,142.31656618084253
695,oscillating_masses_N_56_i_15,9216,optimal,0.000659877,0.010188548,0.010848425,354.78084079497444
696,oscillating_masses_N_56_i_16,9216,optimal,0.000670164,0.011694135,0.0123642989999999,266.3143333330466
697,oscillating_masses_N_56_i_17,9216,optimal,0.00067274,0.010972972,0.0116457119999999,311.0737306660667
698,oscillating_masses_N_56_i_18,9216,optimal,0.000835966,0.015140181,0.015976147,313.1843537984149
699,oscillating_masses_N_56_i_19,9216,optimal,0.000671735,0.01202741,0.012699145,752.1097456038967
700,oscillating_masses_N_76_i_0,12496,optimal,0.00093434,0.016537299,0.0174716389999999,141.01936499069274
701,oscillating_masses_N_76_i_1,12496,optimal,0.000947431,0.0154543,0.016401731,319.74405841382463
702,oscillating_masses_N_76_i_2,12496,optimal,0.001151865,0.019146774,0.0202986389999999,266.4747781312724
703,oscillating_masses_N_76_i_3,12496,optimal,0.000930452,0.014115464,0.015045916,124.26094082523994
704,oscillating_masses_N_76_i_4,12496,optimal,0.000914444,0.014240507,0.015154951,371.1241916842812
705,oscillating_masses_N_76_i_5,12496,optimal,0.000917975,0.015114803,0.016032778,162.62996777580813
706,oscillating_masses_N_76_i_6,12496,optimal,0.000914041,0.015643669,0.01655771,216.7127762751742
707,oscillating_masses_N_76_i_7,12496,optimal,0.001136667,0.01899663,0.020133297,196.09630558810744
708,oscillating_masses_N_76_i_8,12496,optimal,0.000886641,0.01376005,0.014646691,200.8353975120004
709,oscillating_masses_N_76_i_9,12496,optimal,0.000935166,0.014264659,0.015199825,250.38238691325685
710,oscillating_masses_N_76_i_10,12496,optimal,0.000943921,0.015469231,0.016413152,164.34485246976416
711,oscillating_masses_N_76_i_11,12496,optimal,0.001139026,0.01774108,0.018880106,204.22502979636764
712,oscillating_masses_N_76_i_12,12496,optimal,0.000911181,0.015277674,0.016188855,749.7186336861996
713,oscillating_masses_N_76_i_13,12496,optimal,0.000924994,0.016973761,0.017898755,299.39814028451866
714,oscillating_masses_N_76_i_14,12496,optimal,0.000917368,0.015387051,0.016304419,447.91505781927737
715,oscillating_masses_N_76_i_15,12496,optimal,0.00113724,0.02031408,0.02145132,156.52656537673835
716,oscillating_masses_N_76_i_16,12496,optimal,0.00089661,0.014618815,0.015515425,96.34999447396916
717,oscillating_masses_N_76_i_17,12496,optimal,0.000903882,0.015146795,0.016050677,345.0202238456895
718,oscillating_masses_N_76_i_18,12496,optimal,0.000909438,0.015908647,0.016818085,505.9456132561574
719,oscillating_masses_N_76_i_19,12496,optimal,0.001138568,0.018933868,0.020072436,191.32525716484315
720,oscillating_masses_N_96_i_0,15776,optimal,0.00113404,0.018858305,0.0199923449999999,149.86097370639126
721,oscillating_masses_N_96_i_1,15776,optimal,0.001148747,0.020114494,0.021263241,449.2603752142192
722,oscillating_masses_N_96_i_2,15776,optimal,0.001159232,0.020451655,0.021610887,129.21784692410762
723,oscillating_masses_N_96_i_3,15776,optimal,0.001432433,0.027545656,0.028978089,147.97012552738542
724,oscillating_masses_N_96_i_4,15776,optimal,0.001138891,0.01631372,0.017452611,45.2401306914676
725,oscillating_masses_N_96_i_5,15776,optimal,0.001133332,0.01898573,0.020119062,362.22636777996064
726,oscillating_masses_N_96_i_6,15776,optimal,0.001432829,0.022685188,0.024118017,179.15607445394923
727,oscillating_masses_N_96_i_7,15776,optimal,0.001172583,0.019954923,0.021127506,455.5347374224201
728,oscillating_masses_N_96_i_8,15776,optimal,0.001150538,0.020284603,0.0214351409999999,300.8737162923494
729,oscillating_masses_N_96_i_9,15776,optimal,0.001490492,0.024571297,0.026061789,193.05805490698225
730,oscillating_masses_N_96_i_10,15776,optimal,0.001145215,0.017460597,0.018605812,78.5079089754808
731,oscillating_masses_N_96_i_11,15776,optimal,0.001132359,0.019099646,0.020232005,507.1660845240028
732,oscillating_masses_N_96_i_12,15776,optimal,0.001169428,0.02186311,0.023032538,190.5157038429049
733,oscillating_masses_N_96_i_13,15776,optimal,0.001440883,0.024180749,0.025621632,361.9163776099888
734,oscillating_masses_N_96_i_14,15776,optimal,0.001137491,0.021884543,0.023022034,356.2437244577721
735,oscillating_masses_N_96_i_15,15776,optimal,0.001166397,0.019717621,0.020884018,508.0831913393972
736,oscillating_masses_N_96_i_16,15776,optimal,0.001454951,0.022564447,0.024019398,230.1236386278193
737,oscillating_masses_N_96_i_17,15776,optimal,0.001143048,0.019678743,0.020821791,163.2798155663756
738,oscillating_masses_N_96_i_18,15776,optimal,0.001159575,0.017962025,0.0191216,54.527471867374125
739,oscillating_masses_N_96_i_19,15776,optimal,0.001454,0.026061931,0.027515931,179.60980077807463
740,oscillating_masses_N_116_i_0,19056,optimal,0.00139142,0.023109798,0.024501218,330.5353108902021
741,oscillating_masses_N_116_i_1,19056,optimal,0.001444522,0.022629938,0.02407446,238.59937864198687
742,oscillating_masses_N_116_i_2,19056,optimal,0.00180637,0.029972736,0.031779106,165.2352807343036
743,oscillating_masses_N_116_i_3,19056,optimal,0.001385051,0.024771746,0.026156797,141.00191374531647
744,oscillating_masses_N_116_i_4,19056,optimal,0.001400686,0.023663664,0.02506435,366.7837495033982
745,oscillating_masses_N_116_i_5,19056,optimal,0.001769195,0.031268732,0.033037927,412.6326432435624
746,oscillating_masses_N_116_i_6,19056,optimal,0.001435634,0.022029121,0.023464755,45.20257224200588
747,oscillating_masses_N_116_i_7,19056,optimal,0.001443463,0.0240662,0.025509663,481.0027169439092
748,oscillating_masses_N_116_i_8,19056,optimal,0.00142783,0.027519411,0.028947241,477.2735157589573
749,oscillating_masses_N_116_i_9,19056,optimal,0.00144095,0.023745075,0.025186025,449.7070928324544
750,oscillating_masses_N_116_i_10,19056,optimal,0.001783793,0.02714509,0.028928883,109.74967729721868
751,oscillating_masses_N_116_i_11,19056,optimal,0.001384198,0.024081154,0.025465352,79.57571709794786
752,oscillating_masses_N_116_i_12,19056,optimal,0.001398413,0.024902563,0.026300976,136.60509294172135
753,oscillating_masses_N_116_i_13,19056,optimal,0.001777182,0.029402539,0.0311797209999999,288.2963425957465
754,oscillating_masses_N_116_i_14,19056,optimal,0.001412666,0.0237262,0.025138866,182.9171602108119
755,oscillating_masses_N_116_i_15,19056,optimal,0.001788003,0.031813299,0.033601302,394.8817719228307
756,oscillating_masses_N_116_i_16,19056,optimal,0.001430822,0.022169223,0.023600045,129.95176019226255
757,oscillating_masses_N_116_i_17,19056,optimal,0.00179792,0.032321046,0.034118966,475.149302396069
758,oscillating_masses_N_116_i_18,19056,optimal,0.00141817,0.024691736,0.026109906,231.5079575618435
759,oscillating_masses_N_116_i_19,19056,optimal,0.00144308,0.02608899,0.02753207,497.7423611443061
760,oscillating_masses_N_136_i_0,22336,optimal,0.002202973,0.039208572,0.0414115449999999,363.88706467714377
761,oscillating_masses_N_136_i_1,22336,optimal,0.001668495,0.027711505,0.02938,457.4159087593914
762,oscillating_masses_N_136_i_2,22336,optimal,0.002145993,0.033986381,0.036132374,475.4327686061764
763,oscillating_masses_N_136_i_3,22336,optimal,0.001637483,0.029106292,0.0307437749999999,246.59165076499525
764,oscillating_masses_N_136_i_4,22336,optimal,0.002116984,0.036450519,0.038567503,265.3964884462849
765,oscillating_masses_N_136_i_5,22336,optimal,0.001693759,0.029463751,0.03115751,218.98408617475485
766,oscillating_masses_N_136_i_6,22336,optimal,0.002121136,0.036055593,0.038176729,428.3965820185735
767,oscillating_masses_N_136_i_7,22336,optimal,0.00167993,0.027297404,0.028977334,164.07772919577823
768,oscillating_masses_N_136_i_8,22336,optimal,0.002133986,0.0352948,0.037428786,230.7200337845788
769,oscillating_masses_N_136_i_9,22336,optimal,0.001646314,0.026034355,0.0276806689999999,182.73418112950853
770,oscillating_masses_N_136_i_10,22336,optimal,0.002147414,0.033478508,0.035625922,270.3885334714881
771,oscillating_masses_N_136_i_11,22336,optimal,0.001679689,0.028128324,0.029808013,118.18571311059824
772,oscillating_masses_N_136_i_12,22336,optimal,0.001707737,0.028319881,0.030027618,312.3655837196507
773,oscillating_masses_N_136_i_13,22336,optimal,0.001643521,0.027833722,0.029477243,695.7446587984233
774,oscillating_masses_N_136_i_14,22336,optimal,0.001650543,0.029281529,0.030932072,477.1373539664342
775,oscillating_masses_N_136_i_15,22336,optimal,0.002128904,0.034436203,0.036565107,156.22619743937986
776,oscillating_masses_N_136_i_16,22336,optimal,0.001681384,0.028576403,0.030257787,99.5467800880098
777,oscillating_masses_N_136_i_17,22336,optimal,0.002122763,0.036269316,0.038392079,121.5808173995062
778,oscillating_masses_N_136_i_18,22336,optimal,0.001678144,0.032248047,0.033926191,303.97293270048385
779,oscillating_masses_N_136_i_19,22336,optimal,0.001694353,0.029083222,0.0307775749999999,221.4510467726603
780,oscillating_masses_N_156_i_0,25616,optimal,0.001907968,0.032506218,0.034414186,476.1950021065901
781,oscillating_masses_N_156_i_1,25616,optimal,0.001931634,0.029108851,0.031040485,119.8571150520093
782,oscillating_masses_N_156_i_2,25616,optimal,0.001918579,0.040849321,0.0427679,217.5809574532946
783,oscillating_masses_N_156_i_3,25616,optimal,0.001919707,0.03362576,0.035545467,182.27325235797133
784,oscillating_masses_N_156_i_4,25616,optimal,0.001933573,0.033449668,0.035383241,147.64154192658742
785,oscillating_masses_N_156_i_5,25616,optimal,0.001976141,0.034295257,0.036271398,125.47306392915354
786,oscillating_masses_N_156_i_6,25616,optimal,0.001912792,0.0318982,0.033810992,176.01448394121962
787,oscillating_masses_N_156_i_7,25616,optimal,0.002475204,0.043326814,0.045802018,72.56810078357701
788,oscillating_masses_N_156_i_8,25616,optimal,0.001911223,0.032676988,0.0345882109999999,302.6329782645249
789,oscillating_masses_N_156_i_9,25616,optimal,0.002466317,0.040230306,0.042696623,376.6752928471838
790,oscillating_masses_N_156_i_10,25616,optimal,0.001966854,0.033003374,0.034970228,394.7111037531973
791,oscillating_masses_N_156_i_11,25616,optimal,0.001945861,0.035807138,0.037752999,60.45436857880048
792,oscillating_masses_N_156_i_12,25616,optimal,0.00194247,0.032001295,0.033943765,341.43390453390066
793,oscillating_masses_N_156_i_13,25616,optimal,0.001886487,0.029183941,0.031070428,264.6668386119207
794,oscillating_masses_N_156_i_14,25616,optimal,0.001913755,0.032280087,0.034193842,152.02484367864952
795,oscillating_masses_N_156_i_15,25616,optimal,0.001933028,0.030040284,0.031973312,164.73065602941216
796,oscillating_masses_N_156_i_16,25616,optimal,0.001984004,0.028709529,0.030693533,86.8022649151369
797,oscillating_masses_N_156_i_17,25616,optimal,0.001917844,0.036263976,0.03818182,305.1803880513971
798,oscillating_masses_N_156_i_18,25616,optimal,0.002483222,0.04270768,0.045190902,412.95467007157583
799,oscillating_masses_N_156_i_19,25616,optimal,0.00192606,0.03126847,0.03319453,216.13363306130907
800,portfolio_N_2_i_0,804,optimal,0.000273301,0.001346557,0.001619858,-2.1699869449394504
801,portfolio_N_2_i_1,804,optimal,0.000251923,0.001441999,0.001693922,-1.890018343349612
802,portfolio_N_2_i_2,804,optimal,0.000207365,0.001081735,0.0012890999999999,-1.9782135882919156
803,portfolio_N_2_i_3,804,optimal,0.000202123,0.001299187,0.00150131,-2.444874650430695
804,portfolio_N_2_i_4,804,optimal,0.000204973,0.001237389,0.001442362,-2.031124663896368
805,portfolio_N_2_i_5,804,optimal,0.000204901,0.001194173,0.001399074,-2.1010953094358
806,portfolio_N_2_i_6,804,optimal,0.000201746,0.001710668,0.001912414,-1.98433522621171
807,portfolio_N_2_i_7,804,optimal,0.00020713,0.000929073,0.001136203,-3.4036281642395805
808,portfolio_N_2_i_8,804,optimal,0.000203607,0.001691019,0.001894626,-2.27417031648986
809,portfolio_N_2_i_9,804,optimal,0.000208179,0.001084067,0.001292246,-2.6191759497504767
810,portfolio_N_2_i_10,804,optimal,0.000197706,0.001044065,0.001241771,-2.492713219313655
811,portfolio_N_2_i_11,804,optimal,0.000210274,0.00111849,0.001328764,-1.953198517526621
812,portfolio_N_2_i_12,804,optimal,0.000210257,0.001023384,0.001233641,-2.232937322219067
813,portfolio_N_2_i_13,804,optimal,0.000210732,0.001050363,0.0012610949999999,-2.1666525825399625
814,portfolio_N_2_i_14,804,optimal,0.000202282,0.001223079,0.001425361,-3.029232185329618
815,portfolio_N_2_i_15,804,optimal,0.000208739,0.000941477,0.001150216,-1.714807016096785
816,portfolio_N_2_i_16,804,optimal,0.000210969,0.001215668,0.001426637,-2.142711477478105
817,portfolio_N_2_i_17,804,optimal,0.000204324,0.000985799,0.001190123,-2.879567078082698
818,portfolio_N_2_i_18,804,optimal,0.000202942,0.001167398,0.00137034,-2.0466344757770965
819,portfolio_N_2_i_19,804,optimal,0.00020617,0.000963653,0.001169823,-2.5317351243977764
820,portfolio_N_4_i_0,2008,optimal,0.000270534,0.00257814,0.002848674,-2.7877069078678565
821,portfolio_N_4_i_1,2008,optimal,0.000270617,0.002877917,0.0031485339999999,-1.943525307757491
822,portfolio_N_4_i_2,2008,optimal,0.00027654,0.003794218,0.004070758,-2.496274068692869
823,portfolio_N_4_i_3,2008,optimal,0.000273586,0.003172857,0.003446443,-2.5644397023323537
824,portfolio_N_4_i_4,2008,optimal,0.000267624,0.003410122,0.003677746,-3.121685493112809
825,portfolio_N_4_i_5,2008,optimal,0.000264213,0.00260814,0.002872353,-2.745663370599301
826,portfolio_N_4_i_6,2008,optimal,0.000273814,0.002884118,0.003157932,-2.273244719013867
827,portfolio_N_4_i_7,2008,optimal,0.000261528,0.002976979,0.003238507,-2.307017895503201
828,portfolio_N_4_i_8,2008,optimal,0.000276776,0.002645792,0.002922568,-2.3002902980855797
829,portfolio_N_4_i_9,2008,optimal,0.000275852,0.003483578,0.00375943,-2.228633139008104
830,portfolio_N_4_i_10,2008,optimal,0.000268226,0.003490309,0.003758535,-2.053719395658076
831,portfolio_N_4_i_11,2008,optimal,0.000268708,0.00312555,0.003394258,-2.2287852593255923
832,portfolio_N_4_i_12,2008,optimal,0.000267674,0.002854838,0.003122512,-2.1175495888438096
833,portfolio_N_4_i_13,2008,optimal,0.000275615,0.003302513,0.003578128,-2.234770124576662
834,portfolio_N_4_i_14,2008,optimal,0.000275383,0.003360334,0.003635717,-2.617353615487266
835,portfolio_N_4_i_15,2008,optimal,0.000275878,0.00262357,0.0028994479999999,-2.264277121354286
836,portfolio_N_4_i_16,2008,optimal,0.000268428,0.003849557,0.004117985,-2.0382598443627216
837,portfolio_N_4_i_17,2008,optimal,0.000266514,0.002578243,0.002844757,-3.26365815478892
838,portfolio_N_4_i_18,2008,optimal,0.000269083,0.002714406,0.0029834889999999,-2.464180039814607
839,portfolio_N_4_i_19,2008,optimal,0.000277092,0.00425055,0.0045276419999999,-2.733163470538253
840,portfolio_N_6_i_0,3612,optimal,0.000582302,0.00566511,0.006247412,-2.603797692191354
841,portfolio_N_6_i_1,3612,optimal,0.000575226,0.005799556,0.006374782,-2.719649037845968
842,portfolio_N_6_i_2,3612,optimal,0.000581029,0.004554655,0.005135684,-2.257348643710652
843,portfolio_N_6_i_3,3612,optimal,0.000586441,0.006310404,0.006896845,-2.190874745066726
844,portfolio_N_6_i_4,3612,optimal,0.000592502,0.005233549,0.005826051,-2.5037398893999523
845,portfolio_N_6_i_5,3612,optimal,0.000590596,0.004659035,0.0052496309999999,-2.5619674997133286
846,portfolio_N_6_i_6,3612,optimal,0.000576468,0.005491781,0.006068249,-2.563557336027894
847,portfolio_N_6_i_7,3612,optimal,0.000586856,0.004865353,0.005452209,-2.377709763856114
848,portfolio_N_6_i_8,3612,optimal,0.000590346,0.00574499,0.006335336,-2.588071812263928
849,portfolio_N_6_i_9,3612,optimal,0.000571471,0.005479714,0.006051185,-2.318161848554404
850,portfolio_N_6_i_10,3612,optimal,0.000581323,0.005149318,0.005730641,-2.254670301259731
851,portfolio_N_6_i_11,3612,optimal,0.000590824,0.005110265,0.005701089,-2.724321739833526
852,portfolio_N_6_i_12,3612,optimal,0.00057994,0.005592324,0.006172264,-2.548351590338446
853,portfolio_N_6_i_13,3612,optimal,0.000580483,0.005157838,0.0057383209999999,-2.798156561782351
854,portfolio_N_6_i_14,3612,optimal,0.000570785,0.005554997,0.006125782,-2.058712826492709
855,portfolio_N_6_i_15,3612,optimal,0.000564642,0.005877546,0.006442188,-1.7614562654215895
856,portfolio_N_6_i_16,3612,optimal,0.000571603,0.005918428,0.006490031,-2.352458519518286
857,portfolio_N_6_i_17,3612,optimal,0.000575335,0.004966227,0.005541562,-2.1860015990339554
858,portfolio_N_6_i_18,3612,optimal,0.000568594,0.007608131,0.008176725,-2.8196149382901274
859,portfolio_N_6_i_19,3612,optimal,0.000577566,0.004690162,0.005267728,-2.6681445731292297
860,portfolio_N_8_i_0,5616,optimal,0.001138036,0.008065212,0.009203248,-2.249223841431897
861,portfolio_N_8_i_1,5616,optimal,0.001170046,0.008502937,0.009672983,-2.531217888505294
862,portfolio_N_8_i_2,5616,optimal,0.001156114,0.008710591,0.009866705,-2.4345111189846955
863,portfolio_N_8_i_3,5616,optimal,0.00116492,0.008083313,0.009248233,-1.892287186269144
864,portfolio_N_8_i_4,5616,optimal,0.001140696,0.008993164,0.01013386,-2.369120669186862
865,portfolio_N_8_i_5,5616,optimal,0.001132236,0.008095496,0.009227732,-2.287580937885485
866,portfolio_N_8_i_6,5616,optimal,0.001153884,0.009261516,0.0104153999999999,-2.3519587556645654
867,portfolio_N_8_i_7,5616,optimal,0.00114051,0.007604677,0.008745187,-2.4501911190156824
868,portfolio_N_8_i_8,5616,optimal,0.001129599,0.009138674,0.010268273,-2.487424475738252
869,portfolio_N_8_i_9,5616,optimal,0.001167223,0.009101973,0.010269196,-2.4385217570014834
870,portfolio_N_8_i_10,5616,optimal,0.001168463,0.009217138,0.010385601,-2.3401129471725985
871,portfolio_N_8_i_11,5616,optimal,0.001165071,0.009798936,0.010964007,-1.9874765634204912
872,portfolio_N_8_i_12,5616,optimal,0.001169015,0.008076697,0.009245712,-2.656849982918491
873,portfolio_N_8_i_13,5616,optimal,0.001163104,0.009674366,0.01083747,-2.5872559633718684
874,portfolio_N_8_i_14,5616,optimal,0.001160747,0.009179171,0.010339918,-2.523836220832028
875,portfolio_N_8_i_15,5616,optimal,0.001165494,0.009898891,0.011064385,-2.386650478267059
876,portfolio_N_8_i_16,5616,optimal,0.001144464,0.008756584,0.0099010479999999,-2.5110266151968386
877,portfolio_N_8_i_17,5616,optimal,0.001133339,0.007955565,0.009088904,-2.337221593117594
878,portfolio_N_8_i_18,5616,optimal,0.001129724,0.00750383,0.008633554,-2.4316580699901964
879,portfolio_N_8_i_19,5616,optimal,0.001132205,0.008416007,0.009548212,-2.467285973721883
880,portfolio_N_10_i_0,8020,optimal,0.002073344,0.01411491,0.016188254,-2.6755716652951183
881,portfolio_N_10_i_1,8020,optimal,0.00205859,0.016537995,0.018596585,-2.55115803931257
882,portfolio_N_10_i_2,8020,optimal,0.002093594,0.013346289,0.015439883,-2.4095437317292263
883,portfolio_N_10_i_3,8020,optimal,0.002044719,0.0110666,0.013111319,-2.7903884555913807
884,portfolio_N_10_i_4,8020,optimal,0.002077266,0.011832548,0.013909814,-2.3625528584801923
885,portfolio_N_10_i_5,8020,optimal,0.002058834,0.013467893,0.015526727,-2.290938687030584
886,portfolio_N_10_i_6,8020,optimal,0.00208385,0.012619233,0.014703083,-2.916033992519701
887,portfolio_N_10_i_7,8020,optimal,0.002081307,0.011785211,0.013866518,-2.402593591691084
888,portfolio_N_10_i_8,8020,optimal,0.002060096,0.011883261,0.013943357,-2.476334498389848
889,portfolio_N_10_i_9,8020,optimal,0.002071223,0.011036003,0.013107226,-2.2560965707802865
890,portfolio_N_10_i_10,8020,optimal,0.002068498,0.013690877,0.015759375,-2.402074480293821
891,portfolio_N_10_i_11,8020,optimal,0.002062994,0.013307489,0.015370483,-2.6345797997918154
892,portfolio_N_10_i_12,8020,optimal,0.002091533,0.013096392,0.015187925,-2.400522055334009
893,portfolio_N_10_i_13,8020,optimal,0.002065151,0.009500817,0.011565968,-3.0481276948876936
894,portfolio_N_10_i_14,8020,optimal,0.00206532,0.013610892,0.015676212,-2.3905532188423364
895,portfolio_N_10_i_15,8020,optimal,0.002104504,0.011865515,0.013970019,-2.5530404273172844
896,portfolio_N_10_i_16,8020,optimal,0.002103605,0.014177972,0.016281577,-2.287022544071036
897,portfolio_N_10_i_17,8020,optimal,0.002642321,0.016272762,0.018915083,-2.187074140454208
898,portfolio_N_10_i_18,8020,optimal,0.002083045,0.01339508,0.015478125,-2.500241183925394
899,portfolio_N_10_i_19,8020,optimal,0.002076229,0.011592848,0.013669077,-2.3455575988708204
900,portfolio_N_15_i_0,15780,optimal,0.001156549,0.033260831,0.03441738,-2.5204668778714483
901,portfolio_N_15_i_1,15780,optimal,0.000920133,0.026498833,0.027418966,-2.3103738337791646
902,portfolio_N_15_i_2,15780,optimal,0.000920209,0.024189872,0.025110081,-2.4057301369236104
903,portfolio_N_15_i_3,15780,optimal,0.000927147,0.033490796,0.034417943,-2.393641780209071
904,portfolio_N_15_i_4,15780,optimal,0.000935376,0.026821973,0.027757349,-2.3524560309376863
905,portfolio_N_15_i_5,15780,optimal,0.000925831,0.022624171,0.0235500019999999,-2.5258169225044207
906,portfolio_N_15_i_6,15780,optimal,0.001189476,0.028004606,0.029194082,-2.586712254190676
907,portfolio_N_15_i_7,15780,optimal,0.001161843,0.029161172,0.030323015,-2.6274060639726597
908,portfolio_N_15_i_8,15780,optimal,0.000919931,0.026203731,0.027123662,-2.5640217572426787
909,portfolio_N_15_i_9,15780,optimal,0.000921272,0.023724215,0.024645487,-2.469428963343053
910,portfolio_N_15_i_10,15780,optimal,0.000917247,0.023736382,0.024653629,-2.6002054612031738
911,portfolio_N_15_i_11,15780,optimal,0.000928936,0.02463781,0.025566746,-2.6271833390501564
912,portfolio_N_15_i_12,15780,optimal,0.000941446,0.031352718,0.032294164,-2.595032257298404
913,portfolio_N_15_i_13,15780,optimal,0.001161453,0.029874907,0.03103636,-2.4400785074818683
914,portfolio_N_15_i_14,15780,optimal,0.000918673,0.023697601,0.0246162739999999,-2.5617844948627218
915,portfolio_N_15_i_15,15780,optimal,0.00092039,0.024125137,0.025045527,-2.7602734019164004
916,portfolio_N_15_i_16,15780,optimal,0.000933276,0.023236882,0.024170158,-2.373470972329537
917,portfolio_N_15_i_17,15780,optimal,0.000933883,0.024343322,0.025277205,-2.618452039255505
918,portfolio_N_15_i_18,15780,optimal,0.00115998,0.03288216,0.03404214,-2.477299828425026
919,portfolio_N_15_i_19,15780,optimal,0.000928669,0.026116405,0.027045074,-2.6475197237760213
920,portfolio_N_20_i_0,26040,optimal,0.001352746,0.035971761,0.037324507,-2.4395192593411514
921,portfolio_N_20_i_1,26040,optimal,0.001353682,0.046028667,0.047382349,-2.5034123526965195
922,portfolio_N_20_i_2,26040,optimal,0.001359479,0.049601602,0.050961081,-2.4430004254744926
923,portfolio_N_20_i_3,26040,optimal,0.001697018,0.047013545,0.048710563,-2.7079385619787346
924,portfolio_N_20_i_4,26040,optimal,0.001359159,0.055434096,0.056793255,-2.447154005921656
925,portfolio_N_20_i_5,26040,optimal,0.001360216,0.03373516,0.035095376,-2.74085620825038
926,portfolio_N_20_i_6,26040,optimal,0.001704268,0.056173632,0.0578779,-2.525508866463838
927,portfolio_N_20_i_7,26040,optimal,0.00135723,0.041268765,0.042625995,-2.4905025103145944
928,portfolio_N_20_i_8,26040,optimal,0.001356219,0.042134067,0.0434902859999999,-2.630522631480434
929,portfolio_N_20_i_9,26040,optimal,0.001363093,0.044613546,0.045976639,-2.544147077860156
930,portfolio_N_20_i_10,26040,optimal,0.001358095,0.040650083,0.0420081779999999,-2.4221021129662788
931,portfolio_N_20_i_11,26040,optimal,0.001364046,0.03771062,0.039074666,-2.5300919997281466
932,portfolio_N_20_i_12,26040,optimal,0.001348582,0.043440637,0.044789219,-2.563992359149337
933,portfolio_N_20_i_13,26040,optimal,0.001683846,0.060733,0.062416846,-2.352922902894679
934,portfolio_N_20_i_14,26040,optimal,0.001357285,0.041083737,0.042441022,-2.704865016407993
935,portfolio_N_20_i_15,26040,optimal,0.001369802,0.041419569,0.042789371,-2.504480161451775
936,portfolio_N_20_i_16,26040,optimal,0.001369332,0.039209115,0.040578447,-2.3672951695317783
937,portfolio_N_20_i_17,26040,optimal,0.001687429,0.052361069,0.054048498,-2.5449403142758382
938,portfolio_N_20_i_18,26040,optimal,0.00135659,0.045377563,0.046734153,-2.561846409668221
939,portfolio_N_20_i_19,26040,optimal,0.001378735,0.042846675,0.04422541,-2.4669768645406376
940,portfolio_N_25_i_0,38800,optimal,0.002466253,0.077913503,0.080379756,-2.5348779563856763
941,portfolio_N_25_i_1,38800,optimal,0.001927558,0.064925318,0.0668528759999999,-2.5752079957818053
942,portfolio_N_25_i_2,38800,optimal,0.001953562,0.051040697,0.052994259,-2.5208613239123463
943,portfolio_N_25_i_3,38800,optimal,0.00191866,0.063193235,0.065111895,-2.724232901599197
944,portfolio_N_25_i_4,38800,optimal,0.001961186,0.052464134,0.05442532,-2.484336319911724
945,portfolio_N_25_i_5,38800,optimal,0.002463234,0.065862452,0.068325686,-2.585348586532858
946,portfolio_N_25_i_6,38800,optimal,0.001952843,0.060135356,0.062088199,-2.498448288673419
947,portfolio_N_25_i_7,38800,optimal,0.001955907,0.0563239,0.058279807,-2.476281390900436
948,portfolio_N_25_i_8,38800,optimal,0.002078766,0.055156236,0.057235002,-2.5249790116235724
949,portfolio_N_25_i_9,38800,optimal,0.001960913,0.057331454,0.059292367,-2.665439029255208
950,portfolio_N_25_i_10,38800,optimal,0.001964132,0.05959384,0.061557972,-2.627270525748224
951,portfolio_N_25_i_11,38800,optimal,0.001942761,0.065612726,0.067555487,-2.562880893429508
952,portfolio_N_25_i_12,38800,optimal,0.001957786,0.054732594,0.05669038,-2.6377493838357937
953,portfolio_N_25_i_13,38800,optimal,0.001935896,0.062025381,0.063961277,-2.445884392732177
954,portfolio_N_25_i_14,38800,optimal,0.001956288,0.052964078,0.054920366,-2.6777861952503708
955,portfolio_N_25_i_15,38800,optimal,0.001972173,0.05300259,0.054974763,-2.506130986916016
956,portfolio_N_25_i_16,38800,optimal,0.00194535,0.084993591,0.0869389409999999,-2.321251494596874
957,portfolio_N_25_i_17,38800,optimal,0.001960102,0.052009752,0.053969854,-2.4851371163435827
958,portfolio_N_25_i_18,38800,optimal,0.001943469,0.056430996,0.058374465,-2.4688808839217025
959,portfolio_N_25_i_19,38800,optimal,0.001963451,0.057999813,0.0599632639999999,-2.6237069208119586
960,portfolio_N_30_i_0,54060,optimal,0.002533996,0.067571994,0.0701059899999999,-2.566313200061426
961,portfolio_N_30_i_1,54060,optimal,0.002548673,0.074964211,0.077512884,-2.4230891479909333
962,portfolio_N_30_i_2,54060,optimal,0.002533246,0.078370313,0.080903559,-2.4598286095858737
963,portfolio_N_30_i_3,54060,optimal,0.002520773,0.090875408,0.093396181,-2.80542008972907
964,portfolio_N_30_i_4,54060,optimal,0.002550829,0.071260052,0.073810881,-2.7256749252165
965,portfolio_N_30_i_5,54060,optimal,0.002532495,0.071755393,0.074287888,-2.5763328706838577
966,portfolio_N_30_i_6,54060,optimal,0.002539912,0.075690896,0.078230808,-2.453825563839961
967,portfolio_N_30_i_7,54060,optimal,0.002545832,0.067900343,0.070446175,-2.495511970804441
968,portfolio_N_30_i_8,54060,optimal,0.002522663,0.065012234,0.067534897,-2.533177841932906
969,portfolio_N_30_i_9,54060,optimal,0.002540425,0.077766765,0.08030719,-2.36649088653439
970,portfolio_N_30_i_10,54060,optimal,0.002524754,0.067690298,0.070215052,-2.3827877894973044
971,portfolio_N_30_i_11,54060,optimal,0.00254234,0.071398491,0.073940831,-2.526826809423703
972,portfolio_N_30_i_12,54060,optimal,0.00253374,0.076689112,0.079222852,-2.5831788235430944
973,portfolio_N_30_i_13,54060,optimal,0.002546455,0.087986713,0.090533168,-2.609450567841363
974,portfolio_N_30_i_14,54060,optimal,0.002512418,0.084533842,0.08704626,-2.611016354539524
975,portfolio_N_30_i_15,54060,optimal,0.003217053,0.09253827,0.095755323,-2.5360193332371352
976,portfolio_N_30_i_16,54060,optimal,0.002546141,0.068711402,0.071257543,-2.616134128780062
977,portfolio_N_30_i_17,54060,optimal,0.003272707,0.082832046,0.086104753,-2.5112058845343705
978,portfolio_N_30_i_18,54060,optimal,0.002542669,0.077881646,0.080424315,-2.3920217967849915
979,portfolio_N_30_i_19,54060,optimal,0.003172566,0.092317503,0.095490069,-2.516936598232048
980,portfolio_N_35_i_0,71820,optimal,0.003357311,0.092912649,0.09626996,-2.597291687774015
981,portfolio_N_35_i_1,71820,optimal,0.003358973,0.098268604,0.101627577,-2.4852898276894506
982,portfolio_N_35_i_2,71820,optimal,0.003349061,0.096061858,0.099410919,-2.419701211871285
983,portfolio_N_35_i_3,71820,optimal,0.004012759,0.126467906,0.130480665,-2.740370968966636
984,portfolio_N_35_i_4,71820,optimal,0.003352423,0.102478248,0.1058306709999999,-2.6135064786706783
985,portfolio_N_35_i_5,71820,optimal,0.003360673,0.099520239,0.1028809119999999,-2.6043490478395954
986,portfolio_N_35_i_6,71820,optimal,0.004316967,0.118158172,0.122475139,-2.592395053559111
987,portfolio_N_35_i_7,71820,optimal,0.003365028,0.089498762,0.09286379,-2.504751115173492
988,portfolio_N_35_i_8,71820,optimal,0.003378225,0.106308122,0.109686347,-2.726596390372042
989,portfolio_N_35_i_9,71820,optimal,0.003346205,0.091937028,0.095283233,-2.706378535162982
990,portfolio_N_35_i_10,71820,optimal,0.00433809,0.115953811,0.120291901,-2.677471660740863
991,portfolio_N_35_i_11,71820,optimal,0.003355129,0.108707485,0.112062614,-2.496224031959872
992,portfolio_N_35_i_12,71820,optimal,0.003356262,0.099549451,0.102905713,-2.427336430144589
993,portfolio_N_35_i_13,71820,optimal,0.003371146,0.109108773,0.112479919,-2.7215638059825005
994,portfolio_N_35_i_14,71820,optimal,0.003367077,0.102153405,0.105520482,-2.7839062152844867
995,portfolio_N_35_i_15,71820,optimal,0.004324681,0.128220721,0.132545402,-2.5040019064243952
996,portfolio_N_35_i_16,71820,optimal,0.003354005,0.097610599,0.100964604,-2.498542297192168
997,portfolio_N_35_i_17,71820,optimal,0.003354823,0.094102678,0.097457501,-2.4990873244316543
998,portfolio_N_35_i_18,71820,optimal,0.003362115,0.108018413,0.1113805279999999,-2.709628925519702
999,portfolio_N_35_i_19,71820,optimal,0.003340976,0.091065116,0.094406092,-2.57983697099948
