tau,qoco,clarabel,ecos,gurobi,mosek
1.0,0.7,0.05,0.0,0.25,0.0
1.0071707465014959,0.7,0.05,0.0,0.25,0.0
1.0143929126083806,0.7,0.05,0.0,0.25,0.0
1.0216668670376094,0.7,0.05,0.0,0.25,0.0
1.0289929811501137,0.7,0.05,0.0,0.25,0.0
1.0363716289697598,0.7,0.05,0.0,0.25,0.0
1.0438031872024442,0.7,0.05,0.0,0.25,0.0
1.0512880352553264,0.7,0.05,0.0,0.25,0.0
1.0588265552561982,0.7,0.05,0.0,0.25,0.0
1.0664191320729925,0.725,0.05,0.0,0.25,0.025
1.0740661533334332,0.725,0.075,0.0,0.25,0.025
1.081768009444824,0.725,0.1,0.0,0.275,0.025
1.0895250936139809,0.725,0.1,0.0,0.275,0.025
1.0973378018673052,0.725,0.125,0.0,0.275,0.025
1.1052065330710046,0.725,0.125,0.0,0.275,0.025
1.1131316889514538,0.725,0.125,0.0,0.275,0.025
1.1211136741157068,0.725,0.125,0.0,0.275,0.025
1.1291528960721513,0.75,0.125,0.0,0.275,0.025
1.1372497652513145,0.75,0.125,0.0,0.3,0.025
1.1454046950268175,0.75,0.125,0.0,0.3,0.025
1.1536181017364782,0.75,0.125,0.0,0.3,0.025
1.1618904047035674,0.75,0.125,0.0,0.3,0.025
1.170222026258217,0.75,0.125,0.0,0.3,0.025
1.1786133917589816,0.75,0.125,0.0,0.3,0.025
1.1870649296145537,0.75,0.15,0.0,0.3,0.025
1.1955770713056357,0.75,0.15,0.0,0.3,0.025
1.2041502514069693,0.75,0.15,0.0,0.3,0.025
1.2127849076095214,0.75,0.15,0.0,0.3,0.025
1.2214814807428294,0.75,0.15,0.0,0.3,0.025
1.2302404147975081,0.75,0.15,0.0,0.3,0.025
1.2390621569479163,0.75,0.175,0.0,0.3,0.025
1.2479471575749865,0.75,0.2,0.0,0.3,0.025
1.2568958702892192,0.75,0.2,0.0,0.3,0.025
1.2659087519538403,0.75,0.2,0.0,0.3,0.05
1.2749862627081263,0.75,0.225,0.0,0.3,0.05
1.284128865990896,0.75,0.225,0.0,0.3,0.05
1.29333702856417,0.75,0.225,0.0,0.3,0.05
1.3026112205370017,0.775,0.225,0.0,0.3,0.05
1.3119519153894768,0.775,0.275,0.0,0.3,0.05
1.3213595899968869,0.775,0.275,0.0,0.3,0.075
1.330834724654075,0.775,0.275,0.0,0.3,0.075
1.3403778030999576,0.775,0.3,0.0,0.3,0.075
1.3499893125422195,0.775,0.3,0.0,0.3,0.075
1.3596697436821885,0.775,0.325,0.0,0.3,0.075
1.3694195907398874,0.775,0.325,0.0,0.3,0.075
1.3792393514792654,0.775,0.325,0.0,0.3,0.1
1.3891295272336108,0.775,0.35,0.0,0.3,0.1
1.399090622931146,0.775,0.4,0.0,0.3,0.1
1.4091231471208052,0.775,0.475,0.0,0.3,0.1
1.4192276119981988,0.775,0.5,0.0,0.325,0.1
1.4294045334317613,0.775,0.525,0.0,0.325,0.1
1.4396544309890895,0.775,0.525,0.0,0.325,0.1
1.4499778279634676,0.775,0.55,0.0,0.325,0.1
1.4603752514005832,0.775,0.575,0.025,0.325,0.1
1.4708472321254353,0.775,0.575,0.025,0.325,0.1
1.4813943047694338,0.775,0.575,0.025,0.325,0.1
1.492017007797695,0.775,0.575,0.025,0.325,0.1
1.5027158835365328,0.775,0.575,0.025,0.325,0.1
1.5134914782011448,0.775,0.575,0.025,0.325,0.1
1.5243443419234997,0.775,0.6,0.025,0.325,0.1
1.5352750287804227,0.775,0.6,0.025,0.325,0.1
1.5462840968218838,0.775,0.625,0.025,0.325,0.1
1.5573721080994882,0.775,0.675,0.025,0.325,0.1
1.56853962869517,0.775,0.675,0.025,0.325,0.1
1.5797872287500936,0.775,0.675,0.025,0.325,0.1
1.5911154824937612,0.775,0.675,0.025,0.325,0.1
1.6025249682733294,0.775,0.7,0.025,0.325,0.1
1.6140162685831354,0.775,0.7,0.025,0.325,0.1
1.6255899700944354,0.775,0.7,0.025,0.325,0.1
1.6372466636853569,0.775,0.7,0.025,0.325,0.1
1.6489869444710645,0.775,0.7,0.025,0.325,0.1
1.6608114118341428,0.775,0.7,0.025,0.325,0.1
1.672720669455197,0.775,0.7,0.025,0.325,0.1
1.6847153253436729,0.775,0.7,0.025,0.325,0.1
1.6967959918688975,0.775,0.7,0.025,0.325,0.1
1.7089632857913437,0.775,0.7,0.025,0.325,0.1
1.721217828294117,0.775,0.7,0.025,0.325,0.1
1.7335602450146694,0.775,0.7,0.025,0.325,0.1
1.7459911660767409,0.775,0.7,0.025,0.325,0.125
1.7585112261225284,0.775,0.7,0.025,0.325,0.15
1.7711210643450879,0.775,0.7,0.025,0.325,0.15
1.7838213245209662,0.775,0.7,0.025,0.325,0.15
1.7966126550430688,0.775,0.7,0.025,0.325,0.15
1.8094957089537622,0.775,0.7,0.025,0.325,0.15
1.8224711439782144,0.775,0.7,0.025,0.325,0.15
1.8355396225579732,0.775,0.7,0.025,0.325,0.15
1.8487018118847882,0.775,0.7,0.025,0.325,0.15
1.86195838393467,0.775,0.7,0.025,0.325,0.15
1.8753100155022009,0.775,0.7,0.025,0.325,0.15
1.8887573882350834,0.775,0.7,0.025,0.325,0.15
1.9023011886689445,0.775,0.7,0.025,0.325,0.15
1.915942108262384,0.775,0.7,0.025,0.325,0.15
1.9296808434322752,0.775,0.7,0.025,0.35,0.15
1.943518095589321,0.775,0.7,0.05,0.35,0.15
1.957454571173862,0.775,0.7,0.05,0.375,0.15
1.9714909816919444,0.775,0.7,0.05,0.375,0.175
1.9856280437516425,0.775,0.7,0.05,0.375,0.175
1.999866479099647,0.775,0.7,0.05,0.375,0.175
2.0142070146581097,0.775,0.7,0.05,0.375,0.175
2.028650382561758,0.775,0.7,0.05,0.375,0.175
2.043197320195271,0.775,0.7,0.05,0.375,0.175
2.0578485702309273,0.775,0.7,0.05,0.375,0.175
2.072604880666519,0.775,0.7,0.05,0.375,0.175
2.0874670048635418,0.775,0.7,0.05,0.375,0.175
2.102435701585655,0.775,0.7,0.05,0.375,0.175
2.1175117350374206,0.775,0.7,0.05,0.375,0.175
2.132695874903317,0.775,0.7,0.05,0.375,0.175
2.1479888963870346,0.775,0.7,0.05,0.375,0.175
2.163391580251054,0.775,0.7,0.05,0.375,0.175
2.178904712856505,0.775,0.7,0.05,0.375,0.175
2.194529086203314,0.775,0.7,0.05,0.375,0.175
2.2102654979706373,0.775,0.7,0.05,0.375,0.175
2.2261147515575876,0.775,0.7,0.05,0.375,0.175
2.2420776561242475,0.775,0.7,0.05,0.375,0.175
2.258155026632983,0.775,0.7,0.05,0.375,0.175
2.2743476838900465,0.775,0.7,0.05,0.375,0.175
2.290656454587486,0.775,0.7,0.1,0.375,0.175
2.307082171345349,0.775,0.7,0.1,0.375,0.175
2.323625672754187,0.775,0.7,0.1,0.375,0.175
2.3402878034178753,0.775,0.7,0.1,0.375,0.175
2.3570694139967276,0.775,0.7,0.1,0.375,0.175
2.373971361250928,0.775,0.7,0.1,0.375,0.175
2.3909945080842694,0.775,0.7,0.125,0.375,0.175
2.4081397235882105,0.775,0.7,0.15,0.375,0.175
2.425407883086244,0.775,0.725,0.15,0.375,0.175
2.4427998681785854,0.8,0.725,0.15,0.375,0.175
2.460316566787182,0.8,0.725,0.15,0.375,0.175
2.4779588732010436,0.8,0.725,0.15,0.375,0.175
2.4957276881219004,0.8,0.725,0.175,0.375,0.175
2.513623918710187,0.8,0.725,0.175,0.375,0.175
2.5316484786313547,0.8,0.725,0.175,0.375,0.175
2.549802288102518,0.8,0.725,0.175,0.375,0.175
2.5680862739394357,0.825,0.725,0.175,0.375,0.175
2.5865013696038264,0.825,0.725,0.175,0.375,0.175
2.6050485152510277,0.825,0.725,0.175,0.375,0.175
2.623728657777991,0.825,0.725,0.175,0.375,0.175
2.6425427508716273,0.825,0.725,0.175,0.375,0.175
2.6614917550574932,0.825,0.725,0.175,0.375,0.175
2.6805766377488323,0.825,0.725,0.175,0.375,0.175
2.699798373295961,0.85,0.725,0.175,0.375,0.175
2.7191579430360178,0.85,0.725,0.175,0.375,0.175
2.738656335343058,0.85,0.75,0.2,0.375,0.175
2.7582945456785186,0.85,0.75,0.225,0.375,0.175
2.7780735766420386,0.85,0.75,0.225,0.375,0.175
2.7979944380226427,0.85,0.775,0.225,0.375,0.175
2.8180581468502988,0.85,0.8,0.225,0.375,0.175
2.8382657274478373,0.85,0.8,0.225,0.375,0.175
2.85861821148325,0.85,0.8,0.225,0.4,0.175
2.879116638022356,0.85,0.8,0.225,0.4,0.175
2.8997620535818536,0.85,0.8,0.225,0.4,0.175
2.9205555121827462,0.85,0.8,0.25,0.425,0.175
2.9414980754041555,0.85,0.8,0.25,0.425,0.175
2.962590812437517,0.85,0.8,0.25,0.425,0.175
2.9838348001411674,0.85,0.8,0.25,0.45,0.175
3.0052311230953213,0.85,0.8,0.25,0.45,0.175
3.0267808736574433,0.85,0.8,0.25,0.45,0.175
3.0484851520180176,0.85,0.8,0.25,0.45,0.175
3.0703450662567127,0.85,0.8,0.25,0.475,0.175
3.0923617323989587,0.85,0.8,0.25,0.475,0.2
3.1145362744729184,0.85,0.8,0.25,0.475,0.2
3.1368698245668774,0.85,0.8,0.25,0.475,0.2
3.159363522887038,0.85,0.825,0.25,0.475,0.2
3.182018517815734,0.85,0.825,0.25,0.475,0.225
3.204835965970057,0.85,0.825,0.25,0.475,0.225
3.227817032260905,0.85,0.825,0.25,0.475,0.225
3.250962889952459,0.85,0.825,0.275,0.475,0.225
3.274274720722078,0.85,0.825,0.275,0.475,0.225
3.297753714720633,0.85,0.825,0.275,0.475,0.225
3.3214010706332613,0.85,0.825,0.275,0.475,0.25
3.345217995740569,0.85,0.825,0.275,0.475,0.25
3.369205705980267,0.85,0.825,0.275,0.5,0.25
3.3933654260092454,0.85,0.825,0.275,0.5,0.25
3.4176983892660986,0.85,0.825,0.275,0.5,0.275
3.4422058380340963,0.85,0.825,0.275,0.525,0.275
3.4668890235046086,0.85,0.825,0.275,0.525,0.275
3.491749205840979,0.85,0.825,0.275,0.525,0.275
3.5167876542428647,0.85,0.825,0.275,0.525,0.275
3.54200564701103,0.85,0.825,0.3,0.525,0.275
3.567404471612613,0.85,0.825,0.3,0.525,0.275
3.5929854247468507,0.85,0.825,0.325,0.525,0.3
3.6187498124112794,0.85,0.825,0.35,0.525,0.3
3.644698949968417,0.85,0.825,0.35,0.525,0.3
3.670834162212909,0.85,0.825,0.425,0.525,0.3
3.697156783439169,0.85,0.825,0.45,0.525,0.3
3.723668157509497,0.85,0.825,0.45,0.525,0.3
3.7503696379226903,0.85,0.825,0.45,0.55,0.3
3.777262587883141,0.85,0.825,0.45,0.55,0.3
3.804348380370436,0.85,0.825,0.475,0.55,0.3
3.8316283982094483,0.85,0.825,0.475,0.55,0.3
3.8591040341409415,0.85,0.825,0.475,0.55,0.3
3.8867766908926664,0.85,0.825,0.475,0.55,0.325
3.9146477812509812,0.85,0.825,0.475,0.55,0.325
3.942718728132975,0.85,0.825,0.475,0.55,0.35
3.970990964659117,0.85,0.85,0.5,0.55,0.35
3.9994659342264187,0.85,0.85,0.5,0.55,0.375
4.028145090582124,0.85,0.85,0.525,0.55,0.375
4.057029897897935,0.85,0.85,0.525,0.575,0.375
4.086121830844751,0.85,0.85,0.525,0.575,0.375
4.1154223746679675,0.85,0.85,0.525,0.575,0.375
4.1449330252632945,0.85,0.85,0.525,0.575,0.4
4.174655289253137,0.85,0.85,0.55,0.575,0.4
4.204590684063501,0.85,0.85,0.575,0.575,0.4
4.234740738001472,0.85,0.85,0.575,0.6,0.4
4.265106990333237,0.85,0.85,0.575,0.6,0.4
4.295690991362675,0.85,0.85,0.575,0.6,0.4
4.326494302510497,0.85,0.85,0.6,0.625,0.4
4.357518496393966,0.85,0.85,0.625,0.625,0.4
4.388765156907187,0.85,0.85,0.625,0.625,0.4
4.420235879301966,0.85,0.85,0.625,0.625,0.425
4.451932270269258,0.85,0.85,0.625,0.625,0.425
4.483855948021187,0.85,0.85,0.625,0.625,0.425
4.516008542373672,0.85,0.85,0.625,0.625,0.425
4.548391694829625,0.85,0.85,0.625,0.625,0.425
4.581007058662757,0.85,0.85,0.625,0.625,0.425
4.6138562990019905,0.85,0.85,0.625,0.625,0.425
4.646941092916465,0.85,0.85,0.625,0.625,0.425
4.680263129501153,0.85,0.85,0.625,0.625,0.425
4.713824109963104,0.85,0.85,0.625,0.65,0.425
4.747625747708288,0.85,0.85,0.625,0.65,0.475
4.78166976842908,0.85,0.85,0.625,0.65,0.475
4.815957910192352,0.85,0.85,0.625,0.65,0.475
4.850491923528215,0.85,0.85,0.625,0.65,0.475
4.885273571519389,0.85,0.85,0.625,0.65,0.475
4.920304629891213,0.85,0.85,0.625,0.65,0.475
4.955586887102299,0.85,0.85,0.625,0.65,0.475
4.991122144435846,0.85,0.85,0.625,0.65,0.475
5.026912216091599,0.85,0.85,0.625,0.65,0.475
5.062958929278466,0.85,0.85,0.65,0.65,0.475
5.099264124307807,0.85,0.85,0.65,0.65,0.475
5.13582965468739,0.85,0.85,0.65,0.65,0.475
5.172657387216019,0.85,0.85,0.65,0.675,0.475
5.209749202078836,0.85,0.85,0.65,0.675,0.475
5.247106992943313,0.85,0.85,0.65,0.675,0.475
5.284732667055936,0.85,0.85,0.675,0.7,0.475
5.32262814533957,0.85,0.85,0.675,0.7,0.475
5.360795362491527,0.85,0.85,0.675,0.7,0.475
5.3992362670823475,0.85,0.85,0.675,0.7,0.475
5.437952821655279,0.85,0.85,0.7,0.7,0.5
5.4769470028264635,0.85,0.85,0.7,0.725,0.5
5.5162208013858605,0.85,0.85,0.7,0.725,0.525
5.555776222398876,0.85,0.85,0.7,0.725,0.525
5.595615285308738,0.85,0.85,0.7,0.725,0.525
5.635740024039583,0.85,0.85,0.7,0.725,0.55
5.676152487100306,0.85,0.85,0.7,0.725,0.6
5.716854737689137,0.85,0.85,0.7,0.725,0.6
5.757848853798982,0.85,0.85,0.7,0.725,0.6
5.799136928323503,0.85,0.85,0.7,0.725,0.625
5.840721069163974,0.85,0.85,0.7,0.725,0.625
5.882603399336896,0.85,0.85,0.7,0.775,0.625
5.924786057082379,0.85,0.85,0.7,0.775,0.625
5.967271195973315,0.85,0.85,0.7,0.775,0.625
6.010060985025317,0.875,0.85,0.7,0.775,0.625
6.053157608807465,0.875,0.85,0.7,0.775,0.625
6.096563267553825,0.875,0.85,0.7,0.775,0.625
6.140280177275786,0.875,0.85,0.7,0.775,0.625
6.18431056987519,0.875,0.85,0.7,0.775,0.625
6.228656693258287,0.875,0.85,0.7,0.8,0.625
6.273320811450488,0.875,0.85,0.725,0.8,0.65
6.318305204711957,0.875,0.85,0.725,0.8,0.65
6.363612169654029,0.875,0.85,0.725,0.8,0.65
6.4092440193564535,0.875,0.85,0.725,0.8,0.65
6.455203083485488,0.875,0.85,0.725,0.8,0.65
6.5014917084128365,0.875,0.85,0.725,0.8,0.675
6.548112257335442,0.875,0.85,0.725,0.8,0.675
6.595067110396134,0.875,0.85,0.725,0.8,0.675
6.642358664805138,0.875,0.85,0.725,0.825,0.675
6.68998933496247,0.875,0.85,0.725,0.825,0.675
6.737961552581197,0.875,0.85,0.725,0.825,0.7
6.786277766811583,0.875,0.85,0.725,0.825,0.725
6.834940444366126,0.875,0.85,0.75,0.85,0.75
6.883952069645498,0.875,0.875,0.75,0.85,0.775
6.933315144865374,0.875,0.875,0.75,0.85,0.775
6.983032190184187,0.875,0.875,0.75,0.85,0.775
7.033105743831783,0.875,0.875,0.75,0.85,0.8
7.083538362239016,0.875,0.875,0.75,0.85,0.8
7.134332620168254,0.875,0.875,0.75,0.85,0.8
7.1854911108448345,0.875,0.875,0.75,0.875,0.8
7.237016446089454,0.875,0.875,0.75,0.875,0.8
7.288911256451518,0.875,0.875,0.75,0.875,0.8
7.341178191343433,0.875,0.875,0.75,0.875,0.8
7.393819919175868,0.875,0.875,0.75,0.875,0.8
7.446839127493988,0.875,0.875,0.75,0.875,0.8
7.500238523114668,0.875,0.875,0.75,0.9,0.8
7.554020832264679,0.875,0.875,0.75,0.9,0.8
7.608188800719867,0.875,0.875,0.75,0.9,0.8
7.66274519394535,0.875,0.875,0.75,0.9,0.8
7.717692797236689,0.875,0.875,0.75,0.9,0.8
7.773034415862094,0.875,0.875,0.75,0.9,0.8
7.828772875205644,0.875,0.875,0.75,0.925,0.8
7.884911020911531,0.875,0.875,0.75,0.925,0.8
7.94145171902934,0.875,0.875,0.75,0.925,0.8
7.998397856160369,0.875,0.875,0.75,0.925,0.8
8.055752339605002,0.875,0.875,0.75,0.95,0.8
8.113518097511143,0.875,0.875,0.75,0.95,0.8
8.171698079023695,0.875,0.875,0.75,0.95,0.8
8.230295254435134,0.875,0.875,0.75,0.95,0.8
8.289312615337154,0.875,0.875,0.75,0.95,0.8
8.348753174773389,0.875,0.875,0.75,0.95,0.8
8.40861996739325,0.875,0.875,0.75,0.95,0.8
8.468916049606841,0.875,0.875,0.75,0.95,0.8
8.529644499741023,0.875,0.875,0.75,0.95,0.8
8.590808418196545,0.875,0.875,0.75,0.95,0.8
8.65241092760635,0.875,0.875,0.75,0.95,0.8
8.714455172994988,0.875,0.875,0.75,0.95,0.8
8.776944321939185,0.875,0.875,0.75,0.95,0.8
8.839881564729556,0.875,0.9,0.75,0.95,0.8
8.903270114533479,0.875,0.9,0.75,0.95,0.8
8.967113207559143,0.9,0.9,0.75,0.95,0.8
9.031414103220765,0.9,0.9,0.75,0.95,0.8
9.096176084304997,0.9,0.925,0.75,0.95,0.8
9.161402457138516,0.9,0.925,0.75,0.95,0.8
9.227096551756839,0.9,0.925,0.75,0.95,0.8
9.293261722074316,0.9,0.925,0.75,0.95,0.8
9.359901346055366,0.9,0.925,0.75,0.95,0.8
9.427018825886938,0.925,0.925,0.75,0.95,0.8
9.494617588152204,0.925,0.925,0.75,0.95,0.8
9.56270108400549,0.95,0.925,0.75,0.95,0.8
9.631272789348474,0.95,0.925,0.75,0.95,0.8
9.700336205007645,0.95,0.925,0.75,0.95,0.8
9.769894856913039,0.95,0.925,0.75,0.95,0.8
9.83995229627823,0.95,0.925,0.75,0.95,0.8
9.910512099781654,0.95,0.925,0.75,0.95,0.8
9.981577869749197,0.95,0.925,0.75,0.95,0.8
10.05315323433811,0.95,0.925,0.75,0.95,0.8
10.125241847722242,0.95,0.925,0.75,0.95,0.8
10.197847390278598,0.95,0.925,0.75,0.95,0.8
10.270973568775226,0.975,0.925,0.75,0.95,0.8
10.344624116560476,0.975,0.925,0.75,0.95,0.8
10.418802793753597,0.975,0.925,0.75,0.95,0.8
10.49351338743668,0.975,0.925,0.75,0.95,0.8
10.568759711848045,0.975,0.925,0.75,0.95,0.8
10.644545608576928,0.975,0.925,0.75,0.95,0.8
10.720874946759643,0.975,0.925,0.75,0.975,0.8
10.7977516232771,1.0,0.925,0.75,0.975,0.8
10.875179562953733,1.0,0.925,0.75,0.975,0.825
10.953162718757921,1.0,0.925,0.75,0.975,0.825
11.031705072003774,1.0,0.925,0.75,0.975,0.85
11.110810632554378,1.0,0.925,0.75,0.975,0.85
11.190483439026549,1.0,0.925,0.75,0.975,0.85
11.270727558997,1.0,0.925,0.75,0.975,0.85
11.35154708920999,1.0,0.925,0.75,0.975,0.85
11.432946155786512,1.0,0.925,0.75,0.975,0.85
11.514928914434908,1.0,0.925,0.75,0.975,0.85
11.597499550663064,1.0,0.925,0.75,0.975,0.85
11.680662279992086,1.0,0.925,0.75,0.975,0.85
11.764421348171492,1.0,0.925,0.75,0.975,0.85
11.848781031396015,1.0,0.925,0.75,0.975,0.85
11.933745636523893,1.0,0.925,0.75,0.975,0.875
12.019319501296737,1.0,0.95,0.75,0.975,0.875
12.10550699456102,1.0,0.95,0.75,0.975,0.875
12.192312516491107,1.0,0.95,0.75,0.975,0.875
12.279740498813878,1.0,0.95,0.75,0.975,0.875
12.36779540503503,1.0,0.95,0.75,0.975,0.875
12.4564817306669,1.0,0.95,0.75,0.975,0.875
12.545804003458025,1.0,0.95,0.75,0.975,0.875
12.63576678362428,1.0,0.95,0.75,0.975,0.875
12.72637466408167,1.0,0.95,0.75,0.975,0.875
12.817632270680857,1.0,0.95,0.75,0.975,0.875
12.909544262443308,1.0,0.95,0.75,1.0,0.875
13.002115331799127,1.0,0.95,0.75,1.0,0.875
13.09535020482667,1.0,0.95,0.75,1.0,0.875
13.1892536414938,1.0,0.95,0.75,1.0,0.9
13.283830435900882,1.0,0.95,0.75,1.0,0.9
13.379085416525587,1.0,0.95,0.75,1.0,0.9
13.47502344646935,1.0,0.95,0.75,1.0,0.9
13.571649423705693,1.0,0.95,0.75,1.0,0.9
13.668968281330265,1.0,0.95,0.75,1.0,0.9
13.76698498781267,1.0,0.975,0.75,1.0,0.9
13.865704547250171,1.0,0.975,0.75,1.0,0.9
13.965131999623146,1.0,0.975,0.75,1.0,0.925
14.06527242105237,1.0,0.975,0.75,1.0,0.925
14.166130924058224,1.0,0.975,0.75,1.0,0.925
14.267712657821646,1.0,0.975,0.75,1.0,0.95
14.370022808447066,1.0,0.975,0.75,1.0,0.975
14.47306659922716,1.0,0.975,0.75,1.0,0.975
14.576849290909482,1.0,0.975,0.75,1.0,0.975
14.681376181965103,1.0,0.975,0.75,1.0,0.975
14.786652608859079,1.0,0.975,0.75,1.0,0.975
14.892683946322888,1.0,0.975,0.75,1.0,0.975
14.999475607628865,1.0,0.975,0.75,1.0,0.975
15.107033044866549,1.0,0.975,0.75,1.0,0.975
15.215361749221005,1.0,0.975,0.75,1.0,0.975
15.324467251253232,1.0,0.975,0.75,1.0,0.975
15.434355121182442,1.0,0.975,0.75,1.0,0.975
15.545030969170504,1.0,0.975,0.75,1.0,0.975
15.656500445608335,1.0,0.975,0.75,1.0,0.975
15.768769241404348,1.0,0.975,0.75,1.0,0.975
15.88184308827504,1.0,0.975,0.75,1.0,0.975
15.995727759037601,1.0,0.975,0.75,1.0,0.975
16.110429067904597,1.0,0.975,0.75,1.0,0.975
16.225952870780873,1.0,0.975,0.75,1.0,0.975
16.342305065562467,1.0,0.975,0.75,1.0,0.975
16.459491592437725,1.0,0.975,0.75,1.0,0.975
16.577518434190605,1.0,0.975,0.75,1.0,0.975
16.69639161650606,1.0,0.975,0.75,1.0,0.975
16.81611720827772,1.0,0.975,0.75,1.0,0.975
16.93670132191773,1.0,0.975,0.75,1.0,0.975
17.05815011366875,1.0,0.975,0.75,1.0,0.975
17.18046978391833,1.0,0.975,0.75,1.0,0.975
17.303666577515422,1.0,0.975,0.75,1.0,0.975
17.42774678408919,1.0,0.975,0.75,1.0,0.975
17.55271673837015,1.0,0.975,0.75,1.0,0.975
17.678582820513576,1.0,0.975,0.75,1.0,0.975
17.805351456425175,1.0,0.975,0.75,1.0,0.975
17.933029118089248,1.0,1.0,0.75,1.0,0.975
18.06162232389901,1.0,1.0,0.75,1.0,0.975
18.191137638989442,1.0,1.0,0.75,1.0,0.975
18.321581675572464,1.0,1.0,0.75,1.0,0.975
18.452961093274443,1.0,1.0,0.75,1.0,0.975
18.58528259947628,1.0,1.0,0.75,1.0,0.975
18.71855294965579,1.0,1.0,0.75,1.0,0.975
18.8527789477326,1.0,1.0,0.75,1.0,0.975
18.987967446415524,1.0,1.0,0.75,1.0,0.975
19.124125347552436,1.0,1.0,0.75,1.0,0.975
19.26125960248256,1.0,1.0,0.75,1.0,0.975
19.399377212391475,1.0,1.0,0.75,1.0,0.975
19.538485228668428,1.0,1.0,0.75,1.0,0.975
19.678590753266427,1.0,1.0,0.75,1.0,0.975
19.81970093906479,1.0,1.0,0.75,1.0,0.975
19.961822990234282,1.0,1.0,0.75,1.0,0.975
20.10496416260498,1.0,1.0,0.75,1.0,0.975
20.249131764036687,1.0,1.0,0.75,1.0,0.975
20.39433315479198,1.0,1.0,0.75,1.0,0.975
20.540575747912044,1.0,1.0,0.75,1.0,0.975
20.687867009595102,1.0,1.0,0.75,1.0,0.975
20.836214459577565,1.0,1.0,0.75,1.0,0.975
20.985625671518008,1.0,1.0,0.75,1.0,0.975
21.136108273383744,1.0,1.0,0.75,1.0,0.975
21.287669947840346,1.0,1.0,0.75,1.0,0.975
21.440318432643828,1.0,1.0,0.75,1.0,0.975
21.594061521035666,1.0,1.0,0.75,1.0,0.975
21.748907062140717,1.0,1.0,0.75,1.0,0.975
21.90486296136793,1.0,1.0,0.75,1.0,0.975
22.0619371808139,1.0,1.0,0.75,1.0,0.975
22.220137739669454,1.0,1.0,0.75,1.0,0.975
22.37947271462894,1.0,1.0,0.75,1.0,0.975
22.539950240302684,1.0,1.0,0.75,1.0,0.975
22.701578509632235,1.0,1.0,0.75,1.0,0.975
22.864365774308613,1.0,1.0,0.75,1.0,0.975
23.028320345193656,1.0,1.0,0.75,1.0,0.975
23.193450592744288,1.0,1.0,0.75,1.0,0.975
23.35976494743982,1.0,1.0,0.75,1.0,0.975
23.52727190021244,1.0,1.0,0.75,1.0,0.975
23.69598000288064,1.0,1.0,0.75,1.0,0.975
23.865897868585808,1.0,1.0,0.75,1.0,0.975
24.037034172232037,1.0,1.0,0.75,1.0,0.975
24.209397650928903,1.0,1.0,0.75,1.0,0.975
24.38299710443762,1.0,1.0,0.75,1.0,0.975
24.55784139562026,1.0,1.0,0.75,1.0,0.975
24.73393945089219,1.0,1.0,0.75,1.0,0.975
24.911300260677884,1.0,1.0,0.75,1.0,0.975
25.089932879869863,1.0,1.0,0.75,1.0,0.975
25.269846428290954,1.0,1.0,0.75,1.0,0.975
25.451050091159956,1.0,1.0,0.75,1.0,0.975
25.633553119560545,1.0,1.0,0.75,1.0,0.975
25.81736483091354,1.0,1.0,0.75,1.0,0.975
26.002494609452665,1.0,1.0,0.75,1.0,0.975
26.18895190670356,1.0,1.0,0.75,1.0,0.975
26.376746241966394,1.0,1.0,0.75,1.0,0.975
26.565887202801832,1.0,1.0,0.75,1.0,0.975
26.756384445520453,1.0,1.0,0.75,1.0,0.975
26.948247695675843,1.0,1.0,0.75,1.0,0.975
27.141486748561064,1.0,1.0,0.75,1.0,0.975
27.3361114697087,1.0,1.0,0.775,1.0,0.975
27.532131795394616,1.0,1.0,0.775,1.0,0.975
27.729557733145175,1.0,1.0,0.775,1.0,0.975
27.92839936224815,1.0,1.0,0.775,1.0,0.975
28.12866683426738,1.0,1.0,0.775,1.0,0.975
28.330370373560942,1.0,1.0,0.775,1.0,0.975
28.533520277803234,1.0,1.0,0.775,1.0,0.975
28.738126918510662,1.0,1.0,0.775,1.0,0.975
28.944200741571116,1.0,1.0,0.775,1.0,0.975
29.151752267777326,1.0,1.0,0.775,1.0,0.975
29.360792093363976,1.0,1.0,0.775,1.0,0.975
29.57133089054861,1.0,1.0,0.775,1.0,0.975
29.783379408076584,1.0,1.0,0.775,1.0,0.975
29.996948471769784,1.0,1.0,0.775,1.0,0.975
30.212048985079274,1.0,1.0,0.775,1.0,0.975
30.428691929642067,1.0,1.0,0.775,1.0,0.975
30.64688836584164,1.0,1.0,0.775,1.0,0.975
30.86664943337273,1.0,1.0,0.775,1.0,0.975
31.08798635181,1.0,1.0,0.775,1.0,0.975
31.310910421180786,1.0,1.0,0.775,1.0,0.975
31.535433022542115,1.0,1.0,0.775,1.0,0.975
31.76156561856168,1.0,1.0,0.775,1.0,0.975
31.989319754103008,1.0,1.0,0.775,1.0,0.975
32.218707056814985,1.0,1.0,0.775,1.0,0.975
32.44973923772536,1.0,1.0,0.775,1.0,0.975
32.68242809183873,1.0,1.0,0.775,1.0,0.975
32.91678549873868,1.0,1.0,0.775,1.0,0.975
33.15282342319425,1.0,1.0,0.775,1.0,0.975
33.39055391577082,1.0,1.0,0.775,1.0,0.975
33.62998911344536,1.0,1.0,0.775,1.0,0.975
33.87114124022594,1.0,1.0,0.775,1.0,0.975
34.11402260777596,1.0,1.0,0.775,1.0,0.975
34.35864561604263,1.0,1.0,0.775,1.0,0.975
34.60502275389,1.0,1.0,0.775,1.0,0.975
34.85316659973665,1.0,1.0,0.775,1.0,0.975
35.10308982219777,1.0,1.0,0.775,1.0,0.975
35.35480518073198,1.0,1.0,0.775,1.0,0.975
35.608325526292795,1.0,1.0,0.775,1.0,0.975
35.863663801984586,1.0,1.0,0.775,1.0,0.975
36.120833043723486,1.0,1.0,0.775,1.0,0.975
36.3798463809029,1.0,1.0,0.775,1.0,0.975
36.64071703706371,1.0,1.0,0.775,1.0,0.975
36.90345833056953,1.0,1.0,0.775,1.0,0.975
37.16808367528657,1.0,1.0,0.775,1.0,0.975
37.43460658126843,1.0,1.0,0.775,1.0,0.975
37.70304065544595,1.0,1.0,0.775,1.0,0.975
37.97339960232174,1.0,1.0,0.8,1.0,0.975
38.24569722466999,1.0,1.0,0.8,1.0,0.975
38.51994742424108,1.0,1.0,0.8,1.0,0.975
38.79616420247125,1.0,1.0,0.8,1.0,0.975
39.07436166119758,1.0,1.0,0.8,1.0,0.975
39.354554003377814,1.0,1.0,0.8,1.0,0.975
39.63675553381546,1.0,1.0,0.8,1.0,0.975
39.920980659890205,1.0,1.0,0.8,1.0,0.975
40.20724389229341,1.0,1.0,0.8,1.0,0.975
40.49555984576887,1.0,1.0,0.8,1.0,0.975
40.785943239859044,1.0,1.0,0.8,1.0,0.975
41.078408899656466,1.0,1.0,0.8,1.0,0.975
41.37297175656069,1.0,1.0,0.8,1.0,0.975
41.669646849040554,1.0,1.0,0.8,1.0,0.975
41.96844932340187,1.0,1.0,0.8,1.0,0.975
42.26939443456086,1.0,1.0,0.8,1.0,0.975
42.57249754682285,1.0,1.0,0.8,1.0,0.975
42.877774134666666,1.0,1.0,0.8,1.0,0.975
43.185239783534755,1.0,1.0,0.8,1.0,0.975
43.49491019062881,1.0,1.0,0.8,1.0,0.975
43.806801165711136,1.0,1.0,0.8,1.0,0.975
44.1209286319119,1.0,1.0,0.8,1.0,0.975
44.43730862654193,1.0,1.0,0.8,1.0,0.975
44.755957301911586,1.0,1.0,0.8,1.0,0.975
45.076890926155386,1.0,1.0,0.8,1.0,0.975
45.40012588406242,1.0,1.0,0.8,1.0,0.975
45.725678677913024,1.0,1.0,0.8,1.0,0.975
46.05356592832121,1.0,1.0,0.8,1.0,0.975
46.38380437508312,1.0,1.0,0.8,1.0,0.975
46.716410878031816,1.0,1.0,0.8,1.0,0.975
47.051402417897926,1.0,1.0,0.8,1.0,0.975
47.38879609717653,1.0,1.0,0.8,1.0,0.975
47.72860914100048,1.0,1.0,0.8,1.0,0.975
48.07085889801957,1.0,1.0,0.8,1.0,0.975
48.41556284128644,1.0,1.0,0.8,1.0,0.975
48.76273856914857,1.0,1.0,0.8,1.0,0.975
49.11240380614664,1.0,1.0,0.8,1.0,0.975
49.46457640391961,1.0,1.0,0.8,1.0,0.975
49.81927434211601,1.0,1.0,0.8,1.0,0.975
50.176515729311795,1.0,1.0,0.8,1.0,0.975
50.53631880393503,1.0,1.0,0.8,1.0,0.975
50.898701935196826,1.0,1.0,0.8,1.0,0.975
51.26368362402931,1.0,1.0,0.8,1.0,0.975
51.63128250403013,1.0,1.0,0.8,1.0,0.975
52.00151734241364,1.0,1.0,0.8,1.0,0.975
52.374407040969224,1.0,1.0,0.8,1.0,0.975
52.749970637026195,1.0,1.0,0.8,1.0,0.975
53.12822730442566,1.0,1.0,0.8,1.0,0.975
53.50919635449954,1.0,1.0,0.8,1.0,0.975
53.89289723705644,1.0,1.0,0.8,1.0,0.975
54.27934954137453,1.0,1.0,0.8,1.0,0.975
54.668572997201835,1.0,1.0,0.8,1.0,0.975
55.060587475763285,1.0,1.0,0.8,1.0,0.975
55.455412990775415,1.0,1.0,0.8,1.0,0.975
55.85306969946805,1.0,1.0,0.8,1.0,0.975
56.253577903613305,1.0,1.0,0.8,1.0,0.975
56.65695805056226,1.0,1.0,0.8,1.0,0.975
57.06323073428875,1.0,1.0,0.8,1.0,0.975
57.472416696440696,1.0,1.0,0.8,1.0,0.975
57.8845368273992,1.0,1.0,0.8,1.0,0.975
58.299612167345,1.0,1.0,0.8,1.0,0.975
58.71766390733255,1.0,1.0,0.8,1.0,0.975
59.13871339037209,1.0,1.0,0.8,1.0,0.975
59.56278211251906,1.0,1.0,0.825,1.0,0.975
59.98989172397176,1.0,1.0,0.825,1.0,0.975
60.42006403017657,1.0,1.0,0.825,1.0,0.975
60.85332099294111,1.0,1.0,0.825,1.0,0.975
61.28968473155564,1.0,1.0,0.825,1.0,0.975
61.72917752392225,1.0,1.0,0.825,1.0,0.975
62.171821807692126,1.0,1.0,0.825,1.0,0.975
62.61764018141125,1.0,1.0,0.825,1.0,0.975
63.066655405674055,1.0,1.0,0.825,1.0,0.975
63.51889040428533,1.0,1.0,0.825,1.0,0.975
63.97436826543078,1.0,1.0,0.825,1.0,0.975
64.43311224285553,1.0,1.0,0.825,1.0,0.975
64.89514575705147,1.0,1.0,0.825,1.0,0.975
65.36049239645293,1.0,1.0,0.825,1.0,0.975
65.82917591864083,1.0,1.0,0.825,1.0,0.975
66.30122025155578,1.0,1.0,0.825,1.0,0.975
66.77664949471955,1.0,1.0,0.825,1.0,0.975
67.25548792046541,1.0,1.0,0.825,1.0,0.975
67.73775997517748,1.0,1.0,0.825,1.0,0.975
68.22349028053868,1.0,1.0,0.825,1.0,0.975
68.71270363478769,1.0,1.0,0.825,1.0,0.975
69.20542501398519,1.0,1.0,0.825,1.0,0.975
69.70167957328874,1.0,1.0,0.825,1.0,0.975
70.20149264823728,1.0,1.0,0.825,1.0,0.975
70.70488975604445,1.0,1.0,0.825,1.0,0.975
71.21189659690124,1.0,1.0,0.825,1.0,0.975
71.72253905528835,1.0,1.0,0.825,1.0,0.975
72.23684320129749,1.0,1.0,0.825,1.0,0.975
72.7548352919623,1.0,1.0,0.825,1.0,0.975
73.27654177259906,1.0,1.0,0.825,1.0,0.975
73.80198927815664,1.0,1.0,0.825,1.0,0.975
74.33120463457641,1.0,1.0,0.825,1.0,0.975
74.8642148601618,1.0,1.0,0.825,1.0,0.975
75.40104716695753,1.0,1.0,0.825,1.0,0.975
75.9417289621391,1.0,1.0,0.825,1.0,0.975
76.48628784941194,1.0,1.0,0.825,1.0,0.975
77.0347516304205,1.0,1.0,0.825,1.0,0.975
77.58714830616793,1.0,1.0,0.825,1.0,0.975
78.14350607844545,1.0,1.0,0.825,1.0,0.975
78.70385335127209,1.0,1.0,0.825,1.0,0.975
79.26821873234499,1.0,1.0,0.825,1.0,0.975
79.83663103449976,1.0,1.0,0.825,1.0,0.975
80.4091192771816,1.0,1.0,0.825,1.0,0.975
80.98571268792685,1.0,1.0,0.825,1.0,0.975
81.56644070385494,1.0,1.0,0.825,1.0,0.975
82.15133297317156,1.0,1.0,0.825,1.0,0.975
82.74041935668218,1.0,1.0,0.825,1.0,0.975
83.3337299293164,1.0,1.0,0.825,1.0,0.975
83.93129498166364,1.0,1.0,0.825,1.0,0.975
84.53314502151946,1.0,1.0,0.825,1.0,0.975
85.13931077544295,1.0,1.0,0.825,1.0,0.975
85.74982319032576,1.0,1.0,0.825,1.0,0.975
86.36471343497168,1.0,1.0,0.825,1.0,0.975
86.98401290168817,1.0,1.0,0.825,1.0,0.975
87.60775320788906,1.0,1.0,0.825,1.0,0.975
88.23596619770844,1.0,1.0,0.825,1.0,0.975
88.86868394362675,1.0,1.0,0.825,1.0,0.975
89.5059387481081,1.0,1.0,0.825,1.0,0.975
90.14776314524917,1.0,1.0,0.825,1.0,0.975
90.79418990244064,1.0,1.0,0.825,1.0,0.975
91.44525202203975,1.0,1.0,0.825,1.0,0.975
92.10098274305518,1.0,1.0,0.825,1.0,0.975
92.76141554284432,1.0,1.0,0.825,1.0,0.975
93.42658413882197,1.0,1.0,0.825,1.0,0.975
94.09652249018212,1.0,1.0,0.825,1.0,0.975
94.77126479963155,1.0,1.0,0.825,1.0,0.975
95.45084551513584,1.0,1.0,0.825,1.0,0.975
96.13529933167831,1.0,1.0,0.825,1.0,0.975
96.82466119303123,1.0,1.0,0.825,1.0,0.975
97.51896629353968,1.0,1.0,0.825,1.0,0.975
98.21825007991856,1.0,1.0,0.825,1.0,0.975
98.92254825306222,1.0,1.0,0.825,1.0,0.975
99.63189676986691,1.0,1.0,0.825,1.0,0.975
100.34633184506681,1.0,1.0,0.825,1.0,0.975
101.06588995308282,1.0,1.0,0.825,1.0,0.975
101.7906078298845,1.0,1.0,0.825,1.0,0.975
102.5205224748657,1.0,1.0,0.825,1.0,0.975
103.25567115273391,1.0,1.0,0.825,1.0,0.975
103.99609139541204,1.0,1.0,0.825,1.0,0.975
104.74182100395485,1.0,1.0,0.825,1.0,0.975
105.49289805047931,1.0,1.0,0.825,1.0,0.975
106.24936088010749,1.0,1.0,0.825,1.0,0.975
107.01124811292462,1.0,1.0,0.825,1.0,0.975
107.77859864595112,1.0,1.0,0.825,1.0,0.975
108.55145165512775,1.0,1.0,0.825,1.0,0.975
109.32984659731599,1.0,1.0,0.825,1.0,0.975
110.11382321231281,1.0,1.0,0.825,1.0,0.975
110.90342152487888,1.0,1.0,0.825,1.0,0.975
111.69868184678238,1.0,1.0,0.825,1.0,0.975
112.49964477885682,1.0,1.0,0.825,1.0,0.975
113.30635121307438,1.0,1.0,0.825,1.0,0.975
114.11884233463283,1.0,1.0,0.825,1.0,0.975
114.9371596240586,1.0,1.0,0.825,1.0,0.975
115.76134485932472,1.0,1.0,0.825,1.0,0.975
116.59144011798323,1.0,1.0,0.825,1.0,0.975
117.42748777931355,1.0,1.0,0.825,1.0,0.975
118.26953052648655,1.0,1.0,0.825,1.0,0.975
119.11761134874297,1.0,1.0,0.825,1.0,0.975
119.97177354358843,1.0,1.0,0.825,1.0,0.975
120.83206071900442,1.0,1.0,0.825,1.0,0.975
121.6985167956738,1.0,1.0,0.825,1.0,0.975
122.57118600922354,1.0,1.0,0.825,1.0,0.975
123.45011291248342,1.0,1.0,0.825,1.0,0.975
124.33534237775993,1.0,1.0,0.825,1.0,0.975
125.22691959912747,1.0,1.0,0.825,1.0,0.975
126.12489009473606,1.0,1.0,0.825,1.0,0.975
127.02929970913449,1.0,1.0,0.825,1.0,0.975
127.94019461561116,1.0,1.0,0.825,1.0,0.975
128.8576213185518,1.0,1.0,0.825,1.0,0.975
129.78162665581294,1.0,1.0,0.825,1.0,0.975
130.7122578011136,1.0,1.0,0.825,1.0,0.975
131.64956226644347,1.0,1.0,0.825,1.0,0.975
132.59358790448908,1.0,1.0,0.825,1.0,0.975
133.54438291107604,1.0,1.0,0.825,1.0,0.975
134.50199582762997,1.0,1.0,0.825,1.0,0.975
135.4664755436552,1.0,1.0,0.825,1.0,0.975
136.43787129922993,1.0,1.0,0.825,1.0,0.975
137.41623268752033,1.0,1.0,0.825,1.0,0.975
138.40160965731314,1.0,1.0,0.825,1.0,0.975
139.3940525155648,1.0,1.0,0.825,1.0,0.975
140.39361192997,1.0,1.0,0.825,1.0,0.975
141.40033893154927,1.0,1.0,0.825,1.0,0.975
142.41428491725307,1.0,1.0,0.825,1.0,0.975
143.4355016525864,1.0,1.0,0.825,1.0,0.975
144.46404127425205,1.0,1.0,0.825,1.0,0.975
145.4999562928114,1.0,1.0,0.825,1.0,0.975
146.5432995953658,1.0,1.0,0.825,1.0,0.975
147.59412444825696,1.0,1.0,0.825,1.0,0.975
148.65248449978571,1.0,1.0,0.825,1.0,0.975
149.71843378295128,1.0,1.0,0.825,1.0,0.975
150.7920267182097,1.0,1.0,0.825,1.0,0.975
151.87331811625285,1.0,1.0,0.825,1.0,0.975
152.9623631808056,1.0,1.0,0.825,1.0,0.975
154.0592175114448,1.0,1.0,0.825,1.0,0.975
155.16393710643825,1.0,1.0,0.825,1.0,0.975
156.27657836560263,1.0,1.0,0.825,1.0,0.975
157.39719809318342,1.0,1.0,0.825,1.0,0.975
158.52585350075543,1.0,1.0,0.825,1.0,0.975
159.66260221014267,1.0,1.0,0.825,1.0,0.975
160.8075022563607,1.0,1.0,0.825,1.0,0.975
161.96061209057982,1.0,1.0,0.825,1.0,0.975
163.12199058310856,1.0,1.0,0.825,1.0,0.975
164.2916970263993,1.0,1.0,0.825,1.0,0.975
165.46979113807626,1.0,1.0,0.825,1.0,0.975
166.6563330639829,1.0,1.0,0.825,1.0,0.975
167.8513833812535,1.0,1.0,0.825,1.0,0.975
169.05500310140593,1.0,1.0,0.825,1.0,0.975
170.26725367345577,1.0,1.0,0.825,1.0,0.975
171.48819698705393,1.0,1.0,0.825,1.0,0.975
172.71789537564672,1.0,1.0,0.825,1.0,0.975
173.95641161965744,1.0,1.0,0.825,1.0,0.975
175.20380894969196,1.0,1.0,0.825,1.0,0.975
176.46015104976658,1.0,1.0,0.825,1.0,0.975
177.72550206056022,1.0,1.0,0.825,1.0,0.975
178.99992658268764,1.0,1.0,0.825,1.0,0.975
180.28348967999835,1.0,1.0,0.825,1.0,0.975
181.57625688289872,1.0,1.0,0.825,1.0,0.975
182.87829419169657,1.0,1.0,0.825,1.0,0.975
184.18966807997109,1.0,1.0,0.825,1.0,0.975
185.51044549796728,1.0,1.0,0.825,1.0,0.975
186.84069387601286,1.0,1.0,0.825,1.0,0.975
188.1804811279612,1.0,1.0,0.825,1.0,0.975
189.52987565465943,1.0,1.0,0.825,1.0,0.975
190.8889463474391,1.0,1.0,0.825,1.0,0.975
192.2577625916341,1.0,1.0,0.825,1.0,0.975
193.63639427012356,1.0,1.0,0.825,1.0,0.975
195.0249117668984,1.0,1.0,0.825,1.0,0.975
196.4233859706553,1.0,1.0,0.825,1.0,0.975
197.83188827841641,1.0,1.0,0.825,1.0,0.975
199.25049059917328,1.0,1.0,0.825,1.0,0.975
200.6792653575587,1.0,1.0,0.825,1.0,0.975
202.11828549754406,1.0,1.0,0.825,1.0,0.975
203.567624486164,1.0,1.0,0.825,1.0,0.975
205.02735631726605,1.0,1.0,0.825,1.0,0.975
206.49755551528892,1.0,1.0,0.825,1.0,0.975
207.9782971390677,1.0,1.0,0.825,1.0,0.975
209.46965678566482,1.0,1.0,0.825,1.0,0.975
210.97171059423005,1.0,1.0,0.825,1.0,0.975
212.4845352498883,1.0,1.0,0.825,1.0,0.975
214.0082079876535,1.0,1.0,0.825,1.0,0.975
215.5428065963722,1.0,1.0,0.825,1.0,0.975
217.08840942269583,1.0,1.0,0.825,1.0,0.975
218.64509537507902,1.0,1.0,0.825,1.0,0.975
220.21294392780896,1.0,1.0,0.825,1.0,0.975
221.79203512506348,1.0,1.0,0.825,1.0,0.975
223.38244958499627,1.0,1.0,0.825,1.0,0.975
224.98426850385331,1.0,1.0,0.825,1.0,0.975
226.59757366011902,1.0,1.0,0.825,1.0,0.975
228.22244741868985,1.0,1.0,0.825,1.0,0.975
229.8589727350801,1.0,1.0,0.825,1.0,0.975
231.5072331596577,1.0,1.0,0.85,1.0,0.975
233.1673128419084,1.0,1.0,0.85,1.0,0.975
234.8392965347328,1.0,1.0,0.85,1.0,0.975
236.52326959877283,1.0,1.0,0.85,1.0,0.975
238.2193180067707,1.0,1.0,0.85,1.0,0.975
239.92752834795655,1.0,1.0,0.85,1.0,0.975
241.64798783247008,1.0,1.0,0.85,1.0,0.975
243.38078429581336,1.0,1.0,0.85,1.0,0.975
245.126006203334,1.0,1.0,0.85,1.0,0.975
246.88374265474204,1.0,1.0,0.875,1.0,0.975
248.6540833886598,1.0,1.0,0.875,1.0,0.975
250.43711878720183,1.0,1.0,0.875,1.0,0.975
252.2329398805897,1.0,1.0,0.875,1.0,0.975
254.04163835180054,1.0,1.0,0.875,1.0,0.975
255.8633065412461,1.0,1.0,0.875,1.0,0.975
257.6980374514877,1.0,1.0,0.875,1.0,0.975
259.54592475198547,1.0,1.0,0.875,1.0,0.975
261.40706278387836,1.0,1.0,0.875,1.0,0.975
263.281546564802,1.0,1.0,0.875,1.0,0.975
265.16947179374006,1.0,1.0,0.875,1.0,0.975
267.07093485590866,1.0,1.0,0.875,1.0,0.975
268.9860328276777,1.0,1.0,0.875,1.0,0.975
270.91486348152813,1.0,1.0,0.875,1.0,0.975
272.85752529104167,1.0,1.0,0.875,1.0,0.975
274.8141174359293,1.0,1.0,0.875,1.0,0.975
276.78473980709447,1.0,1.0,0.875,1.0,0.975
278.7694930117338,1.0,1.0,0.875,1.0,0.975
280.76847837847157,1.0,1.0,0.875,1.0,0.975
282.7817979625341,1.0,1.0,0.875,1.0,0.975
284.8095545509608,1.0,1.0,0.875,1.0,0.975
286.85185166784976,1.0,1.0,0.875,1.0,0.975
288.90879357964445,1.0,1.0,0.875,1.0,0.975
290.9804853004572,1.0,1.0,0.875,1.0,0.975
293.06703259742915,1.0,1.0,0.875,1.0,0.975
295.1685419961307,1.0,1.0,0.875,1.0,0.975
297.28512078600124,1.0,1.0,0.875,1.0,0.975
299.41687702582436,1.0,1.0,0.875,1.0,1.0
301.5639195492459,1.0,1.0,0.875,1.0,1.0
303.72635797033115,1.0,1.0,0.875,1.0,1.0
305.9043026891591,1.0,1.0,0.875,1.0,1.0
308.0978648974597,1.0,1.0,0.875,1.0,1.0
310.30715658429165,1.0,1.0,0.875,1.0,1.0
312.53229054175773,1.0,1.0,0.875,1.0,1.0
314.77338037076464,1.0,1.0,0.875,1.0,1.0
317.03054048682213,1.0,1.0,0.875,1.0,1.0
319.30388612588547,1.0,1.0,0.875,1.0,1.0
321.59353335023684,1.0,1.0,0.875,1.0,1.0
323.8995990544115,1.0,1.0,0.875,1.0,1.0
326.222200971167,1.0,1.0,0.875,1.0,1.0
328.5614576774914,1.0,1.0,0.875,1.0,1.0
330.91748860065843,1.0,1.0,0.875,1.0,1.0
333.2904140243255,1.0,1.0,0.875,1.0,1.0
335.68035509467273,1.0,1.0,0.875,1.0,1.0
338.0874338265885,1.0,1.0,0.875,1.0,1.0
340.5117731099004,1.0,1.0,0.875,1.0,1.0
342.95349671564645,1.0,1.0,0.875,1.0,1.0
345.41272930239575,1.0,1.0,0.875,1.0,1.0
347.8895964226132,1.0,1.0,0.875,1.0,1.0
350.3842245290676,1.0,1.0,0.875,1.0,1.0
352.8967409812885,1.0,1.0,0.875,1.0,1.0
355.4272740520695,1.0,1.0,0.875,1.0,1.0
357.97595293401474,1.0,1.0,0.875,1.0,1.0
360.54290774613577,1.0,1.0,0.875,1.0,1.0
363.12826954049564,1.0,1.0,0.875,1.0,1.0
365.73217030889754,1.0,1.0,0.875,1.0,1.0
368.3547429896247,1.0,1.0,0.875,1.0,1.0
370.9961214742267,1.0,1.0,0.875,1.0,1.0
373.6564406143567,1.0,1.0,0.875,1.0,1.0
376.33583622865365,1.0,1.0,0.875,1.0,1.0
379.03444510967756,1.0,1.0,0.875,1.0,1.0
381.75240503089435,1.0,1.0,0.875,1.0,1.0
384.4898547537074,1.0,1.0,0.875,1.0,1.0
387.24693403454296,1.0,1.0,0.875,1.0,1.0
390.0237836319863,1.0,1.0,0.875,1.0,1.0
392.82054531396574,1.0,1.0,0.875,1.0,1.0
395.6373618649913,1.0,1.0,0.875,1.0,1.0
398.47437709344587,1.0,1.0,0.875,1.0,1.0
401.3317358389246,1.0,1.0,0.875,1.0,1.0
404.20958397963057,1.0,1.0,0.875,1.0,1.0
407.1080684398238,1.0,1.0,0.875,1.0,1.0
410.0273371973195,1.0,1.0,0.875,1.0,1.0
412.9675392910446,1.0,1.0,0.875,1.0,1.0
415.9288248286474,1.0,1.0,0.875,1.0,1.0
418.91134499415887,1.0,1.0,0.875,1.0,1.0
421.9152520557124,1.0,1.0,0.875,1.0,1.0
424.9406993733188,1.0,1.0,0.875,1.0,1.0
427.9878414066934,1.0,1.0,0.875,1.0,1.0
431.05683372314337,1.0,1.0,0.875,1.0,1.0
434.14783300550926,1.0,1.0,0.875,1.0,1.0
437.26099706016566,1.0,1.0,0.875,1.0,1.0
440.3964848250756,1.0,1.0,0.875,1.0,1.0
443.5544563779058,1.0,1.0,0.875,1.0,1.0
446.7350729442008,1.0,1.0,0.875,1.0,1.0
449.9384969056111,1.0,1.0,0.875,1.0,1.0
453.164891808185,1.0,1.0,0.875,1.0,1.0
456.4144223707195,1.0,1.0,0.875,1.0,1.0
459.68725449316673,1.0,1.0,0.875,1.0,1.0
462.98355526510557,1.0,1.0,0.875,1.0,1.0
466.3034929742731,1.0,1.0,0.875,1.0,1.0
469.64723711515387,1.0,1.0,0.875,1.0,1.0
473.0149583976343,1.0,1.0,0.875,1.0,1.0
476.4068287557195,1.0,1.0,0.875,1.0,1.0
479.8230213563085,1.0,1.0,0.875,1.0,1.0
483.26371060803615,1.0,1.0,0.875,1.0,1.0
486.7290721701788,1.0,1.0,0.875,1.0,1.0
490.2192829616196,1.0,1.0,0.875,1.0,1.0
493.73452116988267,1.0,1.0,0.875,1.0,1.0
497.274966260229,1.0,1.0,0.875,1.0,1.0
500.8407989848212,1.0,1.0,0.875,1.0,1.0
504.43220139194824,1.0,1.0,0.875,1.0,1.0
508.0493568353211,1.0,1.0,0.875,1.0,1.0
511.6924499834354,1.0,1.0,0.875,1.0,1.0
515.3616668289961,1.0,1.0,0.875,1.0,1.0
519.057194698415,1.0,1.0,0.875,1.0,1.0
522.779222261375,1.0,1.0,0.875,1.0,1.0
526.5279395404607,1.0,1.0,0.875,1.0,1.0
530.30353792086,1.0,1.0,0.875,1.0,1.0
534.106210160137,1.0,1.0,0.875,1.0,1.0
537.9361503980704,1.0,1.0,0.875,1.0,1.0
541.7935541665651,1.0,1.0,0.875,1.0,1.0
545.6786183996383,1.0,1.0,0.875,1.0,1.0
549.5915414434687,1.0,1.0,0.875,1.0,1.0
553.5325230665259,1.0,1.0,0.875,1.0,1.0
557.5017644697696,1.0,1.0,0.875,1.0,1.0
561.4994682969191,1.0,1.0,0.875,1.0,1.0
565.5258386448007,1.0,1.0,0.875,1.0,1.0
569.5810810737686,1.0,1.0,0.875,1.0,1.0
573.6654026181968,1.0,1.0,0.875,1.0,1.0
577.7790117970507,1.0,1.0,0.875,1.0,1.0
581.9221186245318,1.0,1.0,0.875,1.0,1.0
586.094934620802,1.0,1.0,0.875,1.0,1.0
590.2976728227787,1.0,1.0,0.875,1.0,1.0
594.5305477950134,1.0,1.0,0.875,1.0,1.0
598.7937756406471,1.0,1.0,0.875,1.0,1.0
603.0875740124401,1.0,1.0,0.875,1.0,1.0
607.412162123885,1.0,1.0,0.875,1.0,1.0
611.7677607604012,1.0,1.0,0.875,1.0,1.0
616.154592290602,1.0,1.0,0.875,1.0,1.0
620.57288067765,1.0,1.0,0.875,1.0,1.0
625.0228514906928,1.0,1.0,0.875,1.0,1.0
629.5047319163749,1.0,1.0,0.875,1.0,1.0
634.0187507704389,1.0,1.0,0.875,1.0,1.0
638.565138509409,1.0,1.0,0.875,1.0,1.0
643.1441272423529,1.0,1.0,0.875,1.0,1.0
647.7559507427331,1.0,1.0,0.875,1.0,1.0
652.400844460345,1.0,1.0,0.875,1.0,1.0
657.0790455333322,1.0,1.0,0.875,1.0,1.0
661.7907928002962,1.0,1.0,0.875,1.0,1.0
666.5363268124913,1.0,1.0,0.875,1.0,1.0
671.3158898461022,1.0,1.0,0.875,1.0,1.0
676.1297259146149,1.0,1.0,0.875,1.0,1.0
680.9780807812741,1.0,1.0,0.9,1.0,1.0
685.8612019716321,1.0,1.0,0.9,1.0,1.0
690.7793387861822,1.0,1.0,0.9,1.0,1.0
695.7327423130884,1.0,1.0,0.9,1.0,1.0
700.7216654410064,1.0,1.0,0.9,1.0,1.0
705.7463628719901,1.0,1.0,0.9,1.0,1.0
710.8070911344973,1.0,1.0,0.9,1.0,1.0
715.9041085964889,1.0,1.0,0.9,1.0,1.0
721.0376754786139,1.0,1.0,0.9,1.0,1.0
726.2080538674984,1.0,1.0,0.9,1.0,1.0
731.4155077291272,1.0,1.0,0.9,1.0,1.0
736.660302922316,1.0,1.0,0.9,1.0,1.0
741.9427072122866,1.0,1.0,0.9,1.0,1.0
747.2629902843397,1.0,1.0,0.9,1.0,1.0
752.6214237576188,1.0,1.0,0.9,1.0,1.0
758.018281198979,1.0,1.0,0.9,1.0,1.0
763.4538381369568,1.0,1.0,0.9,1.0,1.0
768.9283720758314,1.0,1.0,0.9,1.0,1.0
774.4421625097954,1.0,1.0,0.9,1.0,1.0
779.9954909372228,1.0,1.0,0.9,1.0,1.0
785.5886408750438,1.0,1.0,0.9,1.0,1.0
791.2218978732137,1.0,1.0,0.9,1.0,1.0
796.8955495292945,1.0,1.0,0.9,1.0,1.0
802.6098855031396,1.0,1.0,0.9,1.0,1.0
808.3651975316775,1.0,1.0,0.9,1.0,1.0
814.1617794438083,1.0,1.0,0.9,1.0,1.0
819.9999271754069,1.0,1.0,0.9,1.0,1.0
825.8799387844272,1.0,1.0,0.9,1.0,1.0
831.8021144661208,1.0,1.0,0.9,1.0,1.0
837.7667565683658,1.0,1.0,0.9,1.0,1.0
843.7741696070983,1.0,1.0,0.9,1.0,1.0
849.8246602818605,1.0,1.0,0.9,1.0,1.0
855.9185374914618,1.0,1.0,0.9,1.0,1.0
862.0561123497446,1.0,1.0,0.9,1.0,1.0
868.237698201469,1.0,1.0,0.9,1.0,1.0
874.4636106383144,1.0,1.0,0.9,1.0,1.0
880.7341675149848,1.0,1.0,0.9,1.0,1.0
887.0496889654403,1.0,1.0,0.9,1.0,1.0
893.4104974192426,1.0,1.0,0.9,1.0,1.0
899.8169176180116,1.0,1.0,0.9,1.0,1.0
906.2692766320081,1.0,1.0,0.9,1.0,1.0
912.7679038768297,1.0,1.0,0.9,1.0,1.0
919.3131311302326,1.0,1.0,0.9,1.0,1.0
925.9052925490643,1.0,1.0,0.9,1.0,1.0
932.5447246863264,1.0,1.0,0.9,1.0,1.0
939.2317665083597,1.0,1.0,0.9,1.0,1.0
945.9667594121436,1.0,1.0,0.9,1.0,1.0
952.750047242729,1.0,1.0,0.9,1.0,1.0
959.5819763107952,1.0,1.0,0.9,1.0,1.0
966.4628954103247,1.0,1.0,0.9,1.0,1.0
973.3931558364133,1.0,1.0,0.9,1.0,1.0
980.3731114032075,1.0,1.0,0.9,1.0,1.0
987.4031184619631,1.0,1.0,0.9,1.0,1.0
994.4835359192398,1.0,1.0,0.9,1.0,1.0
1001.6147252552282,1.0,1.0,0.9,1.0,1.0
1008.7970505421994,1.0,1.0,0.9,1.0,1.0
1016.0308784630935,1.0,1.0,0.9,1.0,1.0
1023.316578330245,1.0,1.0,0.9,1.0,1.0
1030.6545221042297,1.0,1.0,0.9,1.0,1.0
1038.0450844128598,1.0,1.0,0.9,1.0,1.0
1045.4886425703075,1.0,1.0,0.9,1.0,1.0
1052.9855765963728,1.0,1.0,0.9,1.0,1.0
1060.5362692358772,1.0,1.0,0.9,1.0,1.0
1068.1411059782092,1.0,1.0,0.9,1.0,1.0
1075.8004750770067,1.0,1.0,0.9,1.0,1.0
1083.5147675699732,1.0,1.0,0.9,1.0,1.0
1091.284377298844,1.0,1.0,0.9,1.0,1.0
1099.1097009294972,1.0,1.0,0.9,1.0,1.0
1106.991137972198,1.0,1.0,0.9,1.0,1.0
1114.9290908019984,1.0,1.0,0.9,1.0,1.0
1122.9239646792832,1.0,1.0,0.9,1.0,1.0
1130.9761677704535,1.0,1.0,0.9,1.0,1.0
1139.086111168768,1.0,1.0,0.9,1.0,1.0
1147.2542089153344,1.0,1.0,0.9,1.0,1.0
1155.4808780202409,1.0,1.0,0.9,1.0,1.0
1163.7665384838492,1.0,1.0,0.9,1.0,1.0
1172.1116133182406,1.0,1.0,0.9,1.0,1.0
1180.5165285688056,1.0,1.0,0.9,1.0,1.0
1188.9817133359975,1.0,1.0,0.9,1.0,1.0
1197.5075997972447,1.0,1.0,0.9,1.0,1.0
1206.094623229006,1.0,1.0,0.9,1.0,1.0
1214.7432220289988,1.0,1.0,0.9,1.0,1.0
1223.4538377385784,1.0,1.0,0.9,1.0,1.0
1232.2269150652844,1.0,1.0,0.9,1.0,1.0
1241.0629019055384,1.0,1.0,0.9,1.0,1.0
1249.9622493675129,1.0,1.0,0.9,1.0,1.0
1258.9254117941675,1.0,1.0,0.9,1.0,1.0
